[28Aug2026 00:19:22.004] [main/INFO] [cpw.mods.modlauncher.Launcher/MODLAUNCHER]: ModLauncher running: args [--launchTarget, forgeserver, --fml.forgeVersion, 43.4.2, --fml.mcVersion, 1.19.2, --fml.forgeGroup, net.minecraftforge, --fml.mcpVersion, 20220805.130853, nogui]
[28Aug2026 00:19:22.010] [main/INFO] [cpw.mods.modlauncher.Launcher/MODLAUNCHER]: ModLauncher 10.0.8+10.0.8+main.0ef7e830 starting: java version 17.0.20 by Ubuntu; OS Linux arch amd64 version 6.8.0-1052-azure
[28Aug2026 00:19:24.342] [main/INFO] [com.teampotato.redirector.Redirector/]: Redirector CoreMod initialized successfully!
[28Aug2026 00:19:24.397] [main/INFO] [mixin/]: SpongePowered MIXIN Subsystem Version=0.8.5 Source=union:/workspaces/otro/servidor_minecraft/libraries/org/spongepowered/mixin/0.8.5/mixin-0.8.5.jar%2363!/ Service=ModLauncher Env=SERVER
[28Aug2026 00:19:25.179] [main/WARN] [net.minecraftforge.fml.loading.moddiscovery.ModFileParser/LOADING]: Mod file /workspaces/otro/servidor_minecraft/libraries/net/minecraftforge/fmlcore/1.19.2-43.4.2/fmlcore-1.19.2-43.4.2.jar is missing mods.toml file
[28Aug2026 00:19:25.181] [main/WARN] [net.minecraftforge.fml.loading.moddiscovery.ModFileParser/LOADING]: Mod file /workspaces/otro/servidor_minecraft/libraries/net/minecraftforge/javafmllanguage/1.19.2-43.4.2/javafmllanguage-1.19.2-43.4.2.jar is missing mods.toml file
[28Aug2026 00:19:25.181] [main/WARN] [net.minecraftforge.fml.loading.moddiscovery.ModFileParser/LOADING]: Mod file /workspaces/otro/servidor_minecraft/libraries/net/minecraftforge/lowcodelanguage/1.19.2-43.4.2/lowcodelanguage-1.19.2-43.4.2.jar is missing mods.toml file
[28Aug2026 00:19:25.182] [main/WARN] [net.minecraftforge.fml.loading.moddiscovery.ModFileParser/LOADING]: Mod file /workspaces/otro/servidor_minecraft/libraries/net/minecraftforge/mclanguage/1.19.2-43.4.2/mclanguage-1.19.2-43.4.2.jar is missing mods.toml file
[28Aug2026 00:19:25.632] [main/WARN] [net.minecraftforge.jarjar.selection.JarSelector/]: Attempted to select a dependency jar for JarJar which was passed in as source: curios. Using Mod File: /workspaces/otro/servidor_minecraft/mods/curios-forge-1.19.2-5.1.6.4.jar
[28Aug2026 00:19:25.632] [main/INFO] [net.minecraftforge.fml.loading.moddiscovery.JarInJarDependencyLocator/]: Found 22 dependencies adding them to mods collection
[28Aug2026 00:19:34.150] [main/INFO] [mixin/]: Compatibility level set to JAVA_17
[28Aug2026 00:19:34.308] [main/ERROR] [mixin/]: Mixin config celestisynth.mixins.json does not specify "minVersion" property
[28Aug2026 00:19:34.363] [main/ERROR] [mixin/]: Mixin config necronomicon.forge.mixins.json does not specify "minVersion" property
[28Aug2026 00:19:34.569] [main/ERROR] [mixin/]: Mixin config azurelib.mixins.json does not specify "minVersion" property
[28Aug2026 00:19:34.673] [main/INFO] [mixin/]: Successfully loaded Mixin Connector [ca.spottedleaf.starlight.mixin.MixinConnector]
[28Aug2026 00:19:34.674] [main/INFO] [mixin/]: Successfully loaded Mixin Connector [com.aizistral.nochatreports.MixinConnector]
[28Aug2026 00:19:34.675] [main/INFO] [mixin/]: Successfully loaded Mixin Connector [com.aizistral.enigmaticlegacy.MixinConnector]
[28Aug2026 00:19:34.677] [main/INFO] [cpw.mods.modlauncher.LaunchServiceHandler/MODLAUNCHER]: Launching target 'forgeserver' with arguments [nogui]
[28Aug2026 00:19:34.698] [main/INFO] [com.abdelaziz.saturn.common.Saturn/]: Loaded Saturn config file with 4 configurable options
[28Aug2026 00:19:34.727] [main/WARN] [mixin/]: Reference map 'nerb-forge-refmap.json' for nerb.mixins.json could not be read. If this is a development environment you can ignore this message
[28Aug2026 00:19:34.824] [main/INFO] [ModernFix/]: Loaded configuration file for ModernFix 5.18.1+mc1.19.2: 87 options available, 2 override(s) found
[28Aug2026 00:19:34.825] [main/WARN] [ModernFix/]: Option 'mixin.bugfix.item_cache_flag' overriden (by mods [canary]) to 'false'
[28Aug2026 00:19:34.825] [main/WARN] [ModernFix/]: Option 'mixin.perf.thread_priorities' overriden (by mods [smoothboot]) to 'false'
[28Aug2026 00:19:34.826] [main/INFO] [ModernFix/]: Applying Nashorn fix
[28Aug2026 00:19:34.842] [main/INFO] [ModernFix/]: Applied Forge config corruption patch
[28Aug2026 00:19:34.857] [main/WARN] [mixin/]: Reference map 'vinery-forge-refmap.json' for vinery.mixins.json could not be read. If this is a development environment you can ignore this message
[28Aug2026 00:19:34.879] [main/INFO] [Embeddium/]: Loaded configuration file for Embeddium: 355 options available, 0 override(s) found
[28Aug2026 00:19:34.884] [main/WARN] [mixin/]: Reference map 'morevillagers-forge-forge-refmap.json' for morevillagers.mixins.json could not be read. If this is a development environment you can ignore this message
[28Aug2026 00:19:34.901] [main/INFO] [com.teampotato.redirector.Redirector/]: Redirecting sc_libs/com/electronwill/nightconfig/core/io/WritingMode
[28Aug2026 00:19:34.903] [main/INFO] [com.teampotato.redirector.Redirector/]: Redirecting sc_libs/com/electronwill/nightconfig/core/io/ParsingMode
[28Aug2026 00:19:34.909] [main/INFO] [com.teampotato.redirector.Redirector/]: Redirecting sc_libs/com/electronwill/nightconfig/core/io/IndentStyle
[28Aug2026 00:19:34.911] [main/INFO] [com.teampotato.redirector.Redirector/]: Redirecting sc_libs/com/electronwill/nightconfig/core/io/NewlineStyle
[28Aug2026 00:19:34.930] [main/INFO] [com.teampotato.redirector.Redirector/]: Redirecting me/wesley1808/servercore/common/config/Config$Table
[28Aug2026 00:19:34.949] [main/WARN] [mixin/]: Reference map 'nitrogen_internals.refmap.json' for nitrogen_internals.mixins.json could not be read. If this is a development environment you can ignore this message
[28Aug2026 00:19:34.959] [main/WARN] [mixin/]: Reference map 'create_questing.refmap.json' for create_questing.mixins.json could not be read. If this is a development environment you can ignore this message
[28Aug2026 00:19:35.050] [main/WARN] [mixin/]: Reference map '${refmap_target}refmap.json' for corgilib.forge.mixins.json could not be read. If this is a development environment you can ignore this message
[28Aug2026 00:19:35.052] [main/WARN] [mixin/]: Reference map 'fastpaintings-forge-refmap.json' for fastpaintings-forge.mixins.json could not be read. If this is a development environment you can ignore this message
[28Aug2026 00:19:35.070] [main/INFO] [com.teampotato.redirector.Redirector/]: Redirecting com/illusivesoulworks/polymorph/common/integration/PolymorphIntegrations$Mod
[28Aug2026 00:19:35.071] [main/INFO] [com.teampotato.redirector.Redirector/]: Redirecting com/illusivesoulworks/polymorph/common/integration/PolymorphIntegrations$Loader
[28Aug2026 00:19:35.102] [main/WARN] [CanaryConfig/]: Mod 'pluto' attempted to override option 'mixin.world.player_chunk_tick', which doesn't exist, ignoring
[28Aug2026 00:19:35.105] [main/INFO] [Canary/]: Loaded configuration file for Canary: 117 options available, 1 override(s) found
[28Aug2026 00:19:35.130] [main/WARN] [mixin/]: Reference map 'tlc.refmap.json' for tlc.mixins.json could not be read. If this is a development environment you can ignore this message
[28Aug2026 00:19:35.162] [main/WARN] [mixin/]: Reference map 'insanelib.refmap.json' for insanelib.mixins.json could not be read. If this is a development environment you can ignore this message
[28Aug2026 00:19:35.177] [main/WARN] [mixin/]: Reference map 'Bakery-forge-refmap.json' for bakery.mixins.json could not be read. If this is a development environment you can ignore this message
[28Aug2026 00:19:35.199] [main/INFO] [com.teampotato.redirector.Redirector/]: Redirecting com/llamalad7/mixinextras/service/MixinExtrasVersion
[28Aug2026 00:19:35.205] [main/INFO] [com.teampotato.redirector.Redirector/]: Redirecting com/llamalad7/mixinextras/lib/semver/VersionParser$CharType
[28Aug2026 00:19:35.248] [main/WARN] [mixin/]: Reference map 'dummmmmmy-forge-refmap.json' for dummmmmmy.mixins.json could not be read. If this is a development environment you can ignore this message
[28Aug2026 00:19:35.308] [main/WARN] [mixin/]: Reference map 'smallships-forge-refmap.json' for smallships.mixins.json could not be read. If this is a development environment you can ignore this message
[28Aug2026 00:19:35.311] [main/WARN] [mixin/]: Reference map 'polylib-forge-refmap.json' for polylib-forge.mixins.json could not be read. If this is a development environment you can ignore this message
[28Aug2026 00:19:35.322] [main/WARN] [mixin/]: Reference map 'octolib.refmap.json' for octolib.mixins.json could not be read. If this is a development environment you can ignore this message
[28Aug2026 00:19:35.342] [main/WARN] [mixin/]: Reference map 'simplyswords-common-refmap.json' for simplyswords-common.mixins.json could not be read. If this is a development environment you can ignore this message
[28Aug2026 00:19:35.343] [main/WARN] [mixin/]: Reference map 'simplyswords-forge-refmap.json' for simplyswords.mixins.json could not be read. If this is a development environment you can ignore this message
[28Aug2026 00:19:35.366] [main/WARN] [mixin/]: Reference map 'mes-forge-refmap.json' for mes-forge.mixins.json could not be read. If this is a development environment you can ignore this message
[28Aug2026 00:19:35.369] [main/WARN] [mixin/]: Reference map 'immersive_paintings-common-refmap.json' for immersive_paintings.mixin.json could not be read. If this is a development environment you can ignore this message
[28Aug2026 00:19:35.388] [main/INFO] [com.teampotato.redirector.Redirector/]: Redirecting malte0811/ferritecore/mixin/config/FerriteMixinConfig$LithiumSupportState
[28Aug2026 00:19:35.410] [main/INFO] [BadOptimizations/]: Loading config from /workspaces/otro/servidor_minecraft/config/badoptimizations.txt
[28Aug2026 00:19:35.411] [main/INFO] [BadOptimizations/]: Config version: 3
[28Aug2026 00:19:35.411] [main/INFO] [BadOptimizations/]: BadOptimizations config dump:
[28Aug2026 00:19:35.411] [main/INFO] [BadOptimizations/]: enable_toast_optimizations: true
[28Aug2026 00:19:35.411] [main/INFO] [BadOptimizations/]: ignore_mod_incompatibilities: false
[28Aug2026 00:19:35.412] [main/INFO] [BadOptimizations/]: lightmap_time_change_needed_for_update: 80
[28Aug2026 00:19:35.412] [main/INFO] [BadOptimizations/]: enable_lightmap_caching: true
[28Aug2026 00:19:35.412] [main/INFO] [BadOptimizations/]: enable_particle_manager_optimization: true
[28Aug2026 00:19:35.412] [main/INFO] [BadOptimizations/]: enable_entity_renderer_caching: true
[28Aug2026 00:19:35.412] [main/INFO] [BadOptimizations/]: log_config: true
[28Aug2026 00:19:35.412] [main/INFO] [BadOptimizations/]: enable_remove_redundant_fov_calculations: true
[28Aug2026 00:19:35.412] [main/INFO] [BadOptimizations/]: config_version: 3
[28Aug2026 00:19:35.412] [main/INFO] [BadOptimizations/]: enable_sky_angle_caching_in_worldrenderer: true
[28Aug2026 00:19:35.412] [main/INFO] [BadOptimizations/]: enable_block_entity_renderer_caching: true
[28Aug2026 00:19:35.412] [main/INFO] [BadOptimizations/]: skycolor_time_change_needed_for_update: 3
[28Aug2026 00:19:35.413] [main/INFO] [BadOptimizations/]: enable_entity_flag_caching: true
[28Aug2026 00:19:35.413] [main/INFO] [BadOptimizations/]: enable_debug_renderer_disable_if_not_needed: true
[28Aug2026 00:19:35.413] [main/INFO] [BadOptimizations/]: enable_sky_color_caching: true
[28Aug2026 00:19:35.413] [main/INFO] [BadOptimizations/]: enable_remove_tutorial_if_not_demo: true
[28Aug2026 00:19:35.413] [main/INFO] [BadOptimizations/]: show_f3_text: true
[28Aug2026 00:19:35.413] [main/INFO] [BadOptimizations/]: Disabled entity_renderer_caching because Twilight Forest is present
[28Aug2026 00:19:35.432] [main/INFO] [dev.tonimatas.packetfixer.mixins.v1_19_forge.MixinPlugin/]: Packet Fixer forge 1.19-1.19.2 has been applied successfully.
[28Aug2026 00:19:35.768] [main/INFO] [net.minecraftforge.coremod.CoreMod.placebo/COREMODLOG]: Patching IForgeItemStack#getEnchantmentLevel
[28Aug2026 00:19:35.776] [main/INFO] [net.minecraftforge.coremod.CoreMod.placebo/COREMODLOG]: Patching IForgeItemStack#getEnchantmentLevel
[28Aug2026 00:19:35.869] [main/WARN] [mixin/]: Error loading class: com/simibubi/create/content/contraptions/components/fan/AirCurrent (java.lang.ClassNotFoundException: com.simibubi.create.content.contraptions.components.fan.AirCurrent)
[28Aug2026 00:19:36.249] [main/INFO] [net.minecraftforge.coremod.CoreMod.apotheosis/COREMODLOG]: Replaced 2 calls to Enchantment#getMaxLevel() in net/minecraft/world/inventory/AnvilMenu
[28Aug2026 00:19:36.265] [main/INFO] [net.minecraftforge.coremod.CoreMod.placebo/COREMODLOG]: Patching IForgeItemStack#getEnchantmentLevel
[28Aug2026 00:19:36.266] [main/INFO] [net.minecraftforge.coremod.CoreMod.placebo/COREMODLOG]: Patching IForgeItemStack#getEnchantmentLevel
[28Aug2026 00:19:36.301] [main/WARN] [mixin/]: Error loading class: vazkii/neat/HealthBarRenderer (java.lang.ClassNotFoundException: vazkii.neat.HealthBarRenderer)
[28Aug2026 00:19:36.301] [main/WARN] [mixin/]: @Mixin target vazkii.neat.HealthBarRenderer was not found autoleveling.mixins.json:neat/HealthBarRendererMixin
[28Aug2026 00:19:36.562] [main/INFO] [net.minecraftforge.coremod.CoreMod.apotheosis/COREMODLOG]: Patching FishingHook#catchingFish
[28Aug2026 00:19:36.837] [main/WARN] [mixin/]: Error loading class: tfar/davespotioneering/blockentity/AdvancedBrewingStandBlockEntity (java.lang.ClassNotFoundException: tfar.davespotioneering.blockentity.AdvancedBrewingStandBlockEntity)
[28Aug2026 00:19:36.837] [main/WARN] [mixin/]: @Mixin target tfar.davespotioneering.blockentity.AdvancedBrewingStandBlockEntity was not found itemproductionlib.mixins.json:davespotioneering/AdvancedBrewingStandBlockEntityMixin
[28Aug2026 00:19:36.842] [main/WARN] [mixin/]: Error loading class: fuzs/visualworkbench/world/inventory/ModCraftingMenu (java.lang.ClassNotFoundException: fuzs.visualworkbench.world.inventory.ModCraftingMenu)
[28Aug2026 00:19:36.843] [main/WARN] [mixin/]: @Mixin target fuzs.visualworkbench.world.inventory.ModCraftingMenu was not found itemproductionlib.mixins.json:visualworkbench/ModCraftingMenuMixin
[28Aug2026 00:19:36.894] [main/WARN] [Canary/]: Force-disabling mixin 'entity.collisions.suffocation.EntityMixin' as rule 'mixin.entity.collisions.suffocation' (added by user configuration) disables it and children
[28Aug2026 00:19:37.109] [main/INFO] [com.cupboard.Cupboard/]: Loaded config for: recipeessentials.json
[28Aug2026 00:19:37.149] [main/INFO] [com.cupboard.Cupboard/]: Loaded config for: structureessentials.json
[28Aug2026 00:19:37.194] [main/INFO] [com.teampotato.redirector.Redirector/]: Redirecting com/railwayteam/railways/compat/Mods
[28Aug2026 00:19:37.411] [main/WARN] [mixin/]: Error loading class: de/maxhenkel/voicechat/voice/server/ServerWorldUtils (java.lang.ClassNotFoundException: de.maxhenkel.voicechat.voice.server.ServerWorldUtils)
[28Aug2026 00:19:37.416] [main/WARN] [mixin/]: @Mixin target de.maxhenkel.voicechat.voice.server.ServerWorldUtils was not found railways-common.mixins.json:compat.voicechat.ServerWorldUtilsMixin
[28Aug2026 00:19:37.496] [main/WARN] [mixin/]: Error loading class: shadows/apotheosis/ench/table/ApothEnchantContainer (java.lang.ClassNotFoundException: shadows.apotheosis.ench.table.ApothEnchantContainer)
[28Aug2026 00:19:37.497] [main/WARN] [mixin/]: @Mixin target shadows.apotheosis.ench.table.ApothEnchantContainer was not found origins_classes.mixins.json:common.apotheosis.ApotheosisEnchantmentMenuMixin
[28Aug2026 00:19:37.501] [main/WARN] [mixin/]: Error loading class: se/mickelus/tetra/blocks/workbench/WorkbenchTile (java.lang.ClassNotFoundException: se.mickelus.tetra.blocks.workbench.WorkbenchTile)
[28Aug2026 00:19:37.501] [main/WARN] [mixin/]: @Mixin target se.mickelus.tetra.blocks.workbench.WorkbenchTile was not found origins_classes.mixins.json:common.tetra.WorkbenchTileMixin
[28Aug2026 00:19:37.538] [main/WARN] [mixin/]: Error loading class: net/minecraft/client/renderer/entity/PhantomRenderer (java.lang.ClassNotFoundException: net.minecraft.client.renderer.entity.PhantomRenderer)
[28Aug2026 00:19:37.538] [main/WARN] [mixin/]: @Mixin target net.minecraft.client.renderer.entity.PhantomRenderer was not found mixins.deeperdarker.json:PhantomRendererMixin
[28Aug2026 00:19:37.558] [main/INFO] [com.teampotato.redirector.Redirector/]: Redirecting com/copycatsplus/copycats/compat/Mods
[28Aug2026 00:19:37.578] [main/WARN] [mixin/]: Error loading class: me/jellysquid/mods/sodium/client/render/chunk/compile/pipeline/BlockOcclusionCache (java.lang.ClassNotFoundException: me.jellysquid.mods.sodium.client.render.chunk.compile.pipeline.BlockOcclusionCache)
[28Aug2026 00:19:37.846] [main/WARN] [mixin/]: Error loading class: net/minecraft/client/gui/screens/controls/ControlsScreen (java.lang.ClassNotFoundException: net.minecraft.client.gui.screens.controls.ControlsScreen)
[28Aug2026 00:19:37.846] [main/WARN] [mixin/]: @Mixin target net.minecraft.client.gui.screens.controls.ControlsScreen was not found visual_keybinder.mixins.json:ControlsScreenMixin
[28Aug2026 00:19:37.876] [main/WARN] [mixin/]: Error loading class: fuzs/easymagic/world/inventory/ModEnchantmentMenu (java.lang.ClassNotFoundException: fuzs.easymagic.world.inventory.ModEnchantmentMenu)
[28Aug2026 00:19:37.876] [main/WARN] [mixin/]: @Mixin target fuzs.easymagic.world.inventory.ModEnchantmentMenu was not found skilltree.mixins.json:easymagic/ModEnchantmentMenuMixin
[28Aug2026 00:19:37.984] [main/INFO] [net.minecraftforge.coremod.CoreMod.apotheosis/COREMODLOG]: Replaced 1 calls to Enchantment#getMaxLevel() in net/minecraft/world/entity/npc/VillagerTrades$EnchantBookForEmeralds
[28Aug2026 00:19:37.985] [main/INFO] [net.minecraftforge.coremod.CoreMod.apotheosis/COREMODLOG]: Replaced 1 calls to Enchantment#isTreasureOnly() in net/minecraft/world/entity/npc/VillagerTrades$EnchantBookForEmeralds
[28Aug2026 00:19:37.985] [main/INFO] [net.minecraftforge.coremod.CoreMod.apotheosis/COREMODLOG]: Replaced 1 calls to Enchantment#isTradeable() in net/minecraft/world/entity/npc/VillagerTrades$EnchantBookForEmeralds
[28Aug2026 00:19:38.003] [main/INFO] [net.minecraftforge.coremod.CoreMod.apotheosis/COREMODLOG]: Replaced 2 calls to Enchantment#getMaxLevel() in net/minecraft/world/item/EnchantedBookItem
[28Aug2026 00:19:38.044] [main/INFO] [net.minecraftforge.coremod.CoreMod.apotheosis/COREMODLOG]: Replaced 1 calls to Enchantment#getMaxLevel() in net/minecraft/world/level/storage/loot/functions/EnchantRandomlyFunction
[28Aug2026 00:19:38.045] [main/INFO] [net.minecraftforge.coremod.CoreMod.apotheosis/COREMODLOG]: Replaced 1 calls to Enchantment#isDiscoverable() in net/minecraft/world/level/storage/loot/functions/EnchantRandomlyFunction
[28Aug2026 00:19:38.171] [main/WARN] [mixin/]: Error loading class: net/darkhax/darkutils/features/charms/CharmEffects (java.lang.ClassNotFoundException: net.darkhax.darkutils.features.charms.CharmEffects)
[28Aug2026 00:19:38.174] [main/WARN] [mixin/]: Error loading class: com/brandon3055/csg/ModEventHandler (java.lang.ClassNotFoundException: com.brandon3055.csg.ModEventHandler)
[28Aug2026 00:19:38.198] [main/INFO] [memoryleakfix/]: [MemoryLeakFix] Will be applying 2 memory leak fixes!
[28Aug2026 00:19:38.198] [main/INFO] [memoryleakfix/]: [MemoryLeakFix] Currently enabled memory leak fixes: [entityMemoriesLeak, biomeTemperatureLeak]
[28Aug2026 00:19:38.701] [main/INFO] [MixinExtras|Service/]: Initializing MixinExtras via com.llamalad7.mixinextras.service.MixinExtrasServiceImpl(version=0.5.0).
[28Aug2026 00:19:38.702] [main/WARN] [MixinExtras|Service/]: Found problematic active MixinExtras instance at ca.fxco.memoryleakfix.mixinextras (version 0.2.0-beta.6)
[28Aug2026 00:19:38.703] [main/WARN] [MixinExtras|Service/]: Versions from 0.2.0-beta.1 to 0.2.0-beta.9 have limited support and it is strongly recommended to update.
[28Aug2026 00:19:39.181] [main/INFO] [mixin/]: Mixing server.MixinDedicatedServer from nochatreports.mixins.json into net.minecraft.server.dedicated.DedicatedServer
[28Aug2026 00:19:39.281] [main/INFO] [Smooth Boot (Reloaded)/]: Smooth Boot (Reloaded) config initialized
[28Aug2026 00:19:39.285] [main/INFO] [com.teampotato.redirector.Redirector/]: Redirecting net/minecraft/util/datafix/DataFixerOptimizationOption
[28Aug2026 00:19:39.307] [main/INFO] [com.teampotato.redirector.Redirector/]: Redirecting net/minecraft/util/Unit
[28Aug2026 00:19:39.363] [main/INFO] [com.teampotato.redirector.Redirector/]: Redirecting net/minecraft/ChatFormatting
[28Aug2026 00:19:39.485] [main/WARN] [mixin/]: Static binding violation: PRIVATE @Overwrite method m_216202_ in modernfix-forge.mixins.json:perf.tag_id_caching.TagOrElementLocationMixin cannot reduce visibiliy of PUBLIC target method, visibility will be upgraded.
[28Aug2026 00:19:39.707] [main/INFO] [net.minecraft.server.Bootstrap/]: ModernFix reached bootstrap stage (20.45 s after launch)
[28Aug2026 00:19:39.767] [main/INFO] [com.teampotato.redirector.Redirector/]: Redirecting net/minecraft/Util$IdentityStrategy
[28Aug2026 00:19:39.776] [main/INFO] [com.teampotato.redirector.Redirector/]: Redirecting net/minecraft/core/Holder$Reference$Type
[28Aug2026 00:19:39.823] [main/WARN] [mixin/]: @Final field delegatesByName:Ljava/util/Map; in modernfix-forge.mixins.json:perf.forge_registry_alloc.ForgeRegistryMixin should be final
[28Aug2026 00:19:39.823] [main/WARN] [mixin/]: @Final field delegatesByValue:Ljava/util/Map; in modernfix-forge.mixins.json:perf.forge_registry_alloc.ForgeRegistryMixin should be final
[28Aug2026 00:19:40.572] [main/INFO] [mixin/]: Mixing server.MixinPlayer from nochatreports.mixins.json into net.minecraft.world.entity.player.Player
[28Aug2026 00:19:40.625] [main/INFO] [mixin/]: Mixing MixinPlayer from enigmaticlegacy.mixins.json into net.minecraft.world.entity.player.Player
[28Aug2026 00:19:41.041] [main/INFO] [mixin/]: Mixing MixinLivingEntity from enigmaticlegacy.mixins.json into net.minecraft.world.entity.LivingEntity
[28Aug2026 00:19:41.081] [main/WARN] [mixin/]: @Final field f_20945_:Ljava/util/Map; in vinery-common.mixins.json:LivingEntityMixin should be final
[28Aug2026 00:19:41.376] [main/INFO] [ModernFix/]: Injecting BlockStateBase cache population hook into getOpacityIfCached from ca.spottedleaf.starlight.mixin.common.blockstate.BlockStateBaseMixin
[28Aug2026 00:19:41.376] [main/INFO] [ModernFix/]: Injecting BlockStateBase cache population hook into getNeighborPathNodeType from com.abdelaziz.canary.mixin.ai.pathing.BlockStateBaseMixin
[28Aug2026 00:19:41.376] [main/INFO] [ModernFix/]: Injecting BlockStateBase cache population hook into getPathNodeType from com.abdelaziz.canary.mixin.ai.pathing.BlockStateBaseMixin
[28Aug2026 00:19:41.376] [main/INFO] [ModernFix/]: Injecting BlockStateBase cache population hook into m_60823_ from com.abdelaziz.canary.mixin.block.flatten_states.BlockStateBaseMixin
[28Aug2026 00:19:41.376] [main/INFO] [ModernFix/]: Injecting BlockStateBase cache population hook into isConditionallyFullOpaque from ca.spottedleaf.starlight.mixin.common.blockstate.BlockStateBaseMixin
[28Aug2026 00:19:41.865] [main/INFO] [mixin/]: Mixing MixinMobEffect from enigmaticlegacy.mixins.json into net.minecraft.world.effect.MobEffect
[28Aug2026 00:19:42.552] [main/INFO] [com.teampotato.redirector.Redirector/]: Redirecting net/minecraft/core/Direction
[28Aug2026 00:19:42.554] [main/INFO] [com.teampotato.redirector.Redirector/]: Redirecting net/minecraft/core/Direction$AxisDirection
[28Aug2026 00:19:42.554] [main/INFO] [com.teampotato.redirector.Redirector/]: Redirecting net/minecraft/core/Direction$Axis
[28Aug2026 00:19:42.589] [main/INFO] [com.teampotato.redirector.Redirector/]: Redirecting net/minecraft/world/level/material/PushReaction
[28Aug2026 00:19:42.640] [main/INFO] [com.teampotato.redirector.Redirector/]: Redirecting net/minecraft/world/level/block/state/BlockBehaviour$OffsetType
[28Aug2026 00:19:42.680] [main/INFO] [com.teampotato.redirector.Redirector/]: Redirecting net/minecraft/core/Direction$Plane
[28Aug2026 00:19:42.682] [main/INFO] [com.teampotato.redirector.Redirector/]: Redirecting net/minecraft/core/FrontAndTop
[28Aug2026 00:19:42.741] [main/INFO] [com.teampotato.redirector.Redirector/]: Redirecting net/minecraft/world/level/block/state/properties/AttachFace
[28Aug2026 00:19:42.742] [main/INFO] [com.teampotato.redirector.Redirector/]: Redirecting net/minecraft/world/level/block/state/properties/BellAttachType
[28Aug2026 00:19:42.742] [main/INFO] [com.teampotato.redirector.Redirector/]: Redirecting net/minecraft/world/level/block/state/properties/WallSide
[28Aug2026 00:19:42.743] [main/INFO] [com.teampotato.redirector.Redirector/]: Redirecting net/minecraft/world/level/block/state/properties/RedstoneSide
[28Aug2026 00:19:42.744] [main/INFO] [com.teampotato.redirector.Redirector/]: Redirecting net/minecraft/world/level/block/state/properties/DoubleBlockHalf
[28Aug2026 00:19:42.745] [main/INFO] [com.teampotato.redirector.Redirector/]: Redirecting net/minecraft/world/level/block/state/properties/Half
[28Aug2026 00:19:42.745] [main/INFO] [com.teampotato.redirector.Redirector/]: Redirecting net/minecraft/world/level/block/state/properties/RailShape
[28Aug2026 00:19:42.748] [main/INFO] [com.teampotato.redirector.Redirector/]: Redirecting net/minecraft/world/level/block/state/properties/BedPart
[28Aug2026 00:19:42.749] [main/INFO] [com.teampotato.redirector.Redirector/]: Redirecting net/minecraft/world/level/block/state/properties/ChestType
[28Aug2026 00:19:42.750] [main/INFO] [com.teampotato.redirector.Redirector/]: Redirecting net/minecraft/world/level/block/state/properties/ComparatorMode
[28Aug2026 00:19:42.751] [main/INFO] [com.teampotato.redirector.Redirector/]: Redirecting net/minecraft/world/level/block/state/properties/DoorHingeSide
[28Aug2026 00:19:42.752] [main/INFO] [com.teampotato.redirector.Redirector/]: Redirecting net/minecraft/world/level/block/state/properties/NoteBlockInstrument
[28Aug2026 00:19:42.753] [main/INFO] [com.teampotato.redirector.Redirector/]: Redirecting net/minecraft/world/level/block/state/properties/PistonType
[28Aug2026 00:19:42.754] [main/INFO] [com.teampotato.redirector.Redirector/]: Redirecting net/minecraft/world/level/block/state/properties/SlabType
[28Aug2026 00:19:42.755] [main/INFO] [com.teampotato.redirector.Redirector/]: Redirecting net/minecraft/world/level/block/state/properties/StairsShape
[28Aug2026 00:19:42.755] [main/INFO] [com.teampotato.redirector.Redirector/]: Redirecting net/minecraft/world/level/block/state/properties/StructureMode
[28Aug2026 00:19:42.756] [main/INFO] [com.teampotato.redirector.Redirector/]: Redirecting net/minecraft/world/level/block/state/properties/BambooLeaves
[28Aug2026 00:19:42.757] [main/INFO] [com.teampotato.redirector.Redirector/]: Redirecting net/minecraft/world/level/block/state/properties/Tilt
[28Aug2026 00:19:42.758] [main/INFO] [com.teampotato.redirector.Redirector/]: Redirecting net/minecraft/world/level/block/state/properties/DripstoneThickness
[28Aug2026 00:19:42.758] [main/INFO] [com.teampotato.redirector.Redirector/]: Redirecting net/minecraft/world/level/block/state/properties/SculkSensorPhase
[28Aug2026 00:19:42.845] [main/INFO] [net.minecraft.server.Bootstrap/]: Vanilla bootstrap took 3134 milliseconds
[28Aug2026 00:19:42.924] [main/INFO] [com.teampotato.redirector.Redirector/]: Redirecting net/minecraftforge/network/NetworkDirection
[28Aug2026 00:19:42.970] [main/WARN] [mixin/]: @ModifyConstant conflict. Skipping connectivity.mixins.json:ClientBoundCustomPayloadPacketLMixin->@ModifyConstant::modifyLimit(I)I with priority 1, already redirected by packetfixer.v1_19.forge.mixins.json:v1_19_forge.ClientboundCustomPayloadPacketMixin->@ModifyConstant::packetfixer$newSize(I)I with priority 1000
[28Aug2026 00:19:42.971] [main/WARN] [mixin/]: @ModifyConstant conflict. Skipping connectivity.mixins.json:ClientBoundCustomPayloadPacketLMixin->@ModifyConstant::modifyLimit(I)I with priority 1, already redirected by packetfixer.v1_19.forge.mixins.json:v1_19_forge.ClientboundCustomPayloadPacketMixin->@ModifyConstant::packetfixer$newSize(I)I with priority 1000
[28Aug2026 00:19:43.044] [main/INFO] [com.teampotato.redirector.Redirector/]: Redirecting net/minecraft/world/item/DyeColor
[28Aug2026 00:19:43.224] [main/INFO] [com.teampotato.redirector.Redirector/]: Redirecting net/minecraft/core/AxisCycle
[28Aug2026 00:19:43.300] [main/INFO] [com.teampotato.redirector.Redirector/]: Redirecting net/minecraft/world/effect/MobEffectCategory
[28Aug2026 00:19:43.305] [main/INFO] [com.teampotato.redirector.Redirector/]: Redirecting net/minecraft/world/entity/ai/attributes/AttributeModifier$Operation
[28Aug2026 00:19:43.518] [main/INFO] [com.teampotato.redirector.Redirector/]: Redirecting net/minecraft/world/level/block/PressurePlateBlock$Sensitivity
[28Aug2026 00:19:43.565] [main/WARN] [mixin/]: Method overwrite conflict for getMobSpawnType in takesapillage.mixins.json:MobRememberSpawnReasonMixin, previously written by com.majruszlibrary.mixin.MixinMob. Skipping method.
[28Aug2026 00:19:43.643] [main/INFO] [com.teampotato.redirector.Redirector/]: Redirecting net/minecraft/world/level/block/MultifaceSpreader$SpreadType
[28Aug2026 00:19:43.658] [main/INFO] [mixin/]: Mixing MixinEnchantmentContainer from enigmaticlegacy.mixins.json into net.minecraft.world.inventory.EnchantmentMenu
[28Aug2026 00:19:43.658] [main/INFO] [mixin/]: Renaming synthetic method lambda$onEnchantedItem$0(Lnet/minecraft/world/item/ItemStack;Lnet/minecraft/world/inventory/EnchantmentMenu;ILnet/minecraft/world/entity/player/Player;ILnet/minecraft/world/level/Level;Lnet/minecraft/core/BlockPos;)V to md6c0f95$lambda$onEnchantedItem$0$0 in enigmaticlegacy.mixins.json:MixinEnchantmentContainer
[28Aug2026 00:19:43.686] [main/INFO] [com.teampotato.redirector.Redirector/]: Redirecting net/minecraft/world/InteractionHand
[28Aug2026 00:19:43.792] [main/INFO] [net.minecraftforge.coremod.CoreMod.apotheosis/COREMODLOG]: Replaced 5 calls to Enchantment#getMaxLevel() in vazkii/quark/content/tools/module/AncientTomesModule
[28Aug2026 00:19:43.798] [main/INFO] [mixin/]: Mixing MixinItemStack from enigmaticlegacy.mixins.json into net.minecraft.world.item.ItemStack
[28Aug2026 00:19:43.837] [main/INFO] [net.minecraftforge.coremod.CoreMod.placebo/COREMODLOG]: Patching IForgeItemStack#getEnchantmentLevel
[28Aug2026 00:19:43.838] [main/INFO] [net.minecraftforge.coremod.CoreMod.placebo/COREMODLOG]: Patching IForgeItemStack#getEnchantmentLevel
[28Aug2026 00:19:43.844] [main/INFO] [com.teampotato.redirector.Redirector/]: Redirecting net/minecraft/world/InteractionResult
[28Aug2026 00:19:43.846] [main/INFO] [com.teampotato.redirector.Redirector/]: Redirecting net/minecraft/world/level/biome/Biome$Precipitation
[28Aug2026 00:19:43.898] [main/INFO] [com.teampotato.redirector.Redirector/]: Redirecting net/minecraft/world/level/block/SkullBlock$Types
[28Aug2026 00:19:43.952] [main/INFO] [net.minecraftforge.coremod.CoreMod.apotheosis/COREMODLOG]: Replaced 2 calls to Enchantment#getMaxLevel() in net/minecraft/world/inventory/AnvilMenu
[28Aug2026 00:19:43.955] [main/INFO] [net.minecraftforge.coremod.CoreMod.apotheosis/COREMODLOG]: Replaced 1 calls to Enchantment#getMaxLevel() in com/mrcrayfish/goblintraders/Hooks
[28Aug2026 00:19:44.306] [main/INFO] [com.teampotato.redirector.Redirector/]: Redirecting net/minecraft/world/level/block/WeatheringCopper$WeatherState
[28Aug2026 00:19:44.375] [main/INFO] [com.teampotato.redirector.Redirector/]: Redirecting net/minecraft/core/Holder$Kind
[28Aug2026 00:19:44.536] [main/INFO] [com.teampotato.redirector.Redirector/]: Redirecting net/minecraft/world/level/levelgen/Heightmap$Types
[28Aug2026 00:19:44.537] [main/INFO] [com.teampotato.redirector.Redirector/]: Redirecting net/minecraft/world/level/levelgen/Heightmap$Usage
[28Aug2026 00:19:44.586] [main/INFO] [com.teampotato.redirector.Redirector/]: Redirecting net/minecraft/world/level/levelgen/placement/CaveSurface
[28Aug2026 00:19:44.673] [main/INFO] [com.teampotato.redirector.Redirector/]: Redirecting net/minecraft/world/entity/MobCategory
[28Aug2026 00:19:44.712] [main/INFO] [mixin/]: Mixing AccessorAbstractArrowEntity from enigmaticlegacy.mixins.json into net.minecraft.world.entity.projectile.AbstractArrow
[28Aug2026 00:19:45.012] [main/INFO] [com.teampotato.redirector.Redirector/]: Redirecting net/minecraft/world/entity/ai/goal/Goal$Flag
[28Aug2026 00:19:45.025] [main/INFO] [mixin/]: Mixing MixinEnderDragon from enigmaticlegacy.mixins.json into net.minecraft.world.entity.boss.enderdragon.EnderDragon
[28Aug2026 00:19:45.026] [main/INFO] [mixin/]: Renaming synthetic method lambda$onTickDeath$0(Lnet/minecraft/server/level/ServerPlayer;)V to md6c0f95$lambda$onTickDeath$0$0 in enigmaticlegacy.mixins.json:MixinEnderDragon
[28Aug2026 00:19:45.468] [main/INFO] [mixin/]: Mixing MixinShulker from enigmaticlegacy.mixins.json into net.minecraft.world.entity.monster.Shulker
[28Aug2026 00:19:45.608] [main/INFO] [com.teampotato.redirector.Redirector/]: Redirecting net/minecraft/world/entity/Pose
[28Aug2026 00:19:45.645] [main/INFO] [com.teampotato.redirector.Redirector/]: Redirecting net/minecraft/world/entity/EquipmentSlot
[28Aug2026 00:19:45.646] [main/INFO] [com.teampotato.redirector.Redirector/]: Redirecting net/minecraft/world/entity/EquipmentSlot$Type
[28Aug2026 00:19:45.790] [main/INFO] [mixin/]: Mixing MixinVillagerEntity from enigmaticlegacy.mixins.json into net.minecraft.world.entity.npc.Villager
[28Aug2026 00:19:45.791] [main/INFO] [mixin/]: Mixing MixinVillager from enigmaticlegacy.mixins.json into net.minecraft.world.entity.npc.Villager
[28Aug2026 00:19:45.926] [main/INFO] [net.minecraftforge.coremod.CoreMod.apotheosis/COREMODLOG]: Patching FishingHook#catchingFish
[28Aug2026 00:19:46.078] [main/WARN] [mixin/]: @Redirect conflict. Skipping servercore.common.mixins.json:optimizations.ticking.chunk.cache.ServerChunkCacheMixin->@Redirect::servercore$noList(I)Ljava/util/ArrayList; with priority 900, already redirected by canary.mixins.json:alloc.chunk_ticking.ServerChunkCacheMixin->@Redirect::redirectChunksListClone(I)Ljava/util/ArrayList; with priority 1000
[28Aug2026 00:19:46.159] [main/INFO] [com.teampotato.redirector.Redirector/]: Redirecting net/minecraft/world/level/levelgen/GenerationStep$Carving
[28Aug2026 00:19:46.188] [main/INFO] [com.teampotato.redirector.Redirector/]: Redirecting net/minecraft/world/level/levelgen/structure/StructureSpawnOverride$BoundingBoxType
[28Aug2026 00:19:46.196] [main/INFO] [com.teampotato.redirector.Redirector/]: Redirecting net/minecraft/world/level/levelgen/GenerationStep$Decoration
[28Aug2026 00:19:46.198] [main/INFO] [com.teampotato.redirector.Redirector/]: Redirecting net/minecraft/world/level/levelgen/structure/TerrainAdjustment
[28Aug2026 00:19:46.222] [main/INFO] [com.teampotato.redirector.Redirector/]: Redirecting net/minecraft/world/level/levelgen/structure/pools/StructureTemplatePool$Projection
[28Aug2026 00:19:46.250] [main/INFO] [com.teampotato.redirector.Redirector/]: Redirecting net/minecraft/world/level/levelgen/structure/structures/MineshaftStructure$Type
[28Aug2026 00:19:46.283] [main/INFO] [com.teampotato.redirector.Redirector/]: Redirecting net/minecraft/world/level/levelgen/structure/structures/OceanRuinStructure$Type
[28Aug2026 00:19:46.300] [main/INFO] [com.teampotato.redirector.Redirector/]: Redirecting net/minecraft/world/level/block/entity/JigsawBlockEntity$JointType
[28Aug2026 00:19:46.321] [main/INFO] [com.teampotato.redirector.Redirector/]: Redirecting net/minecraft/world/level/levelgen/structure/structures/RuinedPortalPiece$VerticalPlacement
[28Aug2026 00:19:46.330] [main/INFO] [com.teampotato.redirector.Redirector/]: Redirecting net/minecraft/world/level/levelgen/structure/placement/StructurePlacement$FrequencyReductionMethod
[28Aug2026 00:19:46.334] [main/INFO] [com.teampotato.redirector.Redirector/]: Redirecting net/minecraft/world/level/levelgen/structure/placement/RandomSpreadType
[28Aug2026 00:19:46.358] [main/WARN] [mixin/]: Static binding violation: PRIVATE @Overwrite method m_47505_ in modernfix-common.mixins.json:perf.remove_biome_temperature_cache.BiomeMixin cannot reduce visibiliy of PUBLIC target method, visibility will be upgraded.
[28Aug2026 00:19:46.369] [main/INFO] [com.teampotato.redirector.Redirector/]: Redirecting net/minecraft/world/level/biome/Biome$TemperatureModifier
[28Aug2026 00:19:46.372] [main/INFO] [com.teampotato.redirector.Redirector/]: Redirecting net/minecraft/world/level/biome/BiomeSpecialEffects$GrassColorModifier
[28Aug2026 00:19:46.437] [main/INFO] [com.teampotato.redirector.Redirector/]: Redirecting net/minecraft/world/level/levelgen/DensityFunctions$Marker$Type
[28Aug2026 00:19:46.455] [main/INFO] [com.teampotato.redirector.Redirector/]: Redirecting net/minecraft/world/level/levelgen/DensityFunctions$Mapped$Type
[28Aug2026 00:19:46.458] [main/INFO] [com.teampotato.redirector.Redirector/]: Redirecting net/minecraft/world/level/levelgen/DensityFunctions$MulOrAdd$Type
[28Aug2026 00:19:46.459] [main/INFO] [com.teampotato.redirector.Redirector/]: Redirecting net/minecraft/world/level/levelgen/DensityFunctions$TwoArgumentSimpleFunction$Type
[28Aug2026 00:19:46.485] [main/INFO] [com.teampotato.redirector.Redirector/]: Redirecting net/minecraft/world/level/levelgen/DensityFunctions$BlendOffset
[28Aug2026 00:19:46.486] [main/INFO] [com.teampotato.redirector.Redirector/]: Redirecting net/minecraft/world/level/levelgen/DensityFunctions$BlendAlpha
[28Aug2026 00:19:46.493] [main/INFO] [com.teampotato.redirector.Redirector/]: Redirecting net/minecraft/world/level/levelgen/DensityFunctions$WeirdScaledSampler$RarityValueMapper
[28Aug2026 00:19:46.525] [main/INFO] [com.teampotato.redirector.Redirector/]: Redirecting net/minecraft/world/level/levelgen/OreVeinifier$VeinType
[28Aug2026 00:19:46.539] [main/INFO] [com.teampotato.redirector.Redirector/]: Redirecting net/minecraft/world/level/levelgen/SurfaceRules$Hole
[28Aug2026 00:19:46.541] [main/INFO] [com.teampotato.redirector.Redirector/]: Redirecting net/minecraft/world/level/levelgen/SurfaceRules$Steep
[28Aug2026 00:19:46.546] [main/INFO] [com.teampotato.redirector.Redirector/]: Redirecting net/minecraft/world/level/levelgen/SurfaceRules$Bandlands
[28Aug2026 00:19:46.547] [main/INFO] [com.teampotato.redirector.Redirector/]: Redirecting net/minecraft/world/level/levelgen/SurfaceRules$Temperature
[28Aug2026 00:19:46.549] [main/INFO] [com.teampotato.redirector.Redirector/]: Redirecting net/minecraft/world/level/levelgen/SurfaceRules$AbovePreliminarySurface
[28Aug2026 00:19:47.113] [main/INFO] [mixin/]: Mixing MixinEnderEyeItem from enigmaticlegacy.mixins.json into net.minecraft.world.item.EnderEyeItem
[28Aug2026 00:19:47.142] [main/INFO] [net.minecraftforge.coremod.CoreMod.apotheosis/COREMODLOG]: Replaced 2 calls to Enchantment#getMaxLevel() in net/minecraft/world/item/EnchantedBookItem
[28Aug2026 00:19:47.179] [main/INFO] [mixin/]: Mixing MixinCrossbowItem from enigmaticlegacy.mixins.json into net.minecraft.world.item.CrossbowItem
[28Aug2026 00:19:47.197] [main/INFO] [com.teampotato.redirector.Redirector/]: Redirecting net/minecraft/world/item/Rarity
[28Aug2026 00:19:47.207] [main/INFO] [com.teampotato.redirector.Redirector/]: Redirecting net/minecraft/world/item/enchantment/EnchantmentCategory
[28Aug2026 00:19:47.234] [main/INFO] [com.teampotato.redirector.Redirector/]: Redirecting net/minecraft/world/entity/vehicle/AbstractMinecart$Type
[28Aug2026 00:19:47.240] [main/INFO] [com.teampotato.redirector.Redirector/]: Redirecting net/minecraft/world/entity/vehicle/Boat$Type
[28Aug2026 00:19:47.241] [main/INFO] [com.teampotato.redirector.Redirector/]: Redirecting net/minecraft/world/item/ArmorMaterials
[28Aug2026 00:19:47.259] [main/INFO] [com.teampotato.redirector.Redirector/]: Redirecting net/minecraft/world/item/Tiers
[28Aug2026 00:19:47.291] [main/INFO] [com.teampotato.redirector.Redirector/]: Redirecting net/minecraft/network/chat/ChatTypeDecoration$Parameter
[28Aug2026 00:19:47.316] [main/INFO] [com.teampotato.redirector.Redirector/]: Redirecting net/minecraft/world/item/enchantment/Enchantment$Rarity
[28Aug2026 00:19:47.317] [main/INFO] [com.teampotato.redirector.Redirector/]: Redirecting net/minecraft/world/item/enchantment/ProtectionEnchantment$Type
[28Aug2026 00:19:47.358] [main/INFO] [com.teampotato.redirector.Redirector/]: Redirecting net/minecraft/world/scores/criteria/ObjectiveCriteria$RenderType
[28Aug2026 00:19:47.392] [main/INFO] [com.teampotato.redirector.Redirector/]: Redirecting net/minecraft/world/level/chunk/ChunkStatus$ChunkType
[28Aug2026 00:19:47.578] [main/INFO] [net.minecraftforge.coremod.CoreMod.apotheosis/COREMODLOG]: Replaced 1 calls to Enchantment#getMaxLevel() in net/minecraft/world/level/storage/loot/functions/EnchantRandomlyFunction
[28Aug2026 00:19:47.579] [main/INFO] [net.minecraftforge.coremod.CoreMod.apotheosis/COREMODLOG]: Replaced 1 calls to Enchantment#isDiscoverable() in net/minecraft/world/level/storage/loot/functions/EnchantRandomlyFunction
[28Aug2026 00:19:47.699] [main/INFO] [com.teampotato.redirector.Redirector/]: Redirecting net/minecraft/world/level/levelgen/DensityFunctions$BeardifierMarker
[28Aug2026 00:19:47.814] [main/INFO] [com.teampotato.redirector.Redirector/]: Redirecting net/combatroll/Platform$Type
[28Aug2026 00:19:47.821] [main/INFO] [com.teampotato.redirector.Redirector/]: Redirecting net/combatroll/enchantments/AmplifierEnchantment$Operation
[28Aug2026 00:19:48.199] [modloading-worker-0/INFO] [com.teampotato.redirector.Redirector/]: Redirecting net/minecraftforge/event/TickEvent$Phase
[28Aug2026 00:19:48.201] [modloading-worker-0/INFO] [com.teampotato.redirector.Redirector/]: Redirecting net/minecraftforge/event/TickEvent$Type
[28Aug2026 00:19:48.212] [modloading-worker-0/INFO] [dev.limonblaze.oriacs.common.Oriacs/]: Origins: Accessibilities 1.1.0 has initialized. Ready to make your Origins life easier!
[28Aug2026 00:19:48.226] [modloading-worker-0/INFO] [com.teampotato.redirector.Redirector/]: Redirecting com/majruszlibrary/events/base/Priority
[28Aug2026 00:19:48.231] [modloading-worker-0/INFO] [com.teampotato.redirector.Redirector/]: Redirecting net/minecraft/world/item/UseAnim
[28Aug2026 00:19:48.237] [modloading-worker-0/INFO] [com.teampotato.redirector.Redirector/]: Redirecting net/minecraft/world/inventory/ClickAction
[28Aug2026 00:19:48.237] [modloading-worker-0/INFO] [com.teampotato.redirector.Redirector/]: Redirecting net/minecraft/world/level/ClipContext$Fluid
[28Aug2026 00:19:48.244] [modloading-worker-0/INFO] [com.teampotato.redirector.Redirector/]: Redirecting net/minecraft/world/level/storage/loot/LootContext$EntityTarget
[28Aug2026 00:19:48.252] [modloading-worker-0/INFO] [com.teampotato.redirector.Redirector/]: Redirecting net/minecraft/world/entity/MobSpawnType
[28Aug2026 00:19:48.294] [modloading-worker-0/INFO] [mixin/]: Mixing MixinEnterBlockTrigger from enigmaticlegacy.mixins.json into net.minecraft.advancements.critereon.EnterBlockTrigger
[28Aug2026 00:19:48.298] [modloading-worker-0/INFO] [mixin/]: Mixing MixinInventoryChangeTrigger from enigmaticlegacy.mixins.json into net.minecraft.advancements.critereon.InventoryChangeTrigger
[28Aug2026 00:19:48.306] [modloading-worker-0/INFO] [com.teampotato.redirector.Redirector/]: Redirecting net/minecraft/commands/Commands$CommandSelection
[28Aug2026 00:19:48.318] [modloading-worker-0/INFO] [mixin/]: Mixing MixinSummonedEntityTrigger from enigmaticlegacy.mixins.json into net.minecraft.advancements.critereon.SummonedEntityTrigger
[28Aug2026 00:19:48.330] [modloading-worker-0/INFO] [mixin/]: Mixing server.MixinPlayerList from nochatreports.mixins.json into net.minecraft.server.players.PlayerList
[28Aug2026 00:19:48.333] [modloading-worker-0/INFO] [mixin/]: Mixing MixinPlayerList from enigmaticlegacy.mixins.json into net.minecraft.server.players.PlayerList
[28Aug2026 00:19:48.681] [modloading-worker-0/INFO] [com.teampotato.redirector.Redirector/]: Redirecting net/minecraft/sounds/SoundSource
[28Aug2026 00:19:48.766] [modloading-worker-0/INFO] [com.teampotato.redirector.Redirector/]: Redirecting net/minecraft/world/item/ItemStack$TooltipPart
[28Aug2026 00:19:48.790] [modloading-worker-0/INFO] [com.teampotato.redirector.Redirector/]: Redirecting net/minecraft/world/level/material/FogType
[28Aug2026 00:19:48.796] [modloading-worker-0/INFO] [com.teampotato.redirector.Redirector/]: Redirecting net/minecraft/world/level/ClipContext$Block
[28Aug2026 00:19:48.803] [modloading-worker-0/INFO] [com.teampotato.redirector.Redirector/]: Redirecting net/minecraft/world/level/Explosion$BlockInteraction
[28Aug2026 00:19:48.925] [modloading-worker-0/INFO] [com.teampotato.redirector.Redirector/]: Redirecting com/majruszsdifficulty/items/CustomArmorMaterial
[28Aug2026 00:19:48.931] [modloading-worker-0/INFO] [com.teampotato.redirector.Redirector/]: Redirecting com/majruszsdifficulty/items/CustomItemTier
[28Aug2026 00:19:48.931] [modloading-worker-0/INFO] [MaxHealthFix/]: Loaded maxhealthfix for Forge.
[28Aug2026 00:19:48.958] [modloading-worker-0/INFO] [com.teampotato.redirector.Redirector/]: Redirecting com/majruszsdifficulty/items/SoulJar$BonusType
[28Aug2026 00:19:48.968] [modloading-worker-0/INFO] [com.teampotato.redirector.Redirector/]: Redirecting shadows/placebo/config/Property$Type
[28Aug2026 00:19:49.004] [modloading-worker-0/INFO] [com.teampotato.redirector.Redirector/]: Redirecting io/github/apace100/apoli/util/Space
[28Aug2026 00:19:49.005] [modloading-worker-0/INFO] [com.teampotato.redirector.Redirector/]: Redirecting io/github/apace100/apoli/util/ResourceOperation
[28Aug2026 00:19:49.021] [modloading-worker-0/INFO] [com.teampotato.redirector.Redirector/]: Redirecting io/github/apace100/apoli/util/Comparison
[28Aug2026 00:19:49.054] [modloading-worker-0/INFO] [com.teampotato.redirector.Redirector/]: Redirecting com/majruszsdifficulty/undeadarmy/UndeadArmy$Direction
[28Aug2026 00:19:49.061] [modloading-worker-0/INFO] [com.teampotato.redirector.Redirector/]: Redirecting com/majruszsdifficulty/undeadarmy/UndeadArmy$Phase$State
[28Aug2026 00:19:49.100] [modloading-worker-0/INFO] [io.github.apace100.apoli.Apoli/]: Apoli 1.19.2-2.6.1.7 has initialized. Ready to power up your game!
[28Aug2026 00:19:49.170] [modloading-worker-0/INFO] [com.teampotato.redirector.Redirector/]: Redirecting net/minecraftforge/common/world/BiomeModifier$Phase
[28Aug2026 00:19:49.186] [modloading-worker-0/INFO] [create_new_age/]: Hello 1.20.1 Create!
[28Aug2026 00:19:49.218] [modloading-worker-0/INFO] [com.teampotato.redirector.Redirector/]: Redirecting net/blay09/mods/balm/api/event/TickPhase
[28Aug2026 00:19:49.221] [modloading-worker-0/INFO] [com.teampotato.redirector.Redirector/]: Redirecting net/blay09/mods/balm/api/event/EventPriority
[28Aug2026 00:19:49.253] [modloading-worker-0/INFO] [com.teampotato.redirector.Redirector/]: Redirecting net/minecraftforge/common/capabilities/CapabilityManager
[28Aug2026 00:19:49.343] [modloading-worker-0/INFO] [com.teampotato.redirector.Redirector/]: Redirecting fuzs/puzzleslib/core/ContentRegistrationFlags
[28Aug2026 00:19:49.407] [modloading-worker-0/INFO] [com.teampotato.redirector.Redirector/]: Redirecting fuzs/puzzleslib/core/DistType
[28Aug2026 00:19:49.425] [modloading-worker-0/INFO] [Puzzles Lib/]: Constructing common components for mod leavesbegone
[28Aug2026 00:19:49.471] [modloading-worker-0/INFO] [com.teampotato.redirector.Redirector/]: Redirecting fuzs/puzzleslib/api/biome/v1/BiomeLoadingPhase
[28Aug2026 00:19:49.553] [modloading-worker-0/INFO] [com.teampotato.redirector.Redirector/]: Redirecting net/minecraft/server/packs/PackType
[28Aug2026 00:19:49.737] [modloading-worker-0/INFO] [com.teampotato.redirector.Redirector/]: Redirecting net/minecraft/world/entity/Entity$RemovalReason
[28Aug2026 00:19:49.743] [modloading-worker-0/INFO] [com.teampotato.redirector.Redirector/]: Redirecting net/minecraft/world/entity/MoverType
[28Aug2026 00:19:49.743] [modloading-worker-0/INFO] [com.teampotato.redirector.Redirector/]: Redirecting net/minecraft/world/entity/Entity$MovementEmission
[28Aug2026 00:19:49.796] [modloading-worker-0/INFO] [com.teampotato.redirector.Redirector/]: Redirecting net/minecraft/world/level/block/Rotation
[28Aug2026 00:19:49.799] [modloading-worker-0/INFO] [com.teampotato.redirector.Redirector/]: Redirecting net/minecraft/world/level/block/Mirror
[28Aug2026 00:19:49.800] [modloading-worker-0/INFO] [com.teampotato.redirector.Redirector/]: Redirecting net/minecraft/commands/arguments/EntityAnchorArgument$Anchor
[28Aug2026 00:19:49.801] [modloading-worker-0/INFO] [com.teampotato.redirector.Redirector/]: Redirecting me/wesley1808/servercore/common/activation_range/ActivationType
[28Aug2026 00:19:49.990] [modloading-worker-0/INFO] [com.teampotato.redirector.Redirector/]: Redirecting com/legacy/dungeons_plus/structures/reanimated_ruins/ReanimatedRuinsType
[28Aug2026 00:19:50.058] [modloading-worker-0/INFO] [ironfurnaces.IronFurnaces/]: Initializing Update Checker...
[28Aug2026 00:19:50.064] [ Iron Furnaces Update Checker/INFO] [ironfurnaces.IronFurnaces/]: Starting Update Check...
[28Aug2026 00:19:50.075] [ Iron Furnaces Update Checker/INFO] [ironfurnaces.IronFurnaces/]: Update Check done!
[28Aug2026 00:19:50.075] [ Iron Furnaces Update Checker/INFO] [ironfurnaces.IronFurnaces/]: Iron Furnaces is up to date!
[28Aug2026 00:19:50.083] [modloading-worker-0/INFO] [com.teampotato.redirector.Redirector/]: Redirecting me/wesley1808/servercore/common/dynamic/DynamicSetting
[28Aug2026 00:19:50.121] [modloading-worker-0/INFO] [me.wesley1808.servercore.common.ServerCore/]: [ServerCore] Loaded V1.3.6+1.19.2!
[28Aug2026 00:19:50.138] [modloading-worker-0/INFO] [com.teampotato.redirector.Redirector/]: Redirecting top/theillusivec4/curios/client/CuriosClientConfig$Client$ButtonCorner
[28Aug2026 00:19:50.145] [modloading-worker-0/INFO] [io.github.apace100.origins.Origins/]: Origins 1.19.2-1.7.1.7 is initializing. Have fun!
[28Aug2026 00:19:50.212] [modloading-worker-0/INFO] [com.teampotato.redirector.Redirector/]: Redirecting io/github/jamalam360/rightclickharvest/config/Config$HungerLevel
[28Aug2026 00:19:50.238] [modloading-worker-0/INFO] [com.teampotato.redirector.Redirector/]: Redirecting net/minecraft/world/entity/HumanoidArm
[28Aug2026 00:19:50.243] [modloading-worker-0/INFO] [io.github.steveplays28.noisium.Noisium/]: Loading Noisium.
[28Aug2026 00:19:50.381] [modloading-worker-0/INFO] [com.aetherteam.cumulus.Cumulus/]: Disabling Cumulus as it is on server.
[28Aug2026 00:19:50.412] [modloading-worker-0/INFO] [unilib/]: Disabling UniLib, as it is client side only.
[28Aug2026 00:19:50.437] [modloading-worker-0/INFO] [com.teampotato.redirector.Redirector/]: Redirecting net/minecraft/world/level/GameRules$Category
[28Aug2026 00:19:50.451] [modloading-worker-0/INFO] [com.teampotato.redirector.Redirector/]: Redirecting com/majruszlibrary/animations/AnimationsDef$Easing
[28Aug2026 00:19:50.543] [modloading-worker-0/INFO] [com.teampotato.redirector.Redirector/]: Redirecting com/bobmowzie/mowziesmobs/server/creativetab/CreativeTabHandler
[28Aug2026 00:19:50.605] [modloading-worker-0/INFO] [Puzzles Lib/]: Constructing common components for mod mutantmonsters
[28Aug2026 00:19:50.636] [modloading-worker-0/INFO] [com.teampotato.redirector.Redirector/]: Redirecting fuzs/puzzleslib/core/ModLoader
[28Aug2026 00:19:50.690] [modloading-worker-0/INFO] [com.teampotato.redirector.Redirector/]: Redirecting fuzs/puzzleslib/network/MessageDirection
[28Aug2026 00:19:50.756] [modloading-worker-0/INFO] [com.teampotato.redirector.Redirector/]: Redirecting virtuoel/pehkui/server/command/DebugCommand$PacketType
[28Aug2026 00:19:50.772] [modloading-worker-0/INFO] [com.jtorleonstudios.libraryferret.LibraryFerret/]: Initialize mod Library Ferret
[28Aug2026 00:19:50.785] [modloading-worker-0/INFO] [ICL/]: Initializing ICL
[28Aug2026 00:19:50.791] [modloading-worker-0/INFO] [ICL/]: Translation file for es_es not found. Using default translations.
[28Aug2026 00:19:50.793] [modloading-worker-0/INFO] [com.jtorleonstudios.libraryferret.LibraryFerret/]: Initialized mod Library Ferret
[28Aug2026 00:19:50.856] [modloading-worker-0/INFO] [com.teampotato.redirector.Redirector/]: Redirecting com/chaosthedude/naturescompass/client/OverlaySide
[28Aug2026 00:19:50.884] [modloading-worker-0/INFO] [com.leclowndu93150.corpsecurioscompat.Main/]: Hello from Corpse Curios Compat!
[28Aug2026 00:19:50.893] [modloading-worker-0/INFO] [net.minecraftforge.common.ForgeMod/FORGEMOD]: Forge mod loading, version 43.4.2, for MC 1.19.2 with MCP 20220805.130853
[28Aug2026 00:19:50.893] [modloading-worker-0/INFO] [net.minecraftforge.common.MinecraftForge/FORGE]: MinecraftForge v43.4.2 Initialized
[28Aug2026 00:19:50.917] [modloading-worker-0/INFO] [com.teampotato.redirector.Redirector/]: Redirecting com/progwml6/ironchest/common/item/IronChestsUpgradeType
[28Aug2026 00:19:50.930] [modloading-worker-0/INFO] [com.teampotato.redirector.Redirector/]: Redirecting com/progwml6/ironchest/common/block/IronChestsTypes
[28Aug2026 00:19:51.032] [modloading-worker-0/INFO] [com.teampotato.redirector.Redirector/]: Redirecting com/blamejared/crafttweaker/api/util/HandleUtil$AccessType
[28Aug2026 00:19:51.055] [modloading-worker-0/INFO] [com.teampotato.redirector.Redirector/]: Redirecting com/blamejared/crafttweaker/api/ingredient/serializer/IngredientAnySerializer
[28Aug2026 00:19:51.064] [modloading-worker-0/INFO] [com.teampotato.redirector.Redirector/]: Redirecting com/blamejared/crafttweaker/api/ingredient/serializer/IngredientListSerializer
[28Aug2026 00:19:51.065] [modloading-worker-0/INFO] [com.teampotato.redirector.Redirector/]: Redirecting com/blamejared/crafttweaker/api/ingredient/serializer/IngredientTransformedSerializer
[28Aug2026 00:19:51.077] [modloading-worker-0/INFO] [com.teampotato.redirector.Redirector/]: Redirecting com/blamejared/crafttweaker/api/ingredient/serializer/IngredientConditionedSerializer
[28Aug2026 00:19:51.080] [modloading-worker-0/INFO] [com.teampotato.redirector.Redirector/]: Redirecting com/blamejared/crafttweaker/api/ingredient/serializer/IngredientPartialTagSerializer
[28Aug2026 00:19:51.138] [modloading-worker-0/INFO] [com.teampotato.redirector.Redirector/]: Redirecting net/bettercombat/logic/TargetHelper$Relation
[28Aug2026 00:19:51.322] [modloading-worker-0/INFO] [com.teampotato.redirector.Redirector/]: Redirecting net/bettercombat/Platform$Type
[28Aug2026 00:19:51.407] [modloading-worker-0/INFO] [com.teampotato.redirector.Redirector/]: Redirecting com/blamejared/crafttweaker/api/ingredient/type/IIngredientEmpty
[28Aug2026 00:19:51.413] [modloading-worker-0/INFO] [com.teampotato.redirector.Redirector/]: Redirecting com/blamejared/crafttweaker/api/ingredient/type/IIngredientAny
[28Aug2026 00:19:51.457] [modloading-worker-0/INFO] [xyz.apex.forge.commonality.Mods.CommonalityMod/]: Running Minecraft '1.19.2', & Forge '43.4.2' on Java '17.0.20, Ubuntu'
[28Aug2026 00:19:51.467] [modloading-worker-0/INFO] [mixin/]: Mixing server.MixinServerGamePacketListenerImpl from nochatreports.mixins.json into net.minecraft.server.network.ServerGamePacketListenerImpl
[28Aug2026 00:19:51.486] [modloading-worker-0/INFO] [com.teampotato.redirector.Redirector/]: Redirecting xyz/apex/forge/commonality/trust/TrustState
[28Aug2026 00:19:51.494] [modloading-worker-0/INFO] [TrustedSourceList/]: Loading BlackListed sources from remote... (https://api.stopmodreposts.org/minecraft/sites.txt)
[28Aug2026 00:19:51.536] [modloading-worker-0/INFO] [com.aizistral.nochatreports.NoChatReports/]: KONNICHIWA ZA WARUDO!
[28Aug2026 00:19:51.537] [modloading-worker-0/INFO] [com.aizistral.nochatreports.NoChatReports/]: Default JVM text encoding is: UTF-8
[28Aug2026 00:19:51.537] [modloading-worker-0/INFO] [com.teampotato.redirector.Redirector/]: Redirecting com/blamejared/crafttweaker/api/loot/LootManager
[28Aug2026 00:19:51.539] [modloading-worker-0/INFO] [com.teampotato.redirector.Redirector/]: Redirecting com/blamejared/crafttweaker/api/loot/table/LootTableManager
[28Aug2026 00:19:51.551] [modloading-worker-0/INFO] [com.teampotato.redirector.Redirector/]: Redirecting com/blamejared/crafttweaker/api/loot/modifier/LootModifierManager
[28Aug2026 00:19:51.560] [modloading-worker-0/INFO] [com.aizistral.nochatreports.NoChatReports/]: Reading config file NoChatReports/NCR-Common.json...
[28Aug2026 00:19:51.566] [modloading-worker-0/INFO] [com.teampotato.redirector.Redirector/]: Redirecting com/blamejared/crafttweaker/api/recipe/manager/FurnaceRecipeManager
[28Aug2026 00:19:51.570] [modloading-worker-0/INFO] [com.aizistral.nochatreports.NoChatReports/]: Writing config file NoChatReports/NCR-Common.json...
[28Aug2026 00:19:51.572] [modloading-worker-0/INFO] [com.teampotato.redirector.Redirector/]: Redirecting com/blamejared/crafttweaker/api/recipe/manager/StoneCutterManager
[28Aug2026 00:19:51.573] [modloading-worker-0/INFO] [com.teampotato.redirector.Redirector/]: Redirecting com/blamejared/crafttweaker/api/recipe/manager/BlastFurnaceRecipeManager
[28Aug2026 00:19:51.575] [modloading-worker-0/INFO] [com.teampotato.redirector.Redirector/]: Redirecting com/blamejared/crafttweaker/api/recipe/manager/CraftingTableRecipeManager
[28Aug2026 00:19:51.576] [modloading-worker-0/INFO] [com.teampotato.redirector.Redirector/]: Redirecting com/blamejared/crafttweaker/api/recipe/manager/SmithingRecipeManager
[28Aug2026 00:19:51.577] [modloading-worker-0/INFO] [com.teampotato.redirector.Redirector/]: Redirecting com/blamejared/crafttweaker/api/recipe/manager/GenericRecipesManager
[28Aug2026 00:19:51.581] [modloading-worker-0/INFO] [com.teampotato.redirector.Redirector/]: Redirecting com/blamejared/crafttweaker/api/recipe/manager/CampFireRecipeManager
[28Aug2026 00:19:51.582] [modloading-worker-0/INFO] [com.teampotato.redirector.Redirector/]: Redirecting com/blamejared/crafttweaker/api/recipe/manager/SmokerRecipeManager
[28Aug2026 00:19:51.587] [modloading-worker-0/INFO] [com.teampotato.redirector.Redirector/]: Redirecting com/blamejared/crafttweaker/api/recipe/MirrorAxis
[28Aug2026 00:19:51.613] [modloading-worker-0/INFO] [com.teampotato.redirector.Redirector/]: Redirecting blusunrize/immersiveengineering/api/utils/SetRestrictedField$TrackerState
[28Aug2026 00:19:51.629] [modloading-worker-0/INFO] [TrustedSourceList/]: Loaded 564 BlackListed sources from remote
[28Aug2026 00:19:51.629] [modloading-worker-0/INFO] [TrustManager/]: Loading mod 'commonality' TrustWorthiness...
[28Aug2026 00:19:51.630] [modloading-worker-0/FATAL] [TrustManager/]: Could not determine mod trust worthiness, Assuming Jar was downloaded from trusted source!
[28Aug2026 00:19:51.632] [modloading-worker-0/INFO] [TrustManager/]: Loaded mod 'commonality' TrustWorthiness: UNKNOWN
[28Aug2026 00:19:51.637] [modloading-worker-0/INFO] [com.teampotato.redirector.Redirector/]: Redirecting com/mojang/math/OctahedralGroup
[28Aug2026 00:19:51.644] [modloading-worker-0/INFO] [com.teampotato.redirector.Redirector/]: Redirecting net/mehvahdjukaar/fastpaintings/DropMode
[28Aug2026 00:19:51.658] [modloading-worker-0/INFO] [com.teampotato.redirector.Redirector/]: Redirecting net/mehvahdjukaar/moonlight/api/platform/RegHelper$VariantType
[28Aug2026 00:19:51.667] [modloading-worker-0/INFO] [com.teampotato.redirector.Redirector/]: Redirecting net/mehvahdjukaar/moonlight/api/platform/PlatformHelper$Env
[28Aug2026 00:19:51.671] [modloading-worker-0/INFO] [com.teampotato.redirector.Redirector/]: Redirecting net/mehvahdjukaar/moonlight/api/platform/network/NetworkDir
[28Aug2026 00:19:51.676] [modloading-worker-0/INFO] [com.teampotato.redirector.Redirector/]: Redirecting net/mehvahdjukaar/moonlight/api/platform/configs/ConfigType
[28Aug2026 00:19:51.683] [modloading-worker-0/INFO] [com.teampotato.redirector.Redirector/]: Redirecting net/minecraft/world/phys/HitResult$Type
[28Aug2026 00:19:51.716] [modloading-worker-0/INFO] [com.teampotato.redirector.Redirector/]: Redirecting blusunrize/immersiveengineering/common/wires/IEWireTypes$IEWireType
[28Aug2026 00:19:51.735] [modloading-worker-0/INFO] [com.teampotato.redirector.Redirector/]: Redirecting com/ldtteam/domumornamentum/block/types/TimberFrameType
[28Aug2026 00:19:51.738] [modloading-worker-0/INFO] [com.teampotato.redirector.Redirector/]: Redirecting blusunrize/immersiveengineering/common/config/IEServerConfig$Ores$VeinType
[28Aug2026 00:19:51.739] [modloading-worker-0/INFO] [com.teampotato.redirector.Redirector/]: Redirecting blusunrize/immersiveengineering/api/EnumMetals
[28Aug2026 00:19:51.741] [modloading-worker-0/INFO] [com.teampotato.redirector.Redirector/]: Redirecting blusunrize/immersiveengineering/api/EnumMetals$Type
[28Aug2026 00:19:51.742] [modloading-worker-0/INFO] [com.teampotato.redirector.Redirector/]: Redirecting blusunrize/immersiveengineering/common/config/IEServerConfig$Ores$OreDistribution
[28Aug2026 00:19:51.761] [modloading-worker-0/INFO] [com.teampotato.redirector.Redirector/]: Redirecting com/ldtteam/domumornamentum/block/types/ExtraBlockType
[28Aug2026 00:19:51.766] [modloading-worker-0/INFO] [com.teampotato.redirector.Redirector/]: Redirecting com/ldtteam/domumornamentum/block/types/FramedLightType
[28Aug2026 00:19:51.778] [modloading-worker-0/INFO] [com.teampotato.redirector.Redirector/]: Redirecting com/ldtteam/domumornamentum/block/types/BrickType
[28Aug2026 00:19:51.790] [modloading-worker-0/INFO] [Calio/]: Calio 1.19.2-1.7.0.4 initializing...
[28Aug2026 00:19:51.815] [modloading-worker-0/INFO] [com.teampotato.redirector.Redirector/]: Redirecting net/minecraft/world/inventory/RecipeBookType
[28Aug2026 00:19:51.853] [modloading-worker-0/INFO] [com.teampotato.redirector.Redirector/]: Redirecting com/ldtteam/domumornamentum/shingles/ShingleHeightType
[28Aug2026 00:19:51.882] [modloading-worker-0/INFO] [com.teampotato.redirector.Redirector/]: Redirecting net/minecraft/world/level/pathfinder/BlockPathTypes
[28Aug2026 00:19:51.972] [modloading-worker-0/INFO] [com.teampotato.redirector.Redirector/]: Redirecting net/minecraft/advancements/FrameType
[28Aug2026 00:19:51.977] [modloading-worker-0/INFO] [com.teampotato.redirector.Redirector/]: Redirecting net/minecraftforge/fluids/capability/IFluidHandler$FluidAction
[28Aug2026 00:19:51.999] [modloading-worker-0/INFO] [com.teampotato.redirector.Redirector/]: Redirecting com/jozufozu/flywheel/config/BackendType
[28Aug2026 00:19:52.007] [modloading-worker-0/INFO] [com.teampotato.redirector.Redirector/]: Redirecting net/minecraft/world/entity/SpawnPlacements$Type
[28Aug2026 00:19:52.019] [modloading-worker-0/INFO] [com.teampotato.redirector.Redirector/]: Redirecting net/minecraftforge/event/level/PistonEvent$PistonMoveType
[28Aug2026 00:19:52.032] [modloading-worker-0/INFO] [com.teampotato.redirector.Redirector/]: Redirecting net/minecraft/world/level/saveddata/maps/MapDecoration$Type
[28Aug2026 00:19:52.037] [modloading-worker-0/INFO] [com.teampotato.redirector.Redirector/]: Redirecting net/minecraft/world/Difficulty
[28Aug2026 00:19:52.039] [modloading-worker-0/INFO] [com.teampotato.redirector.Redirector/]: Redirecting net/minecraft/world/level/GameType
[28Aug2026 00:19:52.064] [modloading-worker-0/INFO] [com.teampotato.redirector.Redirector/]: Redirecting dev/itsmeow/whisperwoods/imdlib/util/config/CommonConfigAPI$ConfigType
[28Aug2026 00:19:52.107] [modloading-worker-0/INFO] [com.teampotato.redirector.Redirector/]: Redirecting dev/architectury/networking/NetworkManager$Side
[28Aug2026 00:19:52.111] [modloading-worker-0/INFO] [com.teampotato.redirector.Redirector/]: Redirecting net/minecraft/world/level/material/MaterialColor$Brightness
[28Aug2026 00:19:52.116] [modloading-worker-0/INFO] [dev.architectury.networking.forge.NetworkManagerImpl/]: Registering C2S receiver with id architectury:sync_ids
[28Aug2026 00:19:52.118] [modloading-worker-0/INFO] [dev.architectury.networking.forge.NetworkManagerImpl/]: Registering C2S receiver with id whisperwoods:main_channel/cdff7a8a5b4f3f218b5f77ef22e66016
[28Aug2026 00:19:52.123] [modloading-worker-0/INFO] [com.teampotato.redirector.Redirector/]: Redirecting dev/architectury/utils/Env
[28Aug2026 00:19:52.129] [modloading-worker-0/INFO] [dev.architectury.networking.forge.NetworkManagerImpl/]: Registering C2S receiver with id whisperwoods:main_channel/773a011a51b630fba84ab824165fbd92
[28Aug2026 00:19:52.129] [modloading-worker-0/INFO] [dev.itsmeow.whisperwoods.WhisperwoodsMod/]: Spooking you...
[28Aug2026 00:19:52.147] [modloading-worker-0/INFO] [com.teampotato.redirector.Redirector/]: Redirecting blusunrize/immersiveengineering/common/blocks/metal/MetalLadderBlock$CoverType
[28Aug2026 00:19:52.147] [modloading-worker-0/INFO] [com.teampotato.redirector.Redirector/]: Redirecting blusunrize/immersiveengineering/common/blocks/metal/MetalScaffoldingType
[28Aug2026 00:19:52.151] [modloading-worker-0/INFO] [com.teampotato.redirector.Redirector/]: Redirecting vectorwing/farmersdelight/client/recipebook/CookingPotRecipeBookTab
[28Aug2026 00:19:52.170] [modloading-worker-0/INFO] [com.teampotato.redirector.Redirector/]: Redirecting com/blamejared/crafttweaker/api/zencode/ZenTypeInfo$TypeKind
[28Aug2026 00:19:52.202] [modloading-worker-0/INFO] [com.teampotato.redirector.Redirector/]: Redirecting com/ldtteam/structurize/update/UpdateMode
[28Aug2026 00:19:52.276] [modloading-worker-0/INFO] [com.teampotato.redirector.Redirector/]: Redirecting org/openzen/zencode/java/ZenCodeType$OperatorType
[28Aug2026 00:19:52.296] [modloading-worker-0/INFO] [com.teampotato.redirector.Redirector/]: Redirecting com/ldtteam/structurize/storage/ServerStructurePackLoader$ServerLoadingState
[28Aug2026 00:19:52.298] [modloading-worker-0/INFO] [com.teampotato.redirector.Redirector/]: Redirecting com/blamejared/crafttweaker/api/data/IData$Type
[28Aug2026 00:19:52.311] [Structurize IO Worker #0/WARN] [structurize/]: Missing Mod: minecolonies for Pack: Steampunk
[28Aug2026 00:19:52.313] [Structurize IO Worker #0/WARN] [structurize/]: Missing Mod: minecolonies for Pack: Byzantine
[28Aug2026 00:19:52.315] [Structurize IO Worker #0/WARN] [structurize/]: Missing Mod: minecolonies for Pack: Frontier
[28Aug2026 00:19:52.315] [Structurize IO Worker #0/WARN] [structurize/]: Missing Mod: minecolonies for Pack: Corrupted
[28Aug2026 00:19:52.315] [Structurize IO Worker #0/WARN] [structurize/]: Missing Mod: minecolonies for Pack: Antique
[28Aug2026 00:19:52.315] [Structurize IO Worker #0/INFO] [structurize/]: Registered structure pack: Functional Fantasy
[28Aug2026 00:19:52.316] [Structurize IO Worker #0/WARN] [structurize/]: Missing Mod: minecolonies for Pack: Crimson Keep
[28Aug2026 00:19:52.316] [Structurize IO Worker #0/WARN] [structurize/]: Missing Mod: minecolonies for Pack: Underwater Base
[28Aug2026 00:19:52.318] [Structurize IO Worker #0/WARN] [structurize/]: Missing Mod: minecolonies for Pack: FairyTale
[28Aug2026 00:19:52.321] [Structurize IO Worker #0/INFO] [structurize/]: Registered structure pack: High Magic
[28Aug2026 00:19:52.323] [modloading-worker-0/INFO] [com.teampotato.redirector.Redirector/]: Redirecting blusunrize/immersiveengineering/common/blocks/plant/EnumHempGrowth
[28Aug2026 00:19:52.326] [Structurize IO Worker #0/WARN] [structurize/]: Failed loading packs from main folder path: .
[28Aug2026 00:19:52.336] [Structurize IO Worker #0/WARN] [structurize/]: Failed loading client packs from main folder path: .
[28Aug2026 00:19:52.336] [Structurize IO Worker #0/WARN] [structurize/]: Finished discovering Server Structure packs
[28Aug2026 00:19:52.326] [modloading-worker-0/INFO] [com.teampotato.redirector.Redirector/]: Redirecting org/openzen/zenscript/codemodel/type/BasicTypeID
[28Aug2026 00:19:52.360] [modloading-worker-0/INFO] [com.teampotato.redirector.Redirector/]: Redirecting com/blamejared/crafttweaker/api/ingredient/transform/serializer/TransformerReuseSerializer
[28Aug2026 00:19:52.362] [modloading-worker-0/INFO] [Puzzles Lib/]: Constructing common components for mod puzzleslib
[28Aug2026 00:19:52.367] [modloading-worker-0/INFO] [com.teampotato.redirector.Redirector/]: Redirecting org/openzen/zenscript/codemodel/OperatorType
[28Aug2026 00:19:52.466] [modloading-worker-0/INFO] [ModernFix/]: Bypassed Mojang DFU
[28Aug2026 00:19:52.467] [modloading-worker-0/ERROR] [structurize/]: ----------------------------------------------------------------- 
 Invalid DataFixer detected, schematics might not paste correctly! 
The following DataFixer was added: class org.embeddedt.modernfix.dfu.LazyDataFixer
-----------------------------------------------------------------
[28Aug2026 00:19:52.494] [modloading-worker-0/INFO] [com.teampotato.redirector.Redirector/]: Redirecting potionstudios/byg/common/BYGTags
[28Aug2026 00:19:52.508] [modloading-worker-0/INFO] [com.teampotato.redirector.Redirector/]: Redirecting net/minecraft/network/chat/ClickEvent$Action
[28Aug2026 00:19:52.548] [modloading-worker-0/INFO] [com.teampotato.redirector.Redirector/]: Redirecting potionstudios/byg/common/block/FruitBlock$FruitType
[28Aug2026 00:19:52.554] [modloading-worker-0/INFO] [com.teampotato.redirector.Redirector/]: Redirecting blusunrize/immersiveengineering/common/items/ToolUpgradeItem$ToolUpgrade
[28Aug2026 00:19:52.619] [modloading-worker-0/INFO] [com.teampotato.redirector.Redirector/]: Redirecting blusunrize/immersiveengineering/common/blocks/wooden/TreatedWoodStyles
[28Aug2026 00:19:52.639] [modloading-worker-0/INFO] [net.minecraftforge.coremod.CoreMod.apotheosis/COREMODLOG]: Replaced 1 calls to Enchantment#getMaxLevel() in net/minecraft/world/entity/npc/VillagerTrades$EnchantBookForEmeralds
[28Aug2026 00:19:52.643] [modloading-worker-0/INFO] [net.minecraftforge.coremod.CoreMod.apotheosis/COREMODLOG]: Replaced 1 calls to Enchantment#isTreasureOnly() in net/minecraft/world/entity/npc/VillagerTrades$EnchantBookForEmeralds
[28Aug2026 00:19:52.641] [modloading-worker-0/INFO] [com.teampotato.redirector.Redirector/]: Redirecting com/teammetallurgy/aquaculture/entity/FishType
[28Aug2026 00:19:52.644] [modloading-worker-0/INFO] [net.minecraftforge.coremod.CoreMod.apotheosis/COREMODLOG]: Replaced 1 calls to Enchantment#isTradeable() in net/minecraft/world/entity/npc/VillagerTrades$EnchantBookForEmeralds
[28Aug2026 00:19:52.707] [modloading-worker-0/INFO] [ModernFix/]: Instantiating Mojang DFU
[28Aug2026 00:19:52.715] [modloading-worker-0/INFO] [com.teampotato.redirector.Redirector/]: Redirecting com/blamejared/crafttweaker/impl/network/message/ClientMessages
[28Aug2026 00:19:52.727] [modloading-worker-0/INFO] [com.teampotato.redirector.Redirector/]: Redirecting potionstudios/byg/common/block/BYGWoodTypes
[28Aug2026 00:19:52.730] [modloading-worker-0/INFO] [com.teampotato.redirector.Redirector/]: Redirecting potionstudios/byg/common/block/BYGWoodTypes$GrowerItemType
[28Aug2026 00:19:52.730] [modloading-worker-0/INFO] [com.teampotato.redirector.Redirector/]: Redirecting potionstudios/byg/common/block/BYGWoodTypes$BlockType
[28Aug2026 00:19:52.733] [modloading-worker-0/INFO] [com.teampotato.redirector.Redirector/]: Redirecting potionstudios/byg/common/entity/boat/BYGBoat$BYGType
[28Aug2026 00:19:52.749] [modloading-worker-0/INFO] [com.teampotato.redirector.Redirector/]: Redirecting com/mojang/math/SymmetricGroup3
[28Aug2026 00:19:52.869] [modloading-worker-0/INFO] [com.teampotato.redirector.Redirector/]: Redirecting net/minecraft/world/inventory/ClickType
[28Aug2026 00:19:52.880] [modloading-worker-0/INFO] [com.teampotato.redirector.Redirector/]: Redirecting blusunrize/immersiveengineering/common/blocks/metal/FluidPipeBlockEntity$ConnectionStyle
[28Aug2026 00:19:52.927] [modloading-worker-0/INFO] [com.teampotato.redirector.Redirector/]: Redirecting blusunrize/immersiveengineering/common/blocks/PlacementLimitation
[28Aug2026 00:19:52.986] [modloading-worker-0/INFO] [com.teampotato.redirector.Redirector/]: Redirecting com/hidoni/transmog/config/TransmogRenderOption
[28Aug2026 00:19:52.987] [modloading-worker-0/INFO] [com.teampotato.redirector.Redirector/]: Redirecting com/hidoni/transmog/config/TooltipDetailLevel
[28Aug2026 00:19:53.031] [Modding Legacy/blue_skies/Supporters thread/INFO] [ModdingLegacy/blue_skies/Supporter/]: Attempting to load the Modding Legacy supporters list from https://moddinglegacy.com/supporters-changelogs/supporters.txt
[28Aug2026 00:19:53.061] [modloading-worker-0/INFO] [com.teampotato.redirector.Redirector/]: Redirecting com/legacy/blue_skies/world/general_features/structures/villages/SkiesVillageBiomes
[28Aug2026 00:19:53.243] [Modding Legacy/blue_skies/Supporters thread/INFO] [com.teampotato.redirector.Redirector/]: Redirecting com/legacy/blue_skies/MLSupporter$Rank
[28Aug2026 00:19:53.244] [Modding Legacy/blue_skies/Supporters thread/INFO] [ModdingLegacy/blue_skies/Supporter/]: Successfully loaded the Modding Legacy supporters list.
[28Aug2026 00:19:53.334] [modloading-worker-0/INFO] [com.teampotato.redirector.Redirector/]: Redirecting com/aetherteam/aether/recipe/AetherBookCategory
[28Aug2026 00:19:53.408] [modloading-worker-0/INFO] [com.teampotato.redirector.Redirector/]: Redirecting dev/latvian/mods/kubejs/script/ScriptType
[28Aug2026 00:19:53.441] [modloading-worker-0/INFO] [com.teampotato.redirector.Redirector/]: Redirecting terrablender/api/SurfaceRuleManager$RuleCategory
[28Aug2026 00:19:53.441] [modloading-worker-0/INFO] [com.teampotato.redirector.Redirector/]: Redirecting teamrazor/deepaether/entity/quail/QuailVariants
[28Aug2026 00:19:53.465] [modloading-worker-0/INFO] [com.teampotato.redirector.Redirector/]: Redirecting net/p3pp3rf1y/sophisticatedcore/client/gui/SortButtonsPosition
[28Aug2026 00:19:53.479] [modloading-worker-0/INFO] [insane96mcp.insanelib.InsaneLib/]: Found (COMMON) InsaneLib Feature class insane96mcp.insanelib.module.base.feature.TagsFeature
[28Aug2026 00:19:53.483] [modloading-worker-0/INFO] [insane96mcp.insanelib.InsaneLib/]: Found (COMMON) InsaneLib Feature class insane96mcp.insanelib.module.base.feature.FixFeature
[28Aug2026 00:19:53.488] [modloading-worker-0/INFO] [insane96mcp.insanelib.InsaneLib/]: Found (COMMON) InsaneLib Feature class insane96mcp.insanelib.module.base.feature.AEC3DFeature
[28Aug2026 00:19:53.615] [modloading-worker-0/INFO] [com.teampotato.redirector.Redirector/]: Redirecting net/darkhax/bookshelf/api/PhysicalSide
[28Aug2026 00:19:53.616] [modloading-worker-0/INFO] [Bookshelf/]: Fixing MC-151457. Crafting remainder for minecraft:pufferfish_bucket is now minecraft:bucket.
[28Aug2026 00:19:53.616] [modloading-worker-0/INFO] [Bookshelf/]: Fixing MC-151457. Crafting remainder for minecraft:salmon_bucket is now minecraft:bucket.
[28Aug2026 00:19:53.616] [modloading-worker-0/INFO] [Bookshelf/]: Fixing MC-151457. Crafting remainder for minecraft:cod_bucket is now minecraft:bucket.
[28Aug2026 00:19:53.616] [modloading-worker-0/INFO] [Bookshelf/]: Fixing MC-151457. Crafting remainder for minecraft:tropical_fish_bucket is now minecraft:bucket.
[28Aug2026 00:19:53.616] [modloading-worker-0/INFO] [Bookshelf/]: Fixing MC-151457. Crafting remainder for minecraft:axolotl_bucket is now minecraft:bucket.
[28Aug2026 00:19:53.616] [modloading-worker-0/INFO] [Bookshelf/]: Fixing MC-151457. Crafting remainder for minecraft:powder_snow_bucket is now minecraft:bucket.
[28Aug2026 00:19:53.616] [modloading-worker-0/INFO] [Bookshelf/]: Fixing MC-151457. Crafting remainder for minecraft:tadpole_bucket is now minecraft:bucket.
[28Aug2026 00:19:53.674] [modloading-worker-0/INFO] [net.minecraft.util.datafix.DataFixers/]: Building unoptimized datafixer
[28Aug2026 00:19:53.694] [modloading-worker-0/INFO] [com.teampotato.redirector.Redirector/]: Redirecting net/p3pp3rf1y/sophisticatedcore/upgrades/feeding/HungerLevel
[28Aug2026 00:19:53.703] [modloading-worker-0/INFO] [com.teampotato.redirector.Redirector/]: Redirecting net/p3pp3rf1y/sophisticatedbackpacks/upgrades/refill/RefillUpgradeWrapper$TargetSlot
[28Aug2026 00:19:53.705] [modloading-worker-0/INFO] [com.teampotato.redirector.Redirector/]: Redirecting com/github/alexthe666/iceandfire/enums/EnumDragonArmor
[28Aug2026 00:19:53.710] [modloading-worker-0/INFO] [com.teampotato.redirector.Redirector/]: Redirecting com/github/alexthe666/iceandfire/enums/EnumDragonEgg
[28Aug2026 00:19:53.714] [modloading-worker-0/INFO] [com.teampotato.redirector.Redirector/]: Redirecting com/github/alexthe666/iceandfire/enums/EnumSeaSerpent
[28Aug2026 00:19:53.714] [modloading-worker-0/INFO] [com.teampotato.redirector.Redirector/]: Redirecting net/p3pp3rf1y/sophisticatedbackpacks/upgrades/inception/InventoryOrder
[28Aug2026 00:19:53.725] [modloading-worker-0/INFO] [com.teampotato.redirector.Redirector/]: Redirecting net/p3pp3rf1y/sophisticatedbackpacks/upgrades/toolswapper/ToolSwapMode
[28Aug2026 00:19:53.743] [modloading-worker-0/INFO] [com.teampotato.redirector.Redirector/]: Redirecting net/p3pp3rf1y/sophisticatedcore/upgrades/xppump/AutomationDirection
[28Aug2026 00:19:53.846] [modloading-worker-0/INFO] [com.teampotato.redirector.Redirector/]: Redirecting com/github/alexthe666/iceandfire/enums/EnumSkullType
[28Aug2026 00:19:53.851] [modloading-worker-0/INFO] [com.teampotato.redirector.Redirector/]: Redirecting com/github/alexthe666/iceandfire/enums/EnumTroll
[28Aug2026 00:19:53.853] [modloading-worker-0/INFO] [com.teampotato.redirector.Redirector/]: Redirecting com/github/alexthe666/iceandfire/enums/EnumTroll$Weapon
[28Aug2026 00:19:53.920] [modloading-worker-0/INFO] [insane96mcp.insanelib.InsaneLib/]: Found (COMMON) InsaneLib Feature class insane96mcp.progressivebosses.module.wither.feature.RewardFeature
[28Aug2026 00:19:53.921] [modloading-worker-0/INFO] [insane96mcp.insanelib.InsaneLib/]: Found (COMMON) InsaneLib Feature class insane96mcp.progressivebosses.module.wither.feature.ResistancesFeature
[28Aug2026 00:19:53.924] [modloading-worker-0/INFO] [insane96mcp.insanelib.InsaneLib/]: Found (COMMON) InsaneLib Feature class insane96mcp.progressivebosses.module.wither.feature.MiscFeature
[28Aug2026 00:19:53.931] [modloading-worker-0/INFO] [insane96mcp.insanelib.InsaneLib/]: Found (COMMON) InsaneLib Feature class insane96mcp.progressivebosses.module.wither.feature.MinionFeature
[28Aug2026 00:19:53.942] [modloading-worker-0/INFO] [insane96mcp.insanelib.InsaneLib/]: Found (COMMON) InsaneLib Feature class insane96mcp.progressivebosses.module.wither.feature.HealthFeature
[28Aug2026 00:19:53.944] [modloading-worker-0/INFO] [insane96mcp.insanelib.InsaneLib/]: Found (COMMON) InsaneLib Feature class insane96mcp.progressivebosses.module.wither.feature.DifficultyFeature
[28Aug2026 00:19:53.947] [modloading-worker-0/INFO] [com.teampotato.redirector.Redirector/]: Redirecting insane96mcp/insanelib/util/IdTagMatcher$Type
[28Aug2026 00:19:53.954] [modloading-worker-0/INFO] [insane96mcp.insanelib.InsaneLib/]: Found (COMMON) InsaneLib Feature class insane96mcp.progressivebosses.module.wither.feature.AttackFeature
[28Aug2026 00:19:53.963] [modloading-worker-0/INFO] [insane96mcp.insanelib.InsaneLib/]: Found (COMMON) InsaneLib Feature class insane96mcp.progressivebosses.module.elderguardian.feature.RewardFeature
[28Aug2026 00:19:53.965] [modloading-worker-0/INFO] [insane96mcp.insanelib.InsaneLib/]: Found (COMMON) InsaneLib Feature class insane96mcp.progressivebosses.module.elderguardian.feature.ResistancesFeature
[28Aug2026 00:19:53.972] [modloading-worker-0/INFO] [insane96mcp.insanelib.InsaneLib/]: Found (COMMON) InsaneLib Feature class insane96mcp.progressivebosses.module.elderguardian.feature.MinionFeature
[28Aug2026 00:19:53.978] [modloading-worker-0/INFO] [insane96mcp.insanelib.InsaneLib/]: Found (COMMON) InsaneLib Feature class insane96mcp.progressivebosses.module.elderguardian.feature.HealthFeature
[28Aug2026 00:19:53.979] [modloading-worker-0/INFO] [insane96mcp.insanelib.InsaneLib/]: Found (COMMON) InsaneLib Feature class insane96mcp.progressivebosses.module.elderguardian.feature.BaseFeature
[28Aug2026 00:19:53.984] [modloading-worker-0/INFO] [insane96mcp.insanelib.InsaneLib/]: Found (COMMON) InsaneLib Feature class insane96mcp.progressivebosses.module.elderguardian.feature.AttackFeature
[28Aug2026 00:19:53.990] [modloading-worker-0/INFO] [insane96mcp.insanelib.InsaneLib/]: Found (COMMON) InsaneLib Feature class insane96mcp.progressivebosses.module.dragon.feature.RewardFeature
[28Aug2026 00:19:53.995] [modloading-worker-0/INFO] [insane96mcp.insanelib.InsaneLib/]: Found (COMMON) InsaneLib Feature class insane96mcp.progressivebosses.module.dragon.feature.ResistancesFeature
[28Aug2026 00:19:54.169] [modloading-worker-0/INFO] [com.teampotato.redirector.Redirector/]: Redirecting top/theillusivec4/curios/api/type/capability/ICurio$DropRule
[28Aug2026 00:19:54.193] [modloading-worker-0/WARN] [mixin/]: @Final field f_31201_:Lorg/slf4j/Logger; in progressivebosses.mixins.json:DragonChargePlayerPhaseMixin should be final
[28Aug2026 00:19:54.198] [modloading-worker-0/INFO] [com.teampotato.redirector.Redirector/]: Redirecting it/hurts/sskirillss/relics/items/relics/base/data/cast/misc/CastType
[28Aug2026 00:19:54.198] [modloading-worker-0/INFO] [com.teampotato.redirector.Redirector/]: Redirecting it/hurts/sskirillss/relics/items/relics/base/data/cast/misc/CastStage
[28Aug2026 00:19:54.218] [modloading-worker-0/INFO] [insane96mcp.insanelib.InsaneLib/]: Found (COMMON) InsaneLib Feature class insane96mcp.progressivebosses.module.dragon.feature.MinionFeature
[28Aug2026 00:19:54.228] [modloading-worker-0/INFO] [insane96mcp.insanelib.InsaneLib/]: Found (COMMON) InsaneLib Feature class insane96mcp.progressivebosses.module.dragon.feature.LarvaFeature
[28Aug2026 00:19:54.239] [modloading-worker-0/INFO] [insane96mcp.insanelib.InsaneLib/]: Found (COMMON) InsaneLib Feature class insane96mcp.progressivebosses.module.dragon.feature.HealthFeature
[28Aug2026 00:19:54.241] [modloading-worker-0/INFO] [insane96mcp.insanelib.InsaneLib/]: Found (COMMON) InsaneLib Feature class insane96mcp.progressivebosses.module.dragon.feature.DifficultyFeature
[28Aug2026 00:19:54.252] [modloading-worker-0/INFO] [insane96mcp.insanelib.InsaneLib/]: Found (COMMON) InsaneLib Feature class insane96mcp.progressivebosses.module.dragon.feature.CrystalFeature
[28Aug2026 00:19:54.257] [modloading-worker-0/INFO] [insane96mcp.insanelib.InsaneLib/]: Found (COMMON) InsaneLib Feature class insane96mcp.progressivebosses.module.dragon.feature.AttackFeature
[28Aug2026 00:19:54.286] [modloading-worker-0/INFO] [com.teampotato.redirector.Redirector/]: Redirecting tschipp/carryon/config/PropertyType
[28Aug2026 00:19:54.301] [modloading-worker-0/INFO] [de.keksuccino.melody.Melody/]: [MELODY] Disabling Melody since it's loaded server-side.
[28Aug2026 00:19:54.347] [modloading-worker-0/INFO] [com.teampotato.redirector.Redirector/]: Redirecting net/mehvahdjukaar/dummmmmmy/configs/CommonConfigs$DpsMode
[28Aug2026 00:19:54.349] [modloading-worker-0/INFO] [com.teampotato.redirector.Redirector/]: Redirecting net/mehvahdjukaar/dummmmmmy/configs/ClientConfigs$SkinType
[28Aug2026 00:19:54.364] [modloading-worker-0/INFO] [de.keksuccino.konkrete.Konkrete/]: [KONKRETE] Successfully initialized!
[28Aug2026 00:19:54.364] [modloading-worker-0/INFO] [de.keksuccino.konkrete.Konkrete/]: [KONKRETE] Server-side libs ready to use!
[28Aug2026 00:19:54.428] [modloading-worker-0/INFO] [com.teampotato.redirector.Redirector/]: Redirecting com/simibubi/create/content/trains/signal/SignalBlock$SignalType
[28Aug2026 00:19:54.428] [modloading-worker-0/INFO] [com.teampotato.redirector.Redirector/]: Redirecting com/simibubi/create/content/trains/signal/SignalBlockEntity$SignalState
[28Aug2026 00:19:54.490] [modloading-worker-0/INFO] [com.teampotato.redirector.Redirector/]: Redirecting com/simibubi/create/content/trains/track/TrackShape
[28Aug2026 00:19:54.527] [modloading-worker-0/INFO] [com.teampotato.redirector.Redirector/]: Redirecting com/simibubi/create/AllTags$AllBlockTags
[28Aug2026 00:19:54.528] [modloading-worker-0/INFO] [com.teampotato.redirector.Redirector/]: Redirecting com/simibubi/create/AllTags$NameSpace
[28Aug2026 00:19:54.558] [modloading-worker-0/INFO] [com.teampotato.redirector.Redirector/]: Redirecting com/simibubi/create/AllTags$AllItemTags
[28Aug2026 00:19:54.566] [modloading-worker-0/INFO] [com.teampotato.redirector.Redirector/]: Redirecting com/railwayteam/railways/registry/CRTags$AllItemTags
[28Aug2026 00:19:54.567] [modloading-worker-0/INFO] [com.teampotato.redirector.Redirector/]: Redirecting com/railwayteam/railways/registry/CRTags$NameSpace
[28Aug2026 00:19:54.666] [modloading-worker-0/INFO] [com.teampotato.redirector.Redirector/]: Redirecting com/railwayteam/railways/content/custom_bogeys/blocks/narrow/NarrowGaugeBogeyBlock$NarrowGaugeStandardStyle
[28Aug2026 00:19:54.773] [modloading-worker-0/INFO] [com.teampotato.redirector.Redirector/]: Redirecting com/railwayteam/railways/content/smokestack/block/SmokeStackBlock$RotationType
[28Aug2026 00:19:54.858] [modloading-worker-0/INFO] [com.teampotato.redirector.Redirector/]: Redirecting com/github/alexthe666/iceandfire/enums/EnumParticles
[28Aug2026 00:19:55.077] [modloading-worker-0/INFO] [com.cupboard.Cupboard/]: Loaded config for: memorysettings.json
[28Aug2026 00:19:55.079] [modloading-worker-0/INFO] [com.teampotato.redirector.Redirector/]: Redirecting vazkii/patchouli/common/base/PatchouliConfig$TextOverflowMode
[28Aug2026 00:19:55.107] [modloading-worker-0/INFO] [com.teampotato.redirector.Redirector/]: Redirecting com/railwayteam/railways/content/smokestack/SmokestackStyle
[28Aug2026 00:19:55.148] [modloading-worker-0/INFO] [com.teampotato.redirector.Redirector/]: Redirecting com/railwayteam/railways/multiloader/Env
[28Aug2026 00:19:55.276] [modloading-worker-0/INFO] [com.teampotato.redirector.Redirector/]: Redirecting com/railwayteam/railways/content/buffer/single_deco/LinkPinBlock$Style
[28Aug2026 00:19:55.292] [modloading-worker-0/INFO] [com.teampotato.redirector.Redirector/]: Redirecting com/railwayteam/railways/content/buffer/headstock/HeadstockStyle
[28Aug2026 00:19:55.356] [modloading-worker-0/INFO] [com.teampotato.redirector.Redirector/]: Redirecting net/minecraft/world/item/FireworkRocketItem$Shape
[28Aug2026 00:19:55.479] [modloading-worker-0/INFO] [com.teampotato.redirector.Redirector/]: Redirecting top/theillusivec4/curios/api/SlotTypePreset
[28Aug2026 00:19:55.647] [modloading-worker-0/INFO] [Collective/]: Loading Collective version 7.64.
[28Aug2026 00:19:55.657] [modloading-worker-0/INFO] [mixin/]: Mixing MixinEnchantmentHelper from enigmaticlegacy.mixins.json into net.minecraft.world.item.enchantment.EnchantmentHelper
[28Aug2026 00:19:55.789] [modloading-worker-0/INFO] [dev.limonblaze.originsclasses.OriginsClasses/]: Origins:Classes 1.2.1 has initialized. Time for work!
[28Aug2026 00:19:55.809] [modloading-worker-0/INFO] [com.teampotato.redirector.Redirector/]: Redirecting dev/limonblaze/originsclasses/common/event/ModifyCraftResultEvent$CraftingResultType
[28Aug2026 00:19:55.909] [modloading-worker-0/INFO] [Enigmatic Legacy/INFO]: Constructing mod instance...
[28Aug2026 00:19:55.925] [modloading-worker-0/INFO] [com.teampotato.redirector.Redirector/]: Redirecting com/aizistral/omniconfig/Configuration$SidedConfigType
[28Aug2026 00:19:55.925] [modloading-worker-0/INFO] [com.teampotato.redirector.Redirector/]: Redirecting com/aizistral/omniconfig/Configuration$VersioningPolicy
[28Aug2026 00:19:55.927] [modloading-worker-0/INFO] [com.teampotato.redirector.Redirector/]: Redirecting com/aizistral/omniconfig/Property$Type
[28Aug2026 00:19:55.989] [modloading-worker-0/INFO] [com.teampotato.redirector.Redirector/]: Redirecting com/simibubi/create/content/kinetics/deployer/DeployerBlockEntity$Mode
[28Aug2026 00:19:56.252] [modloading-worker-0/INFO] [com.teampotato.redirector.Redirector/]: Redirecting timefall/mcsa/items/armor/ArmorSets
[28Aug2026 00:19:56.281] [modloading-worker-0/INFO] [com.teampotato.redirector.Redirector/]: Redirecting com/aizistral/enigmaticlegacy/items/EnigmaticAmulet$AmuletColor
[28Aug2026 00:19:56.323] [modloading-worker-0/INFO] [com.teampotato.redirector.Redirector/]: Redirecting com/simibubi/create/foundation/data/recipe/CompatMetals
[28Aug2026 00:19:56.324] [modloading-worker-0/INFO] [com.teampotato.redirector.Redirector/]: Redirecting com/simibubi/create/foundation/data/recipe/Mods
[28Aug2026 00:19:56.333] [modloading-worker-0/INFO] [com.teampotato.redirector.Redirector/]: Redirecting com/aizistral/enigmaticlegacy/api/materials/EnigmaticMaterials
[28Aug2026 00:19:56.335] [modloading-worker-0/INFO] [com.teampotato.redirector.Redirector/]: Redirecting com/aizistral/enigmaticlegacy/api/materials/EnigmaticArmorMaterials
[28Aug2026 00:19:56.373] [modloading-worker-0/INFO] [dev.architectury.networking.forge.NetworkManagerImpl/]: Registering C2S receiver with id ftblibrary:edit_nbt_response
[28Aug2026 00:19:56.420] [modloading-worker-0/INFO] [com.teampotato.redirector.Redirector/]: Redirecting com/simibubi/create/content/equipment/zapper/PlacementPatterns
[28Aug2026 00:19:56.424] [modloading-worker-0/INFO] [com.teampotato.redirector.Redirector/]: Redirecting com/simibubi/create/content/equipment/zapper/terrainzapper/TerrainBrushes
[28Aug2026 00:19:56.424] [modloading-worker-0/INFO] [com.teampotato.redirector.Redirector/]: Redirecting com/simibubi/create/content/equipment/zapper/terrainzapper/TerrainTools
[28Aug2026 00:19:56.425] [modloading-worker-0/INFO] [com.teampotato.redirector.Redirector/]: Redirecting com/simibubi/create/content/equipment/zapper/terrainzapper/PlacementOptions
[28Aug2026 00:19:56.453] [modloading-worker-0/INFO] [Enigmatic Legacy/INFO]: Mod instance constructed successfully.
[28Aug2026 00:19:56.455] [modloading-worker-0/INFO] [dev.architectury.networking.forge.NetworkManagerImpl/]: Registering C2S receiver with id ftbteams:open_gui
[28Aug2026 00:19:56.457] [modloading-worker-0/INFO] [dev.architectury.networking.forge.NetworkManagerImpl/]: Registering C2S receiver with id ftbteams:update_settings
[28Aug2026 00:19:56.458] [modloading-worker-0/INFO] [dev.architectury.networking.forge.NetworkManagerImpl/]: Registering C2S receiver with id ftbteams:send_message
[28Aug2026 00:19:56.462] [modloading-worker-0/INFO] [dev.architectury.networking.forge.NetworkManagerImpl/]: Registering C2S receiver with id ftbteams:create_party
[28Aug2026 00:19:56.466] [modloading-worker-0/INFO] [com.teampotato.redirector.Redirector/]: Redirecting dev/ftb/mods/ftbteams/net/PlayerGUIOperationMessage$Operation
[28Aug2026 00:19:56.466] [modloading-worker-0/INFO] [dev.architectury.networking.forge.NetworkManagerImpl/]: Registering C2S receiver with id ftbteams:player_gui_operation
[28Aug2026 00:19:56.473] [modloading-worker-0/INFO] [com.cupboard.Cupboard/]: Loaded config for: cupboard.json
[28Aug2026 00:19:56.487] [modloading-worker-0/INFO] [com.teampotato.redirector.Redirector/]: Redirecting com/talhanation/smallships/world/entity/ship/Ship$BiomeModifierType
[28Aug2026 00:19:56.487] [modloading-worker-0/INFO] [dev.architectury.networking.forge.NetworkManagerImpl/]: Registering C2S receiver with id polylib:container_packet_server
[28Aug2026 00:19:56.491] [modloading-worker-0/INFO] [dev.architectury.networking.forge.NetworkManagerImpl/]: Registering C2S receiver with id polylib:tile_data_server
[28Aug2026 00:19:56.491] [modloading-worker-0/INFO] [dev.architectury.networking.forge.NetworkManagerImpl/]: Registering C2S receiver with id polylib:tile_packet_server
[28Aug2026 00:19:56.494] [modloading-worker-0/INFO] [com.teampotato.redirector.Redirector/]: Redirecting com/builtbroken/ai/improvements/modifier/filters/FilterResult
[28Aug2026 00:19:56.520] [modloading-worker-0/INFO] [com.teampotato.redirector.Redirector/]: Redirecting com/simibubi/create/foundation/block/connected/AllCTTypes
[28Aug2026 00:19:56.599] [modloading-worker-0/INFO] [com.teampotato.redirector.Redirector/]: Redirecting com/simibubi/create/foundation/config/ui/ConfigAnnotations$RequiresRestart
[28Aug2026 00:19:56.621] [modloading-worker-0/INFO] [KubeJS/]: Looking for KubeJS plugins...
[28Aug2026 00:19:56.647] [modloading-worker-0/INFO] [KubeJS/]: Found plugin source kubejs
[28Aug2026 00:19:56.667] [modloading-worker-0/INFO] [KubeJS/]: Loaded common.properties
[28Aug2026 00:19:56.668] [modloading-worker-0/INFO] [KubeJS/]: Loaded dev.properties
[28Aug2026 00:19:56.668] [modloading-worker-0/WARN] [KubeJS/]: Plugin dev.latvian.mods.kubejs.forge.BuiltinKubeJSForgeClientPlugin does not load on server side, skipping
[28Aug2026 00:19:56.687] [modloading-worker-0/INFO] [Railways/]: Registered bogey styles from railways
[28Aug2026 00:19:56.703] [modloading-worker-0/INFO] [com.teampotato.redirector.Redirector/]: Redirecting dev/mayaqq/estrogen/registry/common/EstrogenRecipes
[28Aug2026 00:19:56.710] [modloading-worker-0/INFO] [dev.architectury.networking.forge.NetworkManagerImpl/]: Registering C2S receiver with id estrogen:dash
[28Aug2026 00:19:56.710] [modloading-worker-0/INFO] [dev.architectury.networking.forge.NetworkManagerImpl/]: Registering C2S receiver with id estrogen:dashparticles
[28Aug2026 00:19:56.725] [modloading-worker-0/INFO] [com.teampotato.redirector.Redirector/]: Redirecting com/jayway/jsonpath/Option
[28Aug2026 00:19:56.760] [modloading-worker-0/INFO] [KubeJS/]: Found plugin source ftbxmodcompat
[28Aug2026 00:19:56.765] [modloading-worker-0/INFO] [com.teampotato.redirector.Redirector/]: Redirecting com/majruszsaccessories/common/AccessoryHolder$RandomType
[28Aug2026 00:19:56.789] [modloading-worker-0/INFO] [KubeJS/]: Done in 164.6 ms
[28Aug2026 00:19:56.835] [modloading-worker-0/INFO] [com.teampotato.redirector.Redirector/]: Redirecting com/copycatsplus/copycats/utility/Platform$Environment
[28Aug2026 00:19:56.838] [modloading-worker-0/INFO] [com.teampotato.redirector.Redirector/]: Redirecting com/copycatsplus/copycats/foundation/tooltip/CopycatCharacteristics
[28Aug2026 00:19:56.839] [modloading-worker-0/INFO] [com.teampotato.redirector.Redirector/]: Redirecting com/copycatsplus/copycats/CCKeys
[28Aug2026 00:19:56.846] [modloading-worker-0/INFO] [com.teampotato.redirector.Redirector/]: Redirecting com/copycatsplus/copycats/CCTags$Items
[28Aug2026 00:19:56.847] [modloading-worker-0/INFO] [com.teampotato.redirector.Redirector/]: Redirecting com/copycatsplus/copycats/CCTags$NameSpace
[28Aug2026 00:19:56.848] [modloading-worker-0/INFO] [com.teampotato.redirector.Redirector/]: Redirecting com/simibubi/create/content/contraptions/BlockMovementChecks$CheckResult
[28Aug2026 00:19:56.861] [modloading-worker-0/INFO] [com.teampotato.redirector.Redirector/]: Redirecting com/railwayteam/railways/registry/CRPalettes$Styles
[28Aug2026 00:19:56.867] [modloading-worker-0/INFO] [com.teampotato.redirector.Redirector/]: Redirecting com/copycatsplus/copycats/config/FeatureCategory
[28Aug2026 00:19:56.870] [modloading-worker-0/INFO] [com.teampotato.redirector.Redirector/]: Redirecting com/railwayteam/railways/registry/CRTags$AllBlockTags
[28Aug2026 00:19:56.898] [modloading-worker-0/INFO] [FTB XMod Compat/]: FTB Quests: Enabled KubeJS integration
[28Aug2026 00:19:56.900] [modloading-worker-0/INFO] [com.teampotato.redirector.Redirector/]: Redirecting com/railwayteam/railways/registry/CRPalettes$Wrapping
[28Aug2026 00:19:56.904] [modloading-worker-0/INFO] [FTB XMod Compat/]: [FTB Chunks] Enabled KubeJS integration
[28Aug2026 00:19:56.910] [modloading-worker-0/INFO] [com.teampotato.redirector.Redirector/]: Redirecting com/copycatsplus/copycats/utility/Platform
[28Aug2026 00:19:57.020] [modloading-worker-0/INFO] [Rhino Script Remapper/]: Loading Rhino Minecraft remapper...
[28Aug2026 00:19:57.023] [modloading-worker-0/INFO] [com.teampotato.redirector.Redirector/]: Redirecting dev/latvian/mods/rhino/mod/util/RhinoProperties
[28Aug2026 00:19:57.033] [modloading-worker-0/INFO] [dev.latvian.mods.rhino.mod.util.RhinoProperties/]: Rhino properties loaded.
[28Aug2026 00:19:57.041] [modloading-worker-0/INFO] [Rhino Script Remapper/]: Loading mappings for 1.19.2
[28Aug2026 00:19:57.108] [modloading-worker-0/INFO] [dev.architectury.networking.forge.NetworkManagerImpl/]: Registering C2S receiver with id itemfilters:main/14e7fa1454283aec8ae811ef844ada28
[28Aug2026 00:19:57.109] [modloading-worker-0/INFO] [Railways/]: Registering data fixers
[28Aug2026 00:19:57.119] [modloading-worker-0/INFO] [dev.architectury.networking.forge.NetworkManagerImpl/]: Registering C2S receiver with id itemfilters:main/8f6a899247753217b9d86ab427a2b279
[28Aug2026 00:19:57.308] [modloading-worker-0/INFO] [Railways/]: Registering tracks for Hex Casting
[28Aug2026 00:19:57.319] [modloading-worker-0/INFO] [com.teampotato.redirector.Redirector/]: Redirecting dev/ftb/mods/ftbquests/integration/RecipeModHelper$Components
[28Aug2026 00:19:57.319] [modloading-worker-0/INFO] [Railways/]: Registering tracks for Oh The Biomes You'll Go
[28Aug2026 00:19:57.347] [modloading-worker-0/INFO] [com.teampotato.redirector.Redirector/]: Redirecting dev/ftb/mods/ftbquests/quest/task/ObservationTask$ObserveType
[28Aug2026 00:19:57.362] [modloading-worker-0/INFO] [Rhino Script Remapper/]: Done in 0.339 s
[28Aug2026 00:19:57.387] [modloading-worker-0/INFO] [Railways/]: Registering tracks for Blue Skies
[28Aug2026 00:19:57.397] [modloading-worker-0/INFO] [Railways/]: Registering tracks for Twilight Forest
[28Aug2026 00:19:57.409] [modloading-worker-0/INFO] [Railways/]: Registering tracks for Biomes O' Plenty
[28Aug2026 00:19:57.410] [modloading-worker-0/INFO] [Railways/]: Registering tracks for Dreams and Desires
[28Aug2026 00:19:57.410] [modloading-worker-0/INFO] [Railways/]: Registering tracks for Quark
[28Aug2026 00:19:57.413] [modloading-worker-0/INFO] [dev.architectury.networking.forge.NetworkManagerImpl/]: Registering C2S receiver with id ftbquests:submit_task
[28Aug2026 00:19:57.410] [modloading-worker-0/INFO] [com.teampotato.redirector.Redirector/]: Redirecting dev/latvian/mods/rhino/TopLevel$Builtins
[28Aug2026 00:19:57.416] [modloading-worker-0/INFO] [com.teampotato.redirector.Redirector/]: Redirecting dev/latvian/mods/rhino/TopLevel$NativeErrors
[28Aug2026 00:19:57.418] [modloading-worker-0/INFO] [com.teampotato.redirector.Redirector/]: Redirecting dev/latvian/mods/rhino/ScriptableObject$SlotAccess
[28Aug2026 00:19:57.424] [modloading-worker-0/INFO] [dev.architectury.networking.forge.NetworkManagerImpl/]: Registering C2S receiver with id ftbquests:claim_reward
[28Aug2026 00:19:57.429] [modloading-worker-0/INFO] [dev.architectury.networking.forge.NetworkManagerImpl/]: Registering C2S receiver with id ftbquests:get_emergency_items
[28Aug2026 00:19:57.432] [modloading-worker-0/INFO] [dev.architectury.networking.forge.NetworkManagerImpl/]: Registering C2S receiver with id ftbquests:claim_all_rewards
[28Aug2026 00:19:57.435] [modloading-worker-0/INFO] [dev.architectury.networking.forge.NetworkManagerImpl/]: Registering C2S receiver with id ftbquests:claim_choice_reward
[28Aug2026 00:19:57.436] [modloading-worker-0/INFO] [dev.architectury.networking.forge.NetworkManagerImpl/]: Registering C2S receiver with id ftbquests:toggle_pinned
[28Aug2026 00:19:57.445] [modloading-worker-0/INFO] [dev.architectury.networking.forge.NetworkManagerImpl/]: Registering C2S receiver with id ftbquests:toggle_chapter_pinned
[28Aug2026 00:19:57.445] [modloading-worker-0/INFO] [dev.architectury.networking.forge.NetworkManagerImpl/]: Registering C2S receiver with id ftbquests:toggle_editing_mode
[28Aug2026 00:19:57.446] [modloading-worker-0/INFO] [dev.architectury.networking.forge.NetworkManagerImpl/]: Registering C2S receiver with id ftbquests:force_save
[28Aug2026 00:19:57.447] [modloading-worker-0/INFO] [com.teampotato.redirector.Redirector/]: Redirecting dev/latvian/mods/rhino/MemberType
[28Aug2026 00:19:57.454] [modloading-worker-0/INFO] [com.teampotato.redirector.Redirector/]: Redirecting com/hypherionmc/craterlib/core/platform/Environment
[28Aug2026 00:19:57.455] [modloading-worker-0/INFO] [dev.architectury.networking.forge.NetworkManagerImpl/]: Registering C2S receiver with id ftbquests:set_custom_image
[28Aug2026 00:19:57.464] [modloading-worker-0/INFO] [com.teampotato.redirector.Redirector/]: Redirecting com/obscuria/obscureapi/client/renderer/PatreonLayer$Mode
[28Aug2026 00:19:57.468] [modloading-worker-0/INFO] [dev.architectury.networking.forge.NetworkManagerImpl/]: Registering C2S receiver with id ftbquests:task_screen_config_resp
[28Aug2026 00:19:57.478] [modloading-worker-0/ERROR] [net.minecraftforge.eventbus.EventSubclassTransformer/EVENTBUS]: Could not find parent net/minecraft/client/renderer/entity/layers/RenderLayer for class com/obscuria/obscureapi/client/renderer/PatreonLayer in classloader cpw.mods.modlauncher.TransformingClassLoader@2ef913a4 on thread Thread[modloading-worker-0,5,main]
[28Aug2026 00:19:57.478] [modloading-worker-0/ERROR] [net.minecraftforge.eventbus.EventSubclassTransformer/EVENTBUS]: An error occurred building event handler
java.lang.ClassNotFoundException: net.minecraft.client.renderer.entity.layers.RenderLayer
	at cpw.mods.cl.ModuleClassLoader.loadClass(ModuleClassLoader.java:141) ~[securejarhandler-2.1.4.jar:?]
	at java.lang.ClassLoader.loadClass(ClassLoader.java:525) ~[?:?]
	at net.minecraftforge.eventbus.EventSubclassTransformer.buildEvents(EventSubclassTransformer.java:92) ~[eventbus-6.0.3.jar%2351!/:?]
	at net.minecraftforge.eventbus.EventSubclassTransformer.transform(EventSubclassTransformer.java:44) ~[eventbus-6.0.3.jar%2351!/:?]
	at net.minecraftforge.eventbus.EventBusEngine.processClass(EventBusEngine.java:26) ~[eventbus-6.0.3.jar%2351!/:?]
	at net.minecraftforge.eventbus.service.ModLauncherService.processClassWithFlags(ModLauncherService.java:32) ~[eventbus-6.0.3.jar%2351!/:6.0.3+6.0.3+master.039e4ea9]
	at cpw.mods.modlauncher.LaunchPluginHandler.offerClassNodeToPlugins(LaunchPluginHandler.java:88) ~[modlauncher-10.0.8.jar%2354!/:?]
	at cpw.mods.modlauncher.ClassTransformer.transform(ClassTransformer.java:120) ~[modlauncher-10.0.8.jar%2354!/:?]
	at cpw.mods.modlauncher.TransformingClassLoader.maybeTransformClassBytes(TransformingClassLoader.java:50) ~[modlauncher-10.0.8.jar%2354!/:?]
	at cpw.mods.cl.ModuleClassLoader.readerToClass(ModuleClassLoader.java:113) ~[securejarhandler-2.1.4.jar:?]
	at cpw.mods.cl.ModuleClassLoader.lambda$findClass$15(ModuleClassLoader.java:219) ~[securejarhandler-2.1.4.jar:?]
	at cpw.mods.cl.ModuleClassLoader.loadFromModule(ModuleClassLoader.java:229) ~[securejarhandler-2.1.4.jar:?]
	at cpw.mods.cl.ModuleClassLoader.findClass(ModuleClassLoader.java:219) ~[securejarhandler-2.1.4.jar:?]
	at cpw.mods.cl.ModuleClassLoader.loadClass(ModuleClassLoader.java:135) ~[securejarhandler-2.1.4.jar:?]
	at java.lang.ClassLoader.loadClass(ClassLoader.java:525) ~[?:?]
	at java.lang.ClassLoader.defineClass0(Native Method) ~[?:?]
	at java.lang.System$2.defineClass(System.java:2324) ~[?:?]
	at java.lang.invoke.MethodHandles$Lookup$ClassDefiner.defineClass(MethodHandles.java:2439) ~[?:?]
	at java.lang.invoke.MethodHandles$Lookup$ClassDefiner.defineClassAsLookup(MethodHandles.java:2420) ~[?:?]
	at java.lang.invoke.MethodHandles$Lookup.defineHiddenClass(MethodHandles.java:2127) ~[?:?]
	at java.lang.invoke.InnerClassLambdaMetafactory.generateInnerClass(InnerClassLambdaMetafactory.java:407) ~[?:?]
	at java.lang.invoke.InnerClassLambdaMetafactory.spinInnerClass(InnerClassLambdaMetafactory.java:315) ~[?:?]
	at java.lang.invoke.InnerClassLambdaMetafactory.buildCallSite(InnerClassLambdaMetafactory.java:228) ~[?:?]
	at java.lang.invoke.LambdaMetafactory.metafactory(LambdaMetafactory.java:341) ~[?:?]
	at java.lang.invoke.BootstrapMethodInvoker.invoke(BootstrapMethodInvoker.java:134) ~[?:?]
	at java.lang.invoke.CallSite.makeSite(CallSite.java:315) ~[?:?]
	at java.lang.invoke.MethodHandleNatives.linkCallSiteImpl(MethodHandleNatives.java:281) ~[?:?]
	at java.lang.invoke.MethodHandleNatives.linkCallSite(MethodHandleNatives.java:271) ~[?:?]
	at com.obscuria.obscureapi.client.renderer.PatreonLayer$Mode.<clinit>(PatreonLayer.java:55) ~[obscure_api-15.jar%23619!/:15]
	at com.obscuria.obscureapi.ObscureAPIConfig$Client.<clinit>(ObscureAPIConfig.java:26) ~[obscure_api-15.jar%23619!/:15]
	at com.obscuria.obscureapi.ObscureAPIConfig.register(ObscureAPIConfig.java:42) ~[obscure_api-15.jar%23619!/:15]
	at com.obscuria.obscureapi.ObscureAPI.<init>(ObscureAPI.java:68) ~[obscure_api-15.jar%23619!/:15]
	at jdk.internal.reflect.NativeConstructorAccessorImpl.newInstance0(Native Method) ~[?:?]
	at jdk.internal.reflect.NativeConstructorAccessorImpl.newInstance(NativeConstructorAccessorImpl.java:77) ~[?:?]
	at jdk.internal.reflect.DelegatingConstructorAccessorImpl.newInstance(DelegatingConstructorAccessorImpl.java:45) ~[?:?]
	at java.lang.reflect.Constructor.newInstanceWithCaller(Constructor.java:500) ~[?:?]
	at java.lang.reflect.Constructor.newInstance(Constructor.java:481) ~[?:?]
	at net.minecraftforge.fml.javafmlmod.FMLModContainer.constructMod(FMLModContainer.java:70) ~[javafmllanguage-1.19.2-43.4.2.jar%23719!/:?]
	at net.minecraftforge.fml.ModContainer.lambda$buildTransitionHandler$4(ModContainer.java:122) ~[fmlcore-1.19.2-43.4.2.jar%23718!/:?]
	at java.util.concurrent.CompletableFuture$AsyncRun.run(CompletableFuture.java:1804) [?:?]
	at java.util.concurrent.CompletableFuture$AsyncRun.exec(CompletableFuture.java:1796) [?:?]
	at java.util.concurrent.ForkJoinTask.doExec(ForkJoinTask.java:373) [?:?]
	at java.util.concurrent.ForkJoinPool$WorkQueue.topLevelExec(ForkJoinPool.java:1182) [?:?]
	at java.util.concurrent.ForkJoinPool.scan(ForkJoinPool.java:1655) [?:?]
	at java.util.concurrent.ForkJoinPool.runWorker(ForkJoinPool.java:1622) [?:?]
	at java.util.concurrent.ForkJoinWorkerThread.run(ForkJoinWorkerThread.java:165) [?:?]
[28Aug2026 00:19:57.487] [modloading-worker-0/ERROR] [net.minecraftforge.fml.loading.RuntimeDistCleaner/DISTXFORM]: Attempted to load class com/obscuria/obscureapi/client/renderer/PatreonLayer for invalid dist DEDICATED_SERVER
[28Aug2026 00:19:57.491] [modloading-worker-0/INFO] [dev.architectury.networking.forge.NetworkManagerImpl/]: Registering C2S receiver with id ftbquests:change_progress
[28Aug2026 00:19:57.491] [modloading-worker-0/INFO] [com.teampotato.redirector.Redirector/]: Redirecting dev/latvian/mods/rhino/ES6Generator$State
[28Aug2026 00:19:57.493] [modloading-worker-0/INFO] [dev.architectury.networking.forge.NetworkManagerImpl/]: Registering C2S receiver with id ftbquests:create_object
[28Aug2026 00:19:57.494] [modloading-worker-0/INFO] [dev.architectury.networking.forge.NetworkManagerImpl/]: Registering C2S receiver with id ftbquests:create_task_at
[28Aug2026 00:19:57.497] [modloading-worker-0/INFO] [dev.architectury.networking.forge.NetworkManagerImpl/]: Registering C2S receiver with id ftbquests:delete_object
[28Aug2026 00:19:57.501] [modloading-worker-0/INFO] [dev.architectury.networking.forge.NetworkManagerImpl/]: Registering C2S receiver with id ftbquests:edit_object
[28Aug2026 00:19:57.503] [modloading-worker-0/INFO] [dev.architectury.networking.forge.NetworkManagerImpl/]: Registering C2S receiver with id ftbquests:move_chapter
[28Aug2026 00:19:57.506] [modloading-worker-0/INFO] [dev.architectury.networking.forge.NetworkManagerImpl/]: Registering C2S receiver with id ftbquests:move_quest
[28Aug2026 00:19:57.511] [modloading-worker-0/INFO] [com.teampotato.redirector.Redirector/]: Redirecting com/railwayteam/railways/content/smokestack/SmokeType
[28Aug2026 00:19:57.512] [modloading-worker-0/INFO] [dev.architectury.networking.forge.NetworkManagerImpl/]: Registering C2S receiver with id ftbquests:change_chapter_group
[28Aug2026 00:19:57.513] [modloading-worker-0/INFO] [com.teampotato.redirector.Redirector/]: Redirecting com/railwayteam/railways/content/smokestack/particles/legacy/SmokeParticle$SmokeQuality
[28Aug2026 00:19:57.516] [modloading-worker-0/INFO] [com.teampotato.redirector.Redirector/]: Redirecting dev/latvian/mods/rhino/NativeCollectionIterator$Type
[28Aug2026 00:19:57.517] [modloading-worker-0/INFO] [dev.architectury.networking.forge.NetworkManagerImpl/]: Registering C2S receiver with id ftbquests:move_chapter_group
[28Aug2026 00:19:57.523] [modloading-worker-0/INFO] [dev.architectury.networking.forge.NetworkManagerImpl/]: Registering C2S receiver with id ftbquests:copy_quest
[28Aug2026 00:19:57.526] [modloading-worker-0/INFO] [dev.architectury.networking.forge.NetworkManagerImpl/]: Registering C2S receiver with id ftbquests:copy_chapter_image
[28Aug2026 00:19:57.534] [modloading-worker-0/INFO] [com.teampotato.redirector.Redirector/]: Redirecting com/railwayteam/railways/registry/CRParticleTypes
[28Aug2026 00:19:57.534] [modloading-worker-0/INFO] [dev.architectury.networking.forge.NetworkManagerImpl/]: Registering C2S receiver with id ftbquests:sync_structures_request
[28Aug2026 00:19:57.622] [modloading-worker-0/INFO] [com.teampotato.redirector.Redirector/]: Redirecting net/minecraft/world/level/storage/loot/functions/CopyNameFunction$NameSource
[28Aug2026 00:19:57.637] [modloading-worker-0/INFO] [com.teampotato.redirector.Redirector/]: Redirecting dev/ftb/mods/ftblibrary/config/Tristate
[28Aug2026 00:19:57.684] [modloading-worker-0/INFO] [com.teampotato.redirector.Redirector/]: Redirecting com/simibubi/create/AllTags$AllFluidTags
[28Aug2026 00:19:57.688] [modloading-worker-0/INFO] [com.teampotato.redirector.Redirector/]: Redirecting com/simibubi/create/AllTags$AllEntityTags
[28Aug2026 00:19:57.689] [modloading-worker-0/INFO] [com.teampotato.redirector.Redirector/]: Redirecting com/simibubi/create/AllTags$AllRecipeSerializerTags
[28Aug2026 00:19:57.730] [Worker-Bootstrap1/INFO] [com.mojang.datafixers.DataFixerBuilder/]: 54 Datafixer optimizations took 602 milliseconds
[28Aug2026 00:19:57.758] [modloading-worker-0/ERROR] [net.minecraftforge.fml.loading.RuntimeDistCleaner/DISTXFORM]: Attempted to load class com/mojang/blaze3d/vertex/PoseStack for invalid dist DEDICATED_SERVER
[28Aug2026 00:19:57.787] [modloading-worker-0/INFO] [com.teampotato.redirector.Redirector/]: Redirecting com/simibubi/create/content/decoration/palettes/AllPaletteStoneTypes
[28Aug2026 00:19:57.802] [modloading-worker-0/INFO] [com.teampotato.redirector.Redirector/]: Redirecting com/simibubi/create/content/decoration/palettes/PaletteBlockPattern$PatternNameType
[28Aug2026 00:19:57.942] [modloading-worker-0/INFO] [com.teampotato.redirector.Redirector/]: Redirecting dev/latvian/mods/kubejs/util/RotationAxis
[28Aug2026 00:19:58.143] [modloading-worker-0/INFO] [com.teampotato.redirector.Redirector/]: Redirecting dev/latvian/mods/kubejs/util/JSObjectType
[28Aug2026 00:19:58.143] [modloading-worker-0/INFO] [KubeJS Startup/]: example.js#5: Hello, World! (Loaded startup scripts)
[28Aug2026 00:19:58.147] [modloading-worker-0/INFO] [KubeJS Startup/]: Loaded script startup_scripts:example.js in 0.142 s
[28Aug2026 00:19:58.148] [modloading-worker-0/INFO] [com.teampotato.redirector.Redirector/]: Redirecting dev/latvian/mods/rhino/ast/FunctionNode$Form
[28Aug2026 00:19:58.170] [modloading-worker-0/INFO] [com.teampotato.redirector.Redirector/]: Redirecting com/simibubi/create/content/kinetics/clock/CuckooClockBlockEntity$Animation
[28Aug2026 00:19:58.216] [modloading-worker-0/INFO] [com.teampotato.redirector.Redirector/]: Redirecting com/simibubi/create/content/kinetics/belt/BeltBlockEntity$CasingType
[28Aug2026 00:19:58.235] [modloading-worker-0/INFO] [com.teampotato.redirector.Redirector/]: Redirecting com/simibubi/create/content/kinetics/mechanicalArm/ArmBlockEntity$Phase
[28Aug2026 00:19:58.236] [modloading-worker-0/INFO] [KubeJS Startup/]: Loaded script startup_scripts:carpgitemmod.js in 0.089 s
[28Aug2026 00:19:58.239] [modloading-worker-0/INFO] [com.teampotato.redirector.Redirector/]: Redirecting net/blay09/mods/waystones/config/DimensionalWarp
[28Aug2026 00:19:58.239] [modloading-worker-0/INFO] [com.teampotato.redirector.Redirector/]: Redirecting net/blay09/mods/waystones/config/WorldGenStyle
[28Aug2026 00:19:58.240] [modloading-worker-0/INFO] [com.teampotato.redirector.Redirector/]: Redirecting net/blay09/mods/waystones/worldgen/namegen/NameGenerationMode
[28Aug2026 00:19:58.248] [modloading-worker-0/INFO] [KubeJS Startup/]: Loaded 2/2 KubeJS startup scripts in 0.877 s
[28Aug2026 00:19:58.249] [modloading-worker-0/INFO] [com.teampotato.redirector.Redirector/]: Redirecting dev/latvian/mods/kubejs/event/EventResult$Type
[28Aug2026 00:19:58.329] [modloading-worker-0/INFO] [dev.architectury.networking.forge.NetworkManagerImpl/]: Registering C2S receiver with id kubejs:send_data_from_client
[28Aug2026 00:19:58.330] [modloading-worker-0/INFO] [com.teampotato.redirector.Redirector/]: Redirecting com/illusivesoulworks/spectrelib/config/SpectreConfig$Type
[28Aug2026 00:19:58.338] [modloading-worker-0/INFO] [dev.architectury.networking.forge.NetworkManagerImpl/]: Registering C2S receiver with id kubejs:first_click
[28Aug2026 00:19:58.347] [modloading-worker-0/INFO] [com.teampotato.redirector.Redirector/]: Redirecting com/illusivesoulworks/spectrelib/config/SpectreConfig$InstanceType
[28Aug2026 00:19:58.350] [modloading-worker-0/INFO] [com.teampotato.redirector.Redirector/]: Redirecting com/simibubi/create/content/kinetics/deployer/DeployerBlockEntity$State
[28Aug2026 00:19:58.386] [modloading-worker-0/INFO] [com.teampotato.redirector.Redirector/]: Redirecting com/mrcrayfish/configured/api/ConfigType
[28Aug2026 00:19:58.399] [modloading-worker-0/INFO] [com.teampotato.redirector.Redirector/]: Redirecting lilypuree/decorative_blocks/blocks/types/VanillaWoodTypes
[28Aug2026 00:19:58.403] [modloading-worker-0/INFO] [com.teampotato.redirector.Redirector/]: Redirecting lilypuree/decorative_blocks/blocks/types/WoodDecorativeBlockTypes
[28Aug2026 00:19:58.411] [modloading-worker-0/INFO] [Enigmatic Addons/INFO]: Constructing mod instance...
[28Aug2026 00:19:58.430] [modloading-worker-0/INFO] [com.teampotato.redirector.Redirector/]: Redirecting com/simibubi/create/content/logistics/depot/EjectorBlockEntity$State
[28Aug2026 00:19:58.441] [modloading-worker-0/INFO] [Dungeon Crawl/]: Here we go! Launching Dungeon Crawl 2.3.12...
[28Aug2026 00:19:58.510] [modloading-worker-0/INFO] [com.teampotato.redirector.Redirector/]: Redirecting com/simibubi/create/content/trains/signal/SignalBlockEntity$OverlayState
[28Aug2026 00:19:58.529] [modloading-worker-0/INFO] [com.teampotato.redirector.Redirector/]: Redirecting com/simibubi/create/AllRecipeTypes
[28Aug2026 00:19:58.560] [modloading-worker-0/INFO] [com.teampotato.redirector.Redirector/]: Redirecting com/simibubi/create/AllParticleTypes
[28Aug2026 00:19:58.567] [modloading-worker-0/INFO] [com.teampotato.redirector.Redirector/]: Redirecting net/creeperhost/ftbbackups/config/RetentionMode
[28Aug2026 00:19:58.568] [modloading-worker-0/INFO] [com.teampotato.redirector.Redirector/]: Redirecting net/creeperhost/ftbbackups/config/Format
[28Aug2026 00:19:58.581] [modloading-worker-0/INFO] [com.teampotato.redirector.Redirector/]: Redirecting com/simibubi/create/AllPackets
[28Aug2026 00:19:58.588] [modloading-worker-0/INFO] [com.teampotato.redirector.Redirector/]: Redirecting com/simibubi/create/content/schematics/cannon/ConfigureSchematicannonPacket$Option
[28Aug2026 00:19:58.635] [modloading-worker-0/INFO] [com.teampotato.redirector.Redirector/]: Redirecting com/chaosthedude/explorerscompass/client/OverlaySide
[28Aug2026 00:19:58.635] [modloading-worker-0/INFO] [Enigmatic Addons/INFO]: Mod instance constructed successfully.
[28Aug2026 00:19:58.658] [modloading-worker-0/INFO] [com.teampotato.redirector.Redirector/]: Redirecting com/teamabnormals/blueprint/common/world/storage/tracking/SyncType
[28Aug2026 00:19:58.675] [modloading-worker-0/INFO] [com.teampotato.redirector.Redirector/]: Redirecting net/creeperhost/ftbbackups/repack/org/quartz/Trigger$TriggerState
[28Aug2026 00:19:58.676] [modloading-worker-0/INFO] [com.teampotato.redirector.Redirector/]: Redirecting net/creeperhost/ftbbackups/repack/org/quartz/Trigger$CompletedExecutionInstruction
[28Aug2026 00:19:58.700] [modloading-worker-0/INFO] [net.creeperhost.ftbbackups.repack.org.quartz.impl.StdSchedulerFactory/]: Using default implementation for ThreadExecutor
[28Aug2026 00:19:58.737] [modloading-worker-0/INFO] [net.creeperhost.ftbbackups.repack.org.quartz.core.SchedulerSignalerImpl/]: Initialized Scheduler Signaller of type: class net.creeperhost.ftbbackups.repack.org.quartz.core.SchedulerSignalerImpl
[28Aug2026 00:19:58.738] [modloading-worker-0/INFO] [net.creeperhost.ftbbackups.repack.org.quartz.core.QuartzScheduler/]: Quartz Scheduler v.2.0.2 created.
[28Aug2026 00:19:58.741] [modloading-worker-0/INFO] [net.creeperhost.ftbbackups.repack.org.quartz.simpl.RAMJobStore/]: RAMJobStore initialized.
[28Aug2026 00:19:58.742] [modloading-worker-0/INFO] [net.creeperhost.ftbbackups.repack.org.quartz.core.QuartzScheduler/]: Scheduler meta-data: Quartz Scheduler (v2.0.2) 'ftbbackups2' with instanceId 'NON_CLUSTERED'
  Scheduler class: 'net.creeperhost.ftbbackups.repack.org.quartz.core.QuartzScheduler' - running locally.
  NOT STARTED.
  Currently in standby mode.
  Number of jobs executed: 0
  Using thread pool 'net.creeperhost.ftbbackups.repack.org.quartz.simpl.SimpleThreadPool' - with 1 threads.
  Using job-store 'net.creeperhost.ftbbackups.repack.org.quartz.simpl.RAMJobStore' - which does not support persistence. and is not clustered.

[28Aug2026 00:19:58.743] [modloading-worker-0/INFO] [net.creeperhost.ftbbackups.repack.org.quartz.impl.StdSchedulerFactory/]: Quartz scheduler 'ftbbackups2' initialized from an externally provided properties instance.
[28Aug2026 00:19:58.743] [modloading-worker-0/INFO] [net.creeperhost.ftbbackups.repack.org.quartz.impl.StdSchedulerFactory/]: Quartz scheduler version: 2.0.2
[28Aug2026 00:19:58.750] [modloading-worker-0/INFO] [net.creeperhost.ftbbackups.repack.org.quartz.core.QuartzScheduler/]: Scheduler ftbbackups2_$_NON_CLUSTERED started.
[28Aug2026 00:19:58.759] [modloading-worker-0/INFO] [com.teampotato.redirector.Redirector/]: Redirecting com/simibubi/create/infrastructure/config/CClient$PlacementIndicatorSetting
[28Aug2026 00:19:58.760] [modloading-worker-0/INFO] [com.teampotato.redirector.Redirector/]: Redirecting com/simibubi/create/foundation/config/ui/ConfigAnnotations$IntDisplay
[28Aug2026 00:19:58.766] [modloading-worker-0/INFO] [com.teampotato.redirector.Redirector/]: Redirecting com/teamabnormals/blueprint/common/world/storage/tracking/TrackedDataManager
[28Aug2026 00:19:58.775] [modloading-worker-0/INFO] [com.teampotato.redirector.Redirector/]: Redirecting com/simibubi/create/infrastructure/config/CKinetics$DeployerAggroSetting
[28Aug2026 00:19:58.775] [modloading-worker-0/INFO] [com.teampotato.redirector.Redirector/]: Redirecting com/simibubi/create/content/contraptions/ContraptionMovementSetting
[28Aug2026 00:19:58.793] [modloading-worker-0/INFO] [com.teampotato.redirector.Redirector/]: Redirecting com/simibubi/create/content/fluids/transfer/FluidManipulationBehaviour$BottomlessFluidMode
[28Aug2026 00:19:58.858] [modloading-worker-0/INFO] [com.teampotato.redirector.Redirector/]: Redirecting com/simibubi/create/compat/Mods
[28Aug2026 00:19:58.877] [modloading-worker-0/INFO] [dev.architectury.networking.forge.NetworkManagerImpl/]: Registering C2S receiver with id ftbchunks:request_map_data
[28Aug2026 00:19:58.884] [modloading-worker-0/INFO] [com.teampotato.redirector.Redirector/]: Redirecting mod/azure/azurelib/config/TestingConfig$TestEnum
[28Aug2026 00:19:58.885] [modloading-worker-0/INFO] [dev.architectury.networking.forge.NetworkManagerImpl/]: Registering C2S receiver with id ftbchunks:request_chunk_change
[28Aug2026 00:19:58.888] [modloading-worker-0/INFO] [dev.architectury.networking.forge.NetworkManagerImpl/]: Registering C2S receiver with id ftbchunks:teleport_from_map
[28Aug2026 00:19:58.891] [modloading-worker-0/INFO] [dev.architectury.networking.forge.NetworkManagerImpl/]: Registering C2S receiver with id ftbchunks:sync_tx
[28Aug2026 00:19:58.899] [modloading-worker-0/INFO] [dev.architectury.networking.forge.NetworkManagerImpl/]: Registering C2S receiver with id ftbchunks:update_force_load_expiry
[28Aug2026 00:19:58.900] [modloading-worker-0/INFO] [dev.architectury.networking.forge.NetworkManagerImpl/]: Registering C2S receiver with id ftbchunks:server_config_request
[28Aug2026 00:19:58.925] [modloading-worker-0/INFO] [com.teampotato.redirector.Redirector/]: Redirecting dev/ftb/mods/ftblibrary/integration/stages/StageHelper
[28Aug2026 00:19:58.926] [modloading-worker-0/INFO] [FTB Library/]: Setting game stages provider implementation to: KubeJS Stages
[28Aug2026 00:19:58.926] [modloading-worker-0/INFO] [FTB XMod Compat/]: Chose [KubeJS Stages] as the active game stages implementation
[28Aug2026 00:19:58.927] [modloading-worker-0/INFO] [com.teampotato.redirector.Redirector/]: Redirecting dev/ftb/mods/ftblibrary/integration/permissions/PermissionHelper
[28Aug2026 00:19:58.928] [modloading-worker-0/INFO] [FTB Library/]: Setting permissions provider implementation to: FTB Ranks
[28Aug2026 00:19:58.928] [modloading-worker-0/INFO] [FTB XMod Compat/]: Chose [FTB Ranks] as the active permissions implementation
[28Aug2026 00:19:58.932] [modloading-worker-0/INFO] [FTB XMod Compat/]: [FTB Quests] recipe helper provider is [JEI]
[28Aug2026 00:19:58.946] [modloading-worker-0/INFO] [FTB XMod Compat/]: [FTB Chunks] FTB Ranks detected, listening for ranks events
[28Aug2026 00:19:58.952] [modloading-worker-0/INFO] [FTB XMod Compat/]: [FTB Chunks] Enabled Waystones integration
[28Aug2026 00:19:58.953] [modloading-worker-0/INFO] [mod.azure.azurelib.AzureLib/FileWatching]: Registered azurelib config for auto-sync function
[28Aug2026 00:19:58.987] [modloading-worker-0/INFO] [com.teampotato.redirector.Redirector/]: Redirecting com/simibubi/create/content/processing/recipe/HeatCondition
[28Aug2026 00:19:59.053] [modloading-worker-0/INFO] [com.teampotato.redirector.Redirector/]: Redirecting net/minecraft/network/protocol/PacketFlow
[28Aug2026 00:19:59.065] [modloading-worker-0/INFO] [com.teampotato.redirector.Redirector/]: Redirecting net/minecraft/world/entity/player/ChatVisiblity
[28Aug2026 00:19:59.067] [modloading-worker-0/INFO] [mixin/]: Mixing common.MixinServerStatus from nochatreports.mixins.json into net.minecraft.network.protocol.status.ServerStatus
[28Aug2026 00:19:59.096] [modloading-worker-0/INFO] [com.teampotato.redirector.Redirector/]: Redirecting net/minecraft/world/entity/player/PlayerModelPart
[28Aug2026 00:19:59.107] [modloading-worker-0/INFO] [com.teampotato.redirector.Redirector/]: Redirecting net/minecraft/world/level/pathfinder/PathComputationType
[28Aug2026 00:19:59.113] [modloading-worker-0/INFO] [com.teampotato.redirector.Redirector/]: Redirecting net/minecraft/world/level/block/RenderShape
[28Aug2026 00:19:59.114] [modloading-worker-0/INFO] [com.teampotato.redirector.Redirector/]: Redirecting com/simibubi/create/content/kinetics/base/IRotate$SpeedLevel
[28Aug2026 00:19:59.235] [modloading-worker-0/INFO] [com.teampotato.redirector.Redirector/]: Redirecting de/maxhenkel/easyvillagers/ClientConfig$CycleTradesButtonLocation
[28Aug2026 00:19:59.255] [modloading-worker-0/INFO] [com.teampotato.redirector.Redirector/]: Redirecting de/z0rdak/yawp/core/area/AreaType
[28Aug2026 00:19:59.271] [modloading-worker-0/INFO] [com.teampotato.redirector.Redirector/]: Redirecting de/z0rdak/yawp/core/region/RegionType
[28Aug2026 00:19:59.286] [modloading-worker-0/INFO] [com.teampotato.redirector.Redirector/]: Redirecting daripher/skilltree/skill/bonus/condition/item/PotionCondition$Type
[28Aug2026 00:19:59.298] [modloading-worker-0/INFO] [com.teampotato.redirector.Redirector/]: Redirecting de/z0rdak/yawp/core/flag/RegionFlag
[28Aug2026 00:19:59.299] [modloading-worker-0/INFO] [com.teampotato.redirector.Redirector/]: Redirecting de/z0rdak/yawp/core/flag/FlagType
[28Aug2026 00:19:59.321] [modloading-worker-0/INFO] [com.teampotato.redirector.Redirector/]: Redirecting daripher/skilltree/compat/apotheosis/ApotheosisCompatibility
[28Aug2026 00:19:59.342] [modloading-worker-0/INFO] [com.teampotato.redirector.Redirector/]: Redirecting shadows/apotheosis/adventure/affix/AffixType
[28Aug2026 00:19:59.371] [modloading-worker-0/INFO] [quark/]: Found Quark module class vazkii.quark.content.experimental.module.VariantSelectorModule
[28Aug2026 00:19:59.378] [modloading-worker-0/INFO] [com.teampotato.redirector.Redirector/]: Redirecting daripher/skilltree/skill/bonus/player/LootDuplicationBonus$LootType
[28Aug2026 00:19:59.379] [modloading-worker-0/INFO] [com.teampotato.redirector.Redirector/]: Redirecting vazkii/quark/base/module/ModuleCategory
[28Aug2026 00:19:59.382] [modloading-worker-0/INFO] [quark/]: Found Quark module class vazkii.quark.content.experimental.module.NarratorReadoutModule
[28Aug2026 00:19:59.384] [modloading-worker-0/INFO] [quark/]: Found Quark module class vazkii.quark.content.experimental.module.ClimateControlRemoverModule
[28Aug2026 00:19:59.385] [modloading-worker-0/INFO] [quark/]: Found Quark module class vazkii.quark.content.experimental.module.EnchantmentsBegoneModule
[28Aug2026 00:19:59.388] [modloading-worker-0/INFO] [quark/]: Found Quark module class vazkii.quark.content.experimental.module.GameNerfsModule
[28Aug2026 00:19:59.389] [modloading-worker-0/INFO] [quark/]: Found Quark module class vazkii.quark.content.experimental.module.SpawnerReplacerModule
[28Aug2026 00:19:59.389] [modloading-worker-0/INFO] [quark/]: Found Quark module class vazkii.quark.content.experimental.module.AdjustableChatModule
[28Aug2026 00:19:59.392] [modloading-worker-0/INFO] [quark/]: Found Quark module class vazkii.quark.content.experimental.module.VillagerRerollingReworkModule
[28Aug2026 00:19:59.393] [modloading-worker-0/INFO] [quark/]: Found Quark module class vazkii.quark.content.experimental.module.OverlayShaderModule
[28Aug2026 00:19:59.393] [modloading-worker-0/INFO] [quark/]: Found Quark module class vazkii.quark.content.experimental.module.EnchantmentPredicatesModule
[28Aug2026 00:19:59.396] [modloading-worker-0/INFO] [quark/]: Found Quark module class vazkii.quark.content.building.module.VariantLaddersModule
[28Aug2026 00:19:59.397] [modloading-worker-0/INFO] [quark/]: Found Quark module class vazkii.quark.content.building.module.VariantBookshelvesModule
[28Aug2026 00:19:59.399] [modloading-worker-0/INFO] [quark/]: Found Quark module class vazkii.quark.content.building.module.BambooBackportModule
[28Aug2026 00:19:59.402] [modloading-worker-0/INFO] [quark/]: Found Quark module class vazkii.quark.content.building.module.CompressedBlocksModule
[28Aug2026 00:19:59.409] [modloading-worker-0/INFO] [quark/]: Found Quark module class vazkii.quark.content.building.module.MorePottedPlantsModule
[28Aug2026 00:19:59.410] [modloading-worker-0/INFO] [quark/]: Found Quark module class vazkii.quark.content.building.module.DuskboundBlocksModule
[28Aug2026 00:19:59.412] [modloading-worker-0/INFO] [quark/]: Found Quark module class vazkii.quark.content.building.module.WoodenPostsModule
[28Aug2026 00:19:59.415] [modloading-worker-0/INFO] [quark/]: Found Quark module class vazkii.quark.content.building.module.ThatchModule
[28Aug2026 00:19:59.418] [modloading-worker-0/INFO] [quark/]: Found Quark module class vazkii.quark.content.building.module.MoreStoneVariantsModule
[28Aug2026 00:19:59.419] [modloading-worker-0/INFO] [quark/]: Found Quark module class vazkii.quark.content.building.module.ShearVinesModule
[28Aug2026 00:19:59.424] [modloading-worker-0/INFO] [quark/]: Found Quark module class vazkii.quark.content.building.module.NetherBrickFenceGateModule
[28Aug2026 00:19:59.425] [modloading-worker-0/INFO] [quark/]: Found Quark module class vazkii.quark.content.building.module.GoldBarsModule
[28Aug2026 00:19:59.427] [modloading-worker-0/INFO] [quark/]: Found Quark module class vazkii.quark.content.building.module.RopeModule
[28Aug2026 00:19:59.428] [modloading-worker-0/INFO] [com.teampotato.redirector.Redirector/]: Redirecting net/mehvahdjukaar/supplementaries/common/block/blocks/BlackboardBlock$UseMode
[28Aug2026 00:19:59.432] [modloading-worker-0/INFO] [com.teampotato.redirector.Redirector/]: Redirecting net/mehvahdjukaar/supplementaries/configs/CommonConfigs$Hands
[28Aug2026 00:19:59.433] [modloading-worker-0/INFO] [quark/]: Found Quark module class vazkii.quark.content.building.module.CelebratoryLampsModule
[28Aug2026 00:19:59.433] [modloading-worker-0/INFO] [com.teampotato.redirector.Redirector/]: Redirecting net/mehvahdjukaar/supplementaries/common/entities/BombEntity$BreakingMode
[28Aug2026 00:19:59.436] [modloading-worker-0/INFO] [quark/]: Found Quark module class vazkii.quark.content.building.module.SoulSandstoneModule
[28Aug2026 00:19:59.438] [modloading-worker-0/INFO] [quark/]: Found Quark module class vazkii.quark.content.building.module.VariantChestsModule
[28Aug2026 00:19:59.439] [modloading-worker-0/INFO] [com.teampotato.redirector.Redirector/]: Redirecting net/mehvahdjukaar/supplementaries/common/block/blocks/LightableLanternBlock$FallMode
[28Aug2026 00:19:59.441] [modloading-worker-0/INFO] [com.teampotato.redirector.Redirector/]: Redirecting net/mehvahdjukaar/supplementaries/configs/CommonConfigs$DeathMarkerMode
[28Aug2026 00:19:59.442] [modloading-worker-0/INFO] [com.teampotato.redirector.Redirector/]: Redirecting net/mehvahdjukaar/moonlight/api/platform/PlatformHelper$Platform
[28Aug2026 00:19:59.446] [modloading-worker-0/INFO] [quark/]: Found Quark module class vazkii.quark.content.building.module.LeafCarpetModule
[28Aug2026 00:19:59.450] [modloading-worker-0/INFO] [quark/]: Found Quark module class vazkii.quark.content.building.module.FramedGlassModule
[28Aug2026 00:19:59.457] [modloading-worker-0/INFO] [quark/]: Found Quark module class vazkii.quark.content.building.module.VerticalPlanksModule
[28Aug2026 00:19:59.458] [modloading-worker-0/INFO] [quark/]: Found Quark module class vazkii.quark.content.building.module.VariantFurnacesModule
[28Aug2026 00:19:59.462] [modloading-worker-0/INFO] [quark/]: Found Quark module class vazkii.quark.content.building.module.HedgesModule
[28Aug2026 00:19:59.463] [modloading-worker-0/INFO] [quark/]: Found Quark module class vazkii.quark.content.building.module.HollowLogsModule
[28Aug2026 00:19:59.464] [modloading-worker-0/INFO] [quark/]: Found Quark module class vazkii.quark.content.building.module.MidoriModule
[28Aug2026 00:19:59.464] [modloading-worker-0/INFO] [quark/]: Found Quark module class vazkii.quark.content.building.module.RainbowLampsModule
[28Aug2026 00:19:59.466] [modloading-worker-0/INFO] [quark/]: Found Quark module class vazkii.quark.content.building.module.VerticalSlabsModule
[28Aug2026 00:19:59.475] [modloading-worker-0/INFO] [quark/]: Found Quark module class vazkii.quark.content.building.module.ShinglesModule
[28Aug2026 00:19:59.476] [modloading-worker-0/INFO] [quark/]: Found Quark module class vazkii.quark.content.building.module.SturdyStoneModule
[28Aug2026 00:19:59.479] [modloading-worker-0/INFO] [quark/]: Found Quark module class vazkii.quark.content.building.module.StoolsModule
[28Aug2026 00:19:59.480] [modloading-worker-0/INFO] [com.teampotato.redirector.Redirector/]: Redirecting net/mehvahdjukaar/supplementaries/configs/ClientConfigs$GraphicsFanciness
[28Aug2026 00:19:59.480] [modloading-worker-0/INFO] [quark/]: Found Quark module class vazkii.quark.content.building.module.RawMetalBricksModule
[28Aug2026 00:19:59.481] [modloading-worker-0/INFO] [quark/]: Found Quark module class vazkii.quark.content.building.module.MoreMudBlocksModule
[28Aug2026 00:19:59.481] [modloading-worker-0/INFO] [quark/]: Found Quark module class vazkii.quark.content.building.module.GrateModule
[28Aug2026 00:19:59.487] [modloading-worker-0/INFO] [quark/]: Found Quark module class vazkii.quark.content.building.module.JapanesePaletteModule
[28Aug2026 00:19:59.488] [modloading-worker-0/INFO] [com.teampotato.redirector.Redirector/]: Redirecting net/mehvahdjukaar/supplementaries/common/block/tiles/BookPileBlockTile$BookColor
[28Aug2026 00:19:59.488] [modloading-worker-0/INFO] [quark/]: Found Quark module class vazkii.quark.content.building.module.MoreBrickTypesModule
[28Aug2026 00:19:59.489] [modloading-worker-0/INFO] [quark/]: Found Quark module class vazkii.quark.content.building.module.GlassItemFrameModule
[28Aug2026 00:19:59.492] [modloading-worker-0/INFO] [quark/]: Found Quark module class vazkii.quark.content.building.module.IndustrialPaletteModule
[28Aug2026 00:19:59.499] [modloading-worker-0/INFO] [quark/]: Found Quark module class vazkii.quark.content.world.module.NetherObsidianSpikesModule
[28Aug2026 00:19:59.503] [modloading-worker-0/INFO] [quark/]: Found Quark module class vazkii.quark.content.world.module.PermafrostModule
[28Aug2026 00:19:59.504] [modloading-worker-0/INFO] [com.teampotato.redirector.Redirector/]: Redirecting net/mehvahdjukaar/supplementaries/client/renderers/entities/layers/QuiverLayer$QuiverMode
[28Aug2026 00:19:59.507] [modloading-worker-0/INFO] [quark/]: Found Quark module class vazkii.quark.content.world.module.FairyRingsModule
[28Aug2026 00:19:59.512] [modloading-worker-0/INFO] [quark/]: Found Quark module class vazkii.quark.content.world.module.BigStoneClustersModule
[28Aug2026 00:19:59.523] [modloading-worker-0/INFO] [quark/]: Found Quark module class vazkii.quark.content.world.module.SpiralSpiresModule
[28Aug2026 00:19:59.530] [modloading-worker-0/INFO] [quark/]: Found Quark module class vazkii.quark.content.world.module.AncientWoodModule
[28Aug2026 00:19:59.535] [modloading-worker-0/INFO] [quark/]: Found Quark module class vazkii.quark.content.world.module.NewStoneTypesModule
[28Aug2026 00:19:59.539] [modloading-worker-0/INFO] [com.teampotato.redirector.Redirector/]: Redirecting net/mehvahdjukaar/supplementaries/common/network/ClientBoundParticlePacket$EventType
[28Aug2026 00:19:59.542] [modloading-worker-0/INFO] [quark/]: Found Quark module class vazkii.quark.content.world.module.BlossomTreesModule
[28Aug2026 00:19:59.547] [modloading-worker-0/INFO] [quark/]: Found Quark module class vazkii.quark.content.world.module.GlimmeringWealdModule
[28Aug2026 00:19:59.558] [modloading-worker-0/INFO] [quark/]: Found Quark module class vazkii.quark.content.world.module.MonsterBoxModule
[28Aug2026 00:19:59.561] [modloading-worker-0/INFO] [quark/]: Found Quark module class vazkii.quark.content.world.module.AzaleaWoodModule
[28Aug2026 00:19:59.562] [modloading-worker-0/INFO] [quark/]: Found Quark module class vazkii.quark.content.world.module.NoMoreLavaPocketsModule
[28Aug2026 00:19:59.566] [modloading-worker-0/INFO] [quark/]: Found Quark module class vazkii.quark.content.world.module.CorundumModule
[28Aug2026 00:19:59.571] [modloading-worker-0/INFO] [quark/]: Found Quark module class vazkii.quark.content.world.module.ChorusVegetationModule
[28Aug2026 00:19:59.574] [modloading-worker-0/INFO] [quark/]: Found Quark module class vazkii.quark.content.client.module.CameraModule
[28Aug2026 00:19:59.575] [modloading-worker-0/INFO] [quark/]: Found Quark module class vazkii.quark.content.client.module.ElytraIndicatorModule
[28Aug2026 00:19:59.578] [modloading-worker-0/INFO] [quark/]: Found Quark module class vazkii.quark.content.client.module.ImprovedTooltipsModule
[28Aug2026 00:19:59.579] [modloading-worker-0/INFO] [quark/]: Found Quark module class vazkii.quark.content.client.module.GreenerGrassModule
[28Aug2026 00:19:59.585] [modloading-worker-0/INFO] [quark/]: Found Quark module class vazkii.quark.content.client.module.BucketsShowInhabitantsModule
[28Aug2026 00:19:59.586] [modloading-worker-0/INFO] [quark/]: Found Quark module class vazkii.quark.content.client.module.SoulCandlesModule
[28Aug2026 00:19:59.586] [modloading-worker-0/INFO] [quark/]: Found Quark module class vazkii.quark.content.client.module.AutoWalkKeybindModule
[28Aug2026 00:19:59.589] [modloading-worker-0/INFO] [quark/]: Found Quark module class vazkii.quark.content.client.module.VariantAnimalTexturesModule
[28Aug2026 00:19:59.590] [modloading-worker-0/INFO] [quark/]: Found Quark module class vazkii.quark.content.client.module.MicrocraftingHelperModule
[28Aug2026 00:19:59.594] [modloading-worker-0/INFO] [quark/]: Found Quark module class vazkii.quark.content.client.module.UsesForCursesModule
[28Aug2026 00:19:59.598] [modloading-worker-0/INFO] [quark/]: Found Quark module class vazkii.quark.content.client.module.WoolShutsUpMinecartsModule
[28Aug2026 00:19:59.599] [modloading-worker-0/INFO] [quark/]: Found Quark module class vazkii.quark.content.client.module.BackButtonKeybindModule
[28Aug2026 00:19:59.601] [modloading-worker-0/INFO] [quark/]: Found Quark module class vazkii.quark.content.client.module.ChestSearchingModule
[28Aug2026 00:19:59.605] [modloading-worker-0/INFO] [quark/]: Found Quark module class vazkii.quark.content.client.module.LongRangePickBlockModule
[28Aug2026 00:19:59.608] [modloading-worker-0/INFO] [quark/]: Found Quark module class vazkii.quark.content.client.module.UsageTickerModule
[28Aug2026 00:19:59.609] [modloading-worker-0/INFO] [quark/]: Found Quark module class vazkii.quark.content.automation.module.PistonsMoveTileEntitiesModule
[28Aug2026 00:19:59.611] [modloading-worker-0/INFO] [quark/]: Found Quark module class vazkii.quark.content.automation.module.EnderWatcherModule
[28Aug2026 00:19:59.616] [modloading-worker-0/INFO] [quark/]: Found Quark module class vazkii.quark.content.automation.module.RedstoneRandomizerModule
[28Aug2026 00:19:59.621] [modloading-worker-0/INFO] [quark/]: Found Quark module class vazkii.quark.content.automation.module.FeedingTroughModule
[28Aug2026 00:19:59.623] [modloading-worker-0/INFO] [quark/]: Found Quark module class vazkii.quark.content.automation.module.MetalButtonsModule
[28Aug2026 00:19:59.630] [modloading-worker-0/INFO] [quark/]: Found Quark module class vazkii.quark.content.automation.module.IronRodModule
[28Aug2026 00:19:59.636] [modloading-worker-0/INFO] [quark/]: Found Quark module class vazkii.quark.content.automation.module.ObsidianPlateModule
[28Aug2026 00:19:59.636] [modloading-worker-0/INFO] [quark/]: Found Quark module class vazkii.quark.content.automation.module.ChainsConnectBlocksModule
[28Aug2026 00:19:59.640] [modloading-worker-0/INFO] [quark/]: Found Quark module class vazkii.quark.content.automation.module.GravisandModule
[28Aug2026 00:19:59.651] [modloading-worker-0/INFO] [quark/]: Found Quark module class vazkii.quark.content.automation.module.JukeboxAutomationModule
[28Aug2026 00:19:59.654] [modloading-worker-0/INFO] [quark/]: Found Quark module class vazkii.quark.content.automation.module.DispensersPlaceBlocksModule
[28Aug2026 00:19:59.655] [modloading-worker-0/INFO] [quark/]: Found Quark module class vazkii.quark.content.automation.module.ChuteModule
[28Aug2026 00:19:59.656] [modloading-worker-0/INFO] [quark/]: Found Quark module class vazkii.quark.content.management.module.QuickArmorSwappingModule
[28Aug2026 00:19:59.657] [modloading-worker-0/INFO] [quark/]: Found Quark module class vazkii.quark.content.management.module.ItemSharingModule
[28Aug2026 00:19:59.666] [modloading-worker-0/INFO] [quark/]: Found Quark module class vazkii.quark.content.management.module.AutomaticToolRestockModule
[28Aug2026 00:19:59.678] [modloading-worker-0/INFO] [quark/]: Found Quark module class vazkii.quark.content.management.module.ExpandedItemInteractionsModule
[28Aug2026 00:19:59.680] [modloading-worker-0/INFO] [quark/]: Found Quark module class vazkii.quark.content.management.module.InventorySortingModule
[28Aug2026 00:19:59.683] [modloading-worker-0/INFO] [quark/]: Found Quark module class vazkii.quark.content.management.module.HotbarChangerModule
[28Aug2026 00:19:59.684] [modloading-worker-0/INFO] [quark/]: Found Quark module class vazkii.quark.content.management.module.EasyTransferingModule
[28Aug2026 00:19:59.701] [modloading-worker-0/INFO] [quark/]: Found Quark module class vazkii.quark.content.tweaks.module.GoldToolsHaveFortuneModule
[28Aug2026 00:19:59.702] [modloading-worker-0/INFO] [mixin/]: Mixing MixinAutomaticRecipeUnlockModule from enigmaticlegacy.mixins.json into vazkii.quark.content.tweaks.module.AutomaticRecipeUnlockModule
[28Aug2026 00:19:59.702] [modloading-worker-0/INFO] [mixin/]: Renaming synthetic method lambda$onAwardRecipes$0(Lnet/minecraft/world/item/crafting/Recipe;)Z to md6c0f95$lambda$onAwardRecipes$0$0 in enigmaticlegacy.mixins.json:MixinAutomaticRecipeUnlockModule
[28Aug2026 00:19:59.706] [modloading-worker-0/INFO] [quark/]: Found Quark module class vazkii.quark.content.tweaks.module.AutomaticRecipeUnlockModule
[28Aug2026 00:19:59.709] [modloading-worker-0/INFO] [quark/]: Found Quark module class vazkii.quark.content.tweaks.module.UtilityRecipesModule
[28Aug2026 00:19:59.710] [modloading-worker-0/INFO] [quark/]: Found Quark module class vazkii.quark.content.tweaks.module.PoisonPotatoUsageModule
[28Aug2026 00:19:59.711] [modloading-worker-0/INFO] [quark/]: Found Quark module class vazkii.quark.content.tweaks.module.BetterElytraRocketModule
[28Aug2026 00:19:59.713] [modloading-worker-0/INFO] [quark/]: Found Quark module class vazkii.quark.content.tweaks.module.RenewableSporeBlossomsModule
[28Aug2026 00:19:59.714] [modloading-worker-0/INFO] [quark/]: Found Quark module class vazkii.quark.content.tweaks.module.CoralOnCactusModule
[28Aug2026 00:19:59.714] [modloading-worker-0/INFO] [quark/]: Found Quark module class vazkii.quark.content.tweaks.module.GlassShardModule
[28Aug2026 00:19:59.717] [modloading-worker-0/INFO] [quark/]: Found Quark module class vazkii.quark.content.tweaks.module.PigLittersModule
[28Aug2026 00:19:59.718] [modloading-worker-0/INFO] [quark/]: Found Quark module class vazkii.quark.content.tweaks.module.CampfiresBoostElytraModule
[28Aug2026 00:19:59.719] [modloading-worker-0/INFO] [quark/]: Found Quark module class vazkii.quark.content.tweaks.module.DyeableItemFramesModule
[28Aug2026 00:19:59.720] [modloading-worker-0/INFO] [quark/]: Found Quark module class vazkii.quark.content.tweaks.module.SlabsToBlocksModule
[28Aug2026 00:19:59.721] [modloading-worker-0/INFO] [quark/]: Found Quark module class vazkii.quark.content.tweaks.module.MapWashingModule
[28Aug2026 00:19:59.725] [modloading-worker-0/INFO] [quark/]: Found Quark module class vazkii.quark.content.tweaks.module.EnhancedLaddersModule
[28Aug2026 00:19:59.727] [modloading-worker-0/INFO] [quark/]: Found Quark module class vazkii.quark.content.tweaks.module.ReacharoundPlacingModule
[28Aug2026 00:19:59.727] [modloading-worker-0/INFO] [quark/]: Found Quark module class vazkii.quark.content.tweaks.module.HorsesSwimModule
[28Aug2026 00:19:59.729] [modloading-worker-0/INFO] [quark/]: Found Quark module class vazkii.quark.content.tweaks.module.SpongeOnWaterPlacementModule
[28Aug2026 00:19:59.731] [modloading-worker-0/INFO] [quark/]: Found Quark module class vazkii.quark.content.tweaks.module.ArmedArmorStandsModule
[28Aug2026 00:19:59.731] [modloading-worker-0/INFO] [quark/]: Found Quark module class vazkii.quark.content.tweaks.module.DoubleDoorOpeningModule
[28Aug2026 00:19:59.737] [modloading-worker-0/INFO] [quark/]: Found Quark module class vazkii.quark.content.tweaks.module.ZombieVillagersOnNormalModule
[28Aug2026 00:19:59.738] [modloading-worker-0/INFO] [quark/]: Found Quark module class vazkii.quark.content.tweaks.module.HoeHarvestingModule
[28Aug2026 00:19:59.739] [modloading-worker-0/INFO] [quark/]: Found Quark module class vazkii.quark.content.tweaks.module.EmotesModule
[28Aug2026 00:19:59.741] [modloading-worker-0/INFO] [quark/]: Found Quark module class vazkii.quark.content.tweaks.module.SlimesToMagmaCubesModule
[28Aug2026 00:19:59.746] [modloading-worker-0/INFO] [quark/]: Found Quark module class vazkii.quark.content.tweaks.module.SnowGolemPlayerHeadsModule
[28Aug2026 00:19:59.747] [modloading-worker-0/INFO] [quark/]: Found Quark module class vazkii.quark.content.tweaks.module.VexesDieWithTheirMastersModule
[28Aug2026 00:19:59.749] [modloading-worker-0/INFO] [quark/]: Found Quark module class vazkii.quark.content.tweaks.module.MoreNoteBlockSoundsModule
[28Aug2026 00:19:59.752] [modloading-worker-0/INFO] [quark/]: Found Quark module class vazkii.quark.content.tweaks.module.PatTheDogsModule
[28Aug2026 00:19:59.756] [modloading-worker-0/INFO] [quark/]: Found Quark module class vazkii.quark.content.tweaks.module.GrabChickensModule
[28Aug2026 00:19:59.757] [modloading-worker-0/INFO] [quark/]: Found Quark module class vazkii.quark.content.tweaks.module.MoreBannerLayersModule
[28Aug2026 00:19:59.757] [modloading-worker-0/INFO] [quark/]: Found Quark module class vazkii.quark.content.tweaks.module.ReplaceScaffoldingModule
[28Aug2026 00:19:59.761] [modloading-worker-0/INFO] [quark/]: Found Quark module class vazkii.quark.content.tweaks.module.DiamondRepairModule
[28Aug2026 00:19:59.762] [modloading-worker-0/INFO] [quark/]: Found Quark module class vazkii.quark.content.tweaks.module.SaferCreaturesModule
[28Aug2026 00:19:59.763] [modloading-worker-0/INFO] [quark/]: Found Quark module class vazkii.quark.content.tweaks.module.LockRotationModule
[28Aug2026 00:19:59.768] [modloading-worker-0/INFO] [quark/]: Found Quark module class vazkii.quark.content.tweaks.module.VillagersFollowEmeraldsModule
[28Aug2026 00:19:59.769] [modloading-worker-0/INFO] [quark/]: Found Quark module class vazkii.quark.content.tweaks.module.CompassesWorkEverywhereModule
[28Aug2026 00:19:59.773] [modloading-worker-0/INFO] [quark/]: Found Quark module class vazkii.quark.content.tweaks.module.NoDurabilityOnCosmeticsModule
[28Aug2026 00:19:59.773] [modloading-worker-0/INFO] [quark/]: Found Quark module class vazkii.quark.content.tweaks.module.SpongesBetterModule
[28Aug2026 00:19:59.774] [modloading-worker-0/INFO] [quark/]: Found Quark module class vazkii.quark.content.tweaks.module.SignEditingModule
[28Aug2026 00:19:59.777] [modloading-worker-0/INFO] [quark/]: Found Quark module class vazkii.quark.content.tweaks.module.SimpleHarvestModule
[28Aug2026 00:19:59.782] [modloading-worker-0/INFO] [quark/]: Found Quark module class vazkii.quark.content.tweaks.module.DragonScalesModule
[28Aug2026 00:19:59.783] [modloading-worker-0/INFO] [quark/]: Found Quark module class vazkii.quark.content.tweaks.module.ShulkerPackingModule
[28Aug2026 00:19:59.784] [modloading-worker-0/INFO] [quark/]: Found Quark module class vazkii.quark.content.mobs.module.FoxhoundModule
[28Aug2026 00:19:59.786] [modloading-worker-0/INFO] [quark/]: Found Quark module class vazkii.quark.content.mobs.module.WraithModule
[28Aug2026 00:19:59.791] [modloading-worker-0/INFO] [quark/]: Found Quark module class vazkii.quark.content.mobs.module.CrabsModule
[28Aug2026 00:19:59.798] [modloading-worker-0/INFO] [quark/]: Found Quark module class vazkii.quark.content.mobs.module.ForgottenModule
[28Aug2026 00:19:59.810] [modloading-worker-0/INFO] [quark/]: Found Quark module class vazkii.quark.content.mobs.module.ShibaModule
[28Aug2026 00:19:59.811] [modloading-worker-0/INFO] [quark/]: Found Quark module class vazkii.quark.content.mobs.module.StonelingsModule
[28Aug2026 00:19:59.816] [modloading-worker-0/INFO] [quark/]: Found Quark module class vazkii.quark.content.mobs.module.ToretoiseModule
[28Aug2026 00:19:59.817] [modloading-worker-0/INFO] [quark/]: Found Quark module class vazkii.quark.content.tools.module.BeaconRedirectionModule
[28Aug2026 00:19:59.822] [modloading-worker-0/INFO] [quark/]: Found Quark module class vazkii.quark.content.tools.module.AmbientDiscsModule
[28Aug2026 00:19:59.830] [modloading-worker-0/INFO] [quark/]: Found Quark module class vazkii.quark.content.tools.module.PathfinderMapsModule
[28Aug2026 00:19:59.836] [modloading-worker-0/INFO] [quark/]: Found Quark module class vazkii.quark.content.tools.module.ColorRunesModule
[28Aug2026 00:19:59.842] [modloading-worker-0/INFO] [quark/]: Found Quark module class vazkii.quark.content.tools.module.PickarangModule
[28Aug2026 00:19:59.846] [modloading-worker-0/INFO] [quark/]: Found Quark module class vazkii.quark.content.tools.module.ParrotEggsModule
[28Aug2026 00:19:59.847] [modloading-worker-0/INFO] [quark/]: Found Quark module class vazkii.quark.content.tools.module.TrowelModule
[28Aug2026 00:19:59.848] [modloading-worker-0/INFO] [quark/]: Found Quark module class vazkii.quark.content.tools.module.AbacusModule
[28Aug2026 00:19:59.851] [modloading-worker-0/INFO] [quark/]: Found Quark module class vazkii.quark.content.tools.module.BottledCloudModule
[28Aug2026 00:19:59.853] [modloading-worker-0/INFO] [quark/]: Found Quark module class vazkii.quark.content.tools.module.TorchArrowModule
[28Aug2026 00:19:59.858] [modloading-worker-0/INFO] [quark/]: Found Quark module class vazkii.quark.content.tools.module.BundleRecipeModule
[28Aug2026 00:19:59.923] [modloading-worker-0/INFO] [com.teampotato.redirector.Redirector/]: Redirecting io/redspace/ironsspellbooks/api/spells/SpellRarity
[28Aug2026 00:19:59.938] [modloading-worker-0/INFO] [net.minecraftforge.coremod.CoreMod.apotheosis/COREMODLOG]: Replaced 5 calls to Enchantment#getMaxLevel() in vazkii/quark/content/tools/module/AncientTomesModule
[28Aug2026 00:19:59.941] [modloading-worker-0/INFO] [quark/]: Found Quark module class vazkii.quark.content.tools.module.AncientTomesModule
[28Aug2026 00:19:59.959] [modloading-worker-0/INFO] [net.minecraftforge.coremod.CoreMod.apotheosis/COREMODLOG]: Replaced 3 calls to Enchantment#getMaxLevel() in vazkii/quark/content/tools/item/AncientTomeItem
[28Aug2026 00:19:59.961] [modloading-worker-0/INFO] [quark/]: Found Quark module class vazkii.quark.content.tools.module.EndermoshMusicDiscModule
[28Aug2026 00:19:59.962] [modloading-worker-0/INFO] [quark/]: Found Quark module class vazkii.quark.content.tools.module.SeedPouchModule
[28Aug2026 00:19:59.967] [modloading-worker-0/INFO] [quark/]: Found Quark module class vazkii.quark.content.tools.module.SkullPikesModule
[28Aug2026 00:19:59.978] [modloading-worker-0/INFO] [quark/]: Found Quark module class vazkii.quark.content.tools.module.SlimeInABucketModule
[28Aug2026 00:19:59.984] [modloading-worker-0/INFO] [quark/]: Found Quark module class vazkii.quark.addons.oddities.module.PipesModule
[28Aug2026 00:19:59.990] [modloading-worker-0/INFO] [quark/]: Found Quark module class vazkii.quark.addons.oddities.module.BackpackModule
[28Aug2026 00:19:59.997] [modloading-worker-0/INFO] [quark/]: Found Quark module class vazkii.quark.addons.oddities.module.TinyPotatoModule
[28Aug2026 00:20:00.001] [modloading-worker-0/INFO] [quark/]: Found Quark module class vazkii.quark.addons.oddities.module.MatrixEnchantingModule
[28Aug2026 00:20:00.011] [modloading-worker-0/INFO] [quark/]: Found Quark module class vazkii.quark.addons.oddities.module.TotemOfHoldingModule
[28Aug2026 00:20:00.017] [modloading-worker-0/INFO] [quark/]: Found Quark module class vazkii.quark.addons.oddities.module.CrateModule
[28Aug2026 00:20:00.019] [modloading-worker-0/INFO] [quark/]: Found Quark module class vazkii.quark.addons.oddities.module.MagnetsModule
[28Aug2026 00:20:00.026] [modloading-worker-0/INFO] [com.teampotato.redirector.Redirector/]: Redirecting vazkii/quark/base/module/ModuleLoader$Step
[28Aug2026 00:20:00.030] [modloading-worker-0/INFO] [quark/]: Dispatching Module Step CONSTRUCT
[28Aug2026 00:20:00.209] [modloading-worker-0/INFO] [quark/]: Loading Module Pistons Move Tile Entities
[28Aug2026 00:20:00.213] [modloading-worker-0/INFO] [quark/]: Loading Module Ender Watcher
[28Aug2026 00:20:00.217] [modloading-worker-0/INFO] [quark/]: Loading Module Redstone Randomizer
[28Aug2026 00:20:00.217] [modloading-worker-0/INFO] [quark/]: Loading Module Feeding Trough
[28Aug2026 00:20:00.223] [modloading-worker-0/INFO] [quark/]: Loading Module Metal Buttons
[28Aug2026 00:20:00.226] [modloading-worker-0/INFO] [quark/]: Loading Module Iron Rod
[28Aug2026 00:20:00.226] [modloading-worker-0/INFO] [quark/]: Loading Module Obsidian Plate
[28Aug2026 00:20:00.226] [modloading-worker-0/INFO] [quark/]: Loading Module Chains Connect Blocks
[28Aug2026 00:20:00.226] [modloading-worker-0/INFO] [quark/]: Loading Module Gravisand
[28Aug2026 00:20:00.226] [modloading-worker-0/INFO] [quark/]: Loading Module Jukebox Automation
[28Aug2026 00:20:00.234] [modloading-worker-0/INFO] [quark/]: Loading Module Dispensers Place Blocks
[28Aug2026 00:20:00.234] [modloading-worker-0/INFO] [quark/]: Loading Module Chute
[28Aug2026 00:20:00.234] [modloading-worker-0/INFO] [quark/]: Loading Module Variant Ladders
[28Aug2026 00:20:00.234] [modloading-worker-0/INFO] [quark/]: Loading Module Variant Bookshelves
[28Aug2026 00:20:00.234] [modloading-worker-0/INFO] [quark/]: Loading Module Bamboo Backport
[28Aug2026 00:20:00.234] [modloading-worker-0/INFO] [quark/]: Loading Module Compressed Blocks
[28Aug2026 00:20:00.235] [modloading-worker-0/INFO] [quark/]: Loading Module More Potted Plants
[28Aug2026 00:20:00.235] [modloading-worker-0/INFO] [quark/]: Loading Module Duskbound Blocks
[28Aug2026 00:20:00.235] [modloading-worker-0/INFO] [quark/]: Loading Module Wooden Posts
[28Aug2026 00:20:00.237] [modloading-worker-0/INFO] [quark/]: Loading Module Thatch
[28Aug2026 00:20:00.237] [modloading-worker-0/INFO] [quark/]: Loading Module More Stone Variants
[28Aug2026 00:20:00.237] [modloading-worker-0/INFO] [quark/]: Loading Module Shear Vines
[28Aug2026 00:20:00.238] [modloading-worker-0/INFO] [quark/]: Loading Module Nether Brick Fence Gate
[28Aug2026 00:20:00.241] [modloading-worker-0/INFO] [quark/]: Loading Module Gold Bars
[28Aug2026 00:20:00.241] [modloading-worker-0/INFO] [quark/]: Loading Module Rope
[28Aug2026 00:20:00.241] [modloading-worker-0/INFO] [quark/]: Loading Module Celebratory Lamps
[28Aug2026 00:20:00.241] [modloading-worker-0/INFO] [quark/]: Loading Module Soul Sandstone
[28Aug2026 00:20:00.241] [modloading-worker-0/INFO] [quark/]: Loading Module Variant Chests
[28Aug2026 00:20:00.241] [modloading-worker-0/INFO] [quark/]: Loading Module Leaf Carpet
[28Aug2026 00:20:00.241] [modloading-worker-0/INFO] [quark/]: Loading Module Framed Glass
[28Aug2026 00:20:00.241] [modloading-worker-0/INFO] [quark/]: Loading Module Vertical Planks
[28Aug2026 00:20:00.241] [modloading-worker-0/INFO] [quark/]: Loading Module Variant Furnaces
[28Aug2026 00:20:00.242] [modloading-worker-0/INFO] [quark/]: Loading Module Hedges
[28Aug2026 00:20:00.242] [modloading-worker-0/INFO] [quark/]: Loading Module Hollow Logs
[28Aug2026 00:20:00.242] [modloading-worker-0/INFO] [quark/]: Loading Module Midori
[28Aug2026 00:20:00.246] [modloading-worker-0/INFO] [quark/]: Loading Module Rainbow Lamps
[28Aug2026 00:20:00.246] [modloading-worker-0/INFO] [quark/]: Loading Module Vertical Slabs
[28Aug2026 00:20:00.246] [modloading-worker-0/INFO] [quark/]: Loading Module Shingles
[28Aug2026 00:20:00.246] [modloading-worker-0/INFO] [quark/]: Loading Module Sturdy Stone
[28Aug2026 00:20:00.246] [modloading-worker-0/INFO] [quark/]: Loading Module Stools
[28Aug2026 00:20:00.250] [modloading-worker-0/INFO] [quark/]: Loading Module Raw Metal Bricks
[28Aug2026 00:20:00.251] [modloading-worker-0/INFO] [quark/]: Loading Module More Mud Blocks
[28Aug2026 00:20:00.251] [modloading-worker-0/INFO] [quark/]: Loading Module Grate
[28Aug2026 00:20:00.251] [modloading-worker-0/INFO] [quark/]: Loading Module Japanese Palette
[28Aug2026 00:20:00.251] [modloading-worker-0/INFO] [quark/]: Loading Module More Brick Types
[28Aug2026 00:20:00.251] [modloading-worker-0/INFO] [quark/]: Loading Module Glass Item Frame
[28Aug2026 00:20:00.251] [modloading-worker-0/INFO] [quark/]: Loading Module Industrial Palette
[28Aug2026 00:20:00.251] [modloading-worker-0/INFO] [quark/]: Loading Module Quick Armor Swapping
[28Aug2026 00:20:00.252] [modloading-worker-0/INFO] [quark/]: Loading Module Item Sharing
[28Aug2026 00:20:00.253] [modloading-worker-0/INFO] [quark/]: Loading Module Automatic Tool Restock
[28Aug2026 00:20:00.259] [modloading-worker-0/INFO] [quark/]: Loading Module Expanded Item Interactions
[28Aug2026 00:20:00.263] [modloading-worker-0/INFO] [quark/]: Loading Module Inventory Sorting
[28Aug2026 00:20:00.263] [modloading-worker-0/INFO] [quark/]: Loading Module Hotbar Changer
[28Aug2026 00:20:00.263] [modloading-worker-0/INFO] [com.teampotato.redirector.Redirector/]: Redirecting net/minecraft/server/packs/repository/Pack$Position
[28Aug2026 00:20:00.263] [modloading-worker-0/INFO] [quark/]: Loading Module Easy Transfering
[28Aug2026 00:20:00.269] [modloading-worker-0/INFO] [quark/]: Loading Module Beacon Redirection
[28Aug2026 00:20:00.269] [modloading-worker-0/INFO] [quark/]: Loading Module Ambient Discs
[28Aug2026 00:20:00.269] [modloading-worker-0/INFO] [quark/]: Loading Module Pathfinder Maps
[28Aug2026 00:20:00.276] [modloading-worker-0/INFO] [quark/]: Loading Module Color Runes
[28Aug2026 00:20:00.280] [modloading-worker-0/INFO] [quark/]: Loading Module Pickarang
[28Aug2026 00:20:00.281] [modloading-worker-0/INFO] [quark/]: Loading Module Parrot Eggs
[28Aug2026 00:20:00.285] [modloading-worker-0/INFO] [quark/]: Loading Module Trowel
[28Aug2026 00:20:00.285] [modloading-worker-0/INFO] [quark/]: Loading Module Abacus
[28Aug2026 00:20:00.286] [modloading-worker-0/INFO] [quark/]: Loading Module Bottled Cloud
[28Aug2026 00:20:00.286] [modloading-worker-0/INFO] [quark/]: Loading Module Torch Arrow
[28Aug2026 00:20:00.287] [modloading-worker-0/INFO] [quark/]: Loading Module Bundle Recipe
[28Aug2026 00:20:00.287] [modloading-worker-0/INFO] [quark/]: Loading Module Ancient Tomes
[28Aug2026 00:20:00.291] [modloading-worker-0/INFO] [quark/]: Loading Module Endermosh Music Disc
[28Aug2026 00:20:00.291] [modloading-worker-0/INFO] [quark/]: Loading Module Seed Pouch
[28Aug2026 00:20:00.292] [modloading-worker-0/INFO] [quark/]: Loading Module Skull Pikes
[28Aug2026 00:20:00.294] [modloading-worker-0/INFO] [quark/]: Loading Module Slime In A Bucket
[28Aug2026 00:20:00.295] [modloading-worker-0/INFO] [quark/]: Loading Module Gold Tools Have Fortune
[28Aug2026 00:20:00.296] [modloading-worker-0/INFO] [quark/]: Loading Module Automatic Recipe Unlock
[28Aug2026 00:20:00.297] [modloading-worker-0/INFO] [quark/]: Loading Module Utility Recipes
[28Aug2026 00:20:00.299] [modloading-worker-0/INFO] [quark/]: Loading Module Poison Potato Usage
[28Aug2026 00:20:00.307] [modloading-worker-0/INFO] [quark/]: Loading Module Better Elytra Rocket
[28Aug2026 00:20:00.310] [modloading-worker-0/INFO] [quark/]: Loading Module Renewable Spore Blossoms
[28Aug2026 00:20:00.313] [modloading-worker-0/INFO] [quark/]: Loading Module Coral On Cactus
[28Aug2026 00:20:00.316] [modloading-worker-0/INFO] [quark/]: Loading Module Glass Shard
[28Aug2026 00:20:00.316] [modloading-worker-0/INFO] [quark/]: Loading Module Pig Litters
[28Aug2026 00:20:00.317] [modloading-worker-0/INFO] [quark/]: Loading Module Campfires Boost Elytra
[28Aug2026 00:20:00.320] [modloading-worker-0/INFO] [quark/]: Loading Module Dyeable Item Frames
[28Aug2026 00:20:00.323] [modloading-worker-0/INFO] [de.keksuccino.fancymenu.FancyMenu/]: [FANCYMENU] Loading v3.6.4 in server-side mode on FORGE!
[28Aug2026 00:20:00.324] [modloading-worker-0/INFO] [quark/]: Loading Module Slabs To Blocks
[28Aug2026 00:20:00.329] [modloading-worker-0/INFO] [quark/]: Loading Module Map Washing
[28Aug2026 00:20:00.329] [modloading-worker-0/INFO] [quark/]: Loading Module Enhanced Ladders
[28Aug2026 00:20:00.330] [modloading-worker-0/INFO] [quark/]: Loading Module Reacharound Placing
[28Aug2026 00:20:00.334] [modloading-worker-0/INFO] [quark/]: Loading Module Horses Swim
[28Aug2026 00:20:00.340] [modloading-worker-0/INFO] [quark/]: Loading Module Sponge On Water Placement
[28Aug2026 00:20:00.341] [modloading-worker-0/INFO] [quark/]: Loading Module Armed Armor Stands
[28Aug2026 00:20:00.341] [modloading-worker-0/INFO] [quark/]: Loading Module Double Door Opening
[28Aug2026 00:20:00.343] [modloading-worker-0/INFO] [quark/]: Loading Module Zombie Villagers On Normal
[28Aug2026 00:20:00.344] [modloading-worker-0/INFO] [quark/]: Loading Module Hoe Harvesting
[28Aug2026 00:20:00.344] [modloading-worker-0/INFO] [quark/]: Loading Module Emotes
[28Aug2026 00:20:00.345] [modloading-worker-0/INFO] [quark/]: Loading Module Slimes To Magma Cubes
[28Aug2026 00:20:00.345] [modloading-worker-0/INFO] [quark/]: Loading Module Snow Golem Player Heads
[28Aug2026 00:20:00.347] [modloading-worker-0/INFO] [quark/]: Loading Module Vexes Die With Their Masters
[28Aug2026 00:20:00.348] [modloading-worker-0/INFO] [quark/]: Loading Module More Note Block Sounds
[28Aug2026 00:20:00.348] [modloading-worker-0/INFO] [quark/]: Loading Module Pat The Dogs
[28Aug2026 00:20:00.354] [modloading-worker-0/INFO] [quark/]: Loading Module Grab Chickens
[28Aug2026 00:20:00.354] [modloading-worker-0/INFO] [quark/]: Loading Module More Banner Layers
[28Aug2026 00:20:00.355] [modloading-worker-0/INFO] [quark/]: Loading Module Replace Scaffolding
[28Aug2026 00:20:00.355] [modloading-worker-0/INFO] [quark/]: Loading Module Diamond Repair
[28Aug2026 00:20:00.355] [modloading-worker-0/INFO] [quark/]: Loading Module Safer Creatures
[28Aug2026 00:20:00.357] [modloading-worker-0/INFO] [quark/]: Loading Module Lock Rotation
[28Aug2026 00:20:00.358] [modloading-worker-0/INFO] [quark/]: Loading Module Villagers Follow Emeralds
[28Aug2026 00:20:00.366] [modloading-worker-0/INFO] [quark/]: Loading Module Compasses Work Everywhere
[28Aug2026 00:20:00.367] [modloading-worker-0/INFO] [quark/]: Loading Module No Durability On Cosmetics
[28Aug2026 00:20:00.369] [modloading-worker-0/INFO] [quark/]: Loading Module Sponges Better
[28Aug2026 00:20:00.371] [modloading-worker-0/INFO] [quark/]: Loading Module Sign Editing
[28Aug2026 00:20:00.373] [modloading-worker-0/INFO] [quark/]: Loading Module Simple Harvest
[28Aug2026 00:20:00.374] [modloading-worker-0/INFO] [com.teampotato.redirector.Redirector/]: Redirecting vazkii/quark/api/event/SimpleHarvestEvent$ActionType
[28Aug2026 00:20:00.375] [modloading-worker-0/INFO] [quark/]: Loading Module Dragon Scales
[28Aug2026 00:20:00.376] [modloading-worker-0/INFO] [quark/]: Loading Module Shulker Packing
[28Aug2026 00:20:00.379] [modloading-worker-0/INFO] [quark/]: Loading Module Nether Obsidian Spikes
[28Aug2026 00:20:00.381] [modloading-worker-0/INFO] [quark/]: Loading Module Permafrost
[28Aug2026 00:20:00.381] [modloading-worker-0/INFO] [quark/]: Loading Module Fairy Rings
[28Aug2026 00:20:00.381] [modloading-worker-0/INFO] [quark/]: Loading Module Big Stone Clusters
[28Aug2026 00:20:00.381] [modloading-worker-0/INFO] [quark/]: Loading Module Spiral Spires
[28Aug2026 00:20:00.382] [modloading-worker-0/INFO] [quark/]: Loading Module Ancient Wood
[28Aug2026 00:20:00.384] [modloading-worker-0/INFO] [quark/]: Loading Module New Stone Types
[28Aug2026 00:20:00.379] [modloading-worker-0/INFO] [TrustManager/]: Loading mod 'apexcore' TrustWorthiness...
[28Aug2026 00:20:00.387] [modloading-worker-0/FATAL] [TrustManager/]: Could not determine mod trust worthiness, Assuming Jar was downloaded from trusted source!
[28Aug2026 00:20:00.387] [modloading-worker-0/INFO] [TrustManager/]: Loaded mod 'apexcore' TrustWorthiness: UNKNOWN
[28Aug2026 00:20:00.388] [modloading-worker-0/INFO] [quark/]: Loading Module Blossom Trees
[28Aug2026 00:20:00.388] [modloading-worker-0/INFO] [quark/]: Loading Module Glimmering Weald
[28Aug2026 00:20:00.388] [modloading-worker-0/INFO] [quark/]: Loading Module Monster Box
[28Aug2026 00:20:00.393] [modloading-worker-0/INFO] [quark/]: Loading Module Azalea Wood
[28Aug2026 00:20:00.395] [modloading-worker-0/INFO] [quark/]: Loading Module No More Lava Pockets
[28Aug2026 00:20:00.395] [modloading-worker-0/INFO] [quark/]: Loading Module Corundum
[28Aug2026 00:20:00.395] [modloading-worker-0/INFO] [quark/]: Loading Module Chorus Vegetation
[28Aug2026 00:20:00.396] [modloading-worker-0/INFO] [quark/]: Loading Module Foxhound
[28Aug2026 00:20:00.412] [modloading-worker-0/INFO] [TrustManager/]: Loading mod 'fantasyfurniture' TrustWorthiness...
[28Aug2026 00:20:00.412] [modloading-worker-0/FATAL] [TrustManager/]: Could not determine mod trust worthiness, Assuming Jar was downloaded from trusted source!
[28Aug2026 00:20:00.412] [modloading-worker-0/INFO] [TrustManager/]: Loaded mod 'fantasyfurniture' TrustWorthiness: UNKNOWN
[28Aug2026 00:20:00.414] [modloading-worker-0/INFO] [quark/]: Loading Module Wraith
[28Aug2026 00:20:00.417] [modloading-worker-0/INFO] [quark/]: Loading Module Crabs
[28Aug2026 00:20:00.421] [modloading-worker-0/INFO] [quark/]: Loading Module Forgotten
[28Aug2026 00:20:00.424] [modloading-worker-0/INFO] [quark/]: Loading Module Shiba
[28Aug2026 00:20:00.426] [modloading-worker-0/INFO] [quark/]: Loading Module Stonelings
[28Aug2026 00:20:00.433] [modloading-worker-0/INFO] [quark/]: Loading Module Toretoise
[28Aug2026 00:20:00.436] [modloading-worker-0/INFO] [quark/]: Loading Module Camera
[28Aug2026 00:20:00.436] [modloading-worker-0/INFO] [quark/]: Loading Module Elytra Indicator
[28Aug2026 00:20:00.437] [modloading-worker-0/INFO] [quark/]: Loading Module Improved Tooltips
[28Aug2026 00:20:00.437] [modloading-worker-0/INFO] [quark/]: Loading Module Greener Grass
[28Aug2026 00:20:00.438] [modloading-worker-0/INFO] [quark/]: Loading Module Buckets Show Inhabitants
[28Aug2026 00:20:00.438] [modloading-worker-0/INFO] [quark/]: Loading Module Soul Candles
[28Aug2026 00:20:00.438] [modloading-worker-0/INFO] [quark/]: Loading Module Auto Walk Keybind
[28Aug2026 00:20:00.438] [modloading-worker-0/INFO] [quark/]: Loading Module Variant Animal Textures
[28Aug2026 00:20:00.438] [modloading-worker-0/INFO] [quark/]: Loading Module Microcrafting Helper
[28Aug2026 00:20:00.438] [modloading-worker-0/INFO] [quark/]: Loading Module Uses For Curses
[28Aug2026 00:20:00.439] [modloading-worker-0/INFO] [quark/]: Loading Module Wool Shuts Up Minecarts
[28Aug2026 00:20:00.439] [modloading-worker-0/INFO] [quark/]: Loading Module Back Button Keybind
[28Aug2026 00:20:00.439] [modloading-worker-0/INFO] [quark/]: Loading Module Chest Searching
[28Aug2026 00:20:00.439] [modloading-worker-0/INFO] [quark/]: Loading Module Long Range Pick Block
[28Aug2026 00:20:00.439] [modloading-worker-0/INFO] [quark/]: Loading Module Usage Ticker
[28Aug2026 00:20:00.439] [modloading-worker-0/INFO] [quark/]: Loading Module Variant Selector
[28Aug2026 00:20:00.440] [modloading-worker-0/INFO] [quark/]: Loading Module Narrator Readout
[28Aug2026 00:20:00.440] [modloading-worker-0/INFO] [quark/]: Loading Module Climate Control Remover
[28Aug2026 00:20:00.440] [modloading-worker-0/INFO] [quark/]: Loading Module Enchantments Begone
[28Aug2026 00:20:00.440] [modloading-worker-0/INFO] [quark/]: Loading Module Game Nerfs
[28Aug2026 00:20:00.440] [modloading-worker-0/INFO] [quark/]: Loading Module Spawner Replacer
[28Aug2026 00:20:00.440] [modloading-worker-0/INFO] [quark/]: Loading Module Adjustable Chat
[28Aug2026 00:20:00.440] [modloading-worker-0/INFO] [quark/]: Loading Module Villager Rerolling Rework
[28Aug2026 00:20:00.440] [modloading-worker-0/INFO] [quark/]: Loading Module Overlay Shader
[28Aug2026 00:20:00.440] [modloading-worker-0/INFO] [quark/]: Loading Module Enchantment Predicates
[28Aug2026 00:20:00.440] [modloading-worker-0/INFO] [quark/]: Loading Module Pipes
[28Aug2026 00:20:00.440] [modloading-worker-0/INFO] [quark/]: Loading Module Backpack
[28Aug2026 00:20:00.440] [modloading-worker-0/INFO] [quark/]: Loading Module Tiny Potato
[28Aug2026 00:20:00.440] [modloading-worker-0/INFO] [quark/]: Loading Module Matrix Enchanting
[28Aug2026 00:20:00.440] [modloading-worker-0/INFO] [quark/]: Loading Module Totem Of Holding
[28Aug2026 00:20:00.441] [modloading-worker-0/INFO] [quark/]: Loading Module Crate
[28Aug2026 00:20:00.441] [modloading-worker-0/INFO] [quark/]: Loading Module Magnets
[28Aug2026 00:20:00.464] [modloading-worker-0/INFO] [com.teampotato.redirector.Redirector/]: Redirecting io/redspace/ironsspellbooks/gui/overlays/ManaBarOverlay$Display
[28Aug2026 00:20:00.479] [modloading-worker-0/INFO] [com.teampotato.redirector.Redirector/]: Redirecting io/redspace/ironsspellbooks/gui/overlays/ManaBarOverlay$Anchor
[28Aug2026 00:20:00.482] [modloading-worker-0/INFO] [com.teampotato.redirector.Redirector/]: Redirecting io/redspace/ironsspellbooks/gui/overlays/SpellBarOverlay$Anchor
[28Aug2026 00:20:00.482] [modloading-worker-0/INFO] [com.teampotato.redirector.Redirector/]: Redirecting io/redspace/ironsspellbooks/gui/overlays/RecastOverlay$Anchor
[28Aug2026 00:20:00.533] [modloading-worker-0/INFO] [com.teampotato.redirector.Redirector/]: Redirecting net/valhelsia/valhelsia_core/client/cosmetics/CosmeticsCategory
[28Aug2026 00:20:00.820] [modloading-worker-0/INFO] [Puzzles Lib/]: Constructing common components for mod overflowingbars
[28Aug2026 00:20:01.227] [main/INFO] [com.teampotato.redirector.Redirector/]: Redirecting com/blamejared/crafttweaker/api/ingredient/transform/serializer/TransformReplaceSerializer
[28Aug2026 00:20:01.228] [main/INFO] [com.teampotato.redirector.Redirector/]: Redirecting com/blamejared/crafttweaker/api/ingredient/transform/serializer/TransformDamageSerializer
[28Aug2026 00:20:01.229] [main/INFO] [com.teampotato.redirector.Redirector/]: Redirecting com/blamejared/crafttweaker/api/ingredient/transform/serializer/TransformCustomSerializer
[28Aug2026 00:20:01.230] [main/INFO] [com.teampotato.redirector.Redirector/]: Redirecting com/blamejared/crafttweaker/api/ingredient/condition/serializer/ConditionDamagedSerializer
[28Aug2026 00:20:01.230] [main/INFO] [com.teampotato.redirector.Redirector/]: Redirecting com/blamejared/crafttweaker/api/ingredient/condition/serializer/ConditionAnyDamagedSerializer
[28Aug2026 00:20:01.231] [main/INFO] [com.teampotato.redirector.Redirector/]: Redirecting com/blamejared/crafttweaker/api/ingredient/condition/serializer/ConditionCustomSerializer
[28Aug2026 00:20:01.269] [main/INFO] [com.teampotato.redirector.Redirector/]: Redirecting com/github/kay9/dragonmounts/habitats/DragonBreathHabitat
[28Aug2026 00:20:01.274] [main/INFO] [com.teampotato.redirector.Redirector/]: Redirecting net/mehvahdjukaar/moonlight/api/fluids/SoftFluid$TintMethod
[28Aug2026 00:20:01.337] [main/INFO] [com.teampotato.redirector.Redirector/]: Redirecting io/github/apace100/origins/origin/Impact
[28Aug2026 00:20:01.436] [main/INFO] [com.teampotato.redirector.Redirector/]: Redirecting com/fizzware/dramaticdoors/forge/state/properties/TripleBlockPart
[28Aug2026 00:20:01.438] [main/INFO] [com.teampotato.redirector.Redirector/]: Redirecting com/fizzware/dramaticdoors/forge/state/properties/Orientation
[28Aug2026 00:20:01.637] [main/INFO] [quark/]: Dispatching Module Step REGISTER
[28Aug2026 00:20:01.642] [main/INFO] [com.teampotato.redirector.Redirector/]: Redirecting vazkii/quark/base/handler/RenderLayerHandler$RenderTypeSkeleton
[28Aug2026 00:20:01.869] [main/INFO] [com.teampotato.redirector.Redirector/]: Redirecting vazkii/quark/base/util/CorundumColor
[28Aug2026 00:20:01.961] [main/INFO] [com.teampotato.redirector.Redirector/]: Redirecting vazkii/quark/content/automation/base/RandomizerPowerState
[28Aug2026 00:20:02.069] [main/INFO] [quark/]: Dispatching Module Step POST_REGISTER
[28Aug2026 00:20:02.153] [main/INFO] [com.teampotato.redirector.Redirector/]: Redirecting vazkii/quark/content/building/block/VerticalSlabBlock$VerticalSlabType
[28Aug2026 00:20:02.187] [main/INFO] [com.teampotato.redirector.Redirector/]: Redirecting immersive_paintings/resources/Painting$Type
[28Aug2026 00:20:02.191] [main/INFO] [com.teampotato.redirector.Redirector/]: Redirecting immersive_paintings/network/s2c/OpenGuiRequest$Type
[28Aug2026 00:20:02.301] [main/INFO] [com.teampotato.redirector.Redirector/]: Redirecting net/valhelsia/valhelsia_furniture/common/block/properties/OpenCurtainPart
[28Aug2026 00:20:02.303] [main/INFO] [com.teampotato.redirector.Redirector/]: Redirecting net/valhelsia/valhelsia_furniture/common/block/properties/CurtainPart$ModelType
[28Aug2026 00:20:02.304] [main/INFO] [com.teampotato.redirector.Redirector/]: Redirecting net/valhelsia/valhelsia_furniture/common/block/properties/ClosedCurtainPart
[28Aug2026 00:20:02.532] [main/INFO] [com.teampotato.redirector.Redirector/]: Redirecting org/antarcticgardens/newage/content/electricity/connector/ElectricalConnectorMode
[28Aug2026 00:20:02.539] [main/INFO] [com.teampotato.redirector.Redirector/]: Redirecting com/simibubi/create/content/processing/burner/BlazeBurnerBlock$HeatLevel
[28Aug2026 00:20:02.584] [main/INFO] [com.teampotato.redirector.Redirector/]: Redirecting com/legacy/structure_gel/api/block/base/IStructureGel$Behavior
[28Aug2026 00:20:02.647] [main/INFO] [com.teampotato.redirector.Redirector/]: Redirecting com/naterbobber/darkerdepths/blocks/VerticalSlabBlock$VerticalSlabType
[28Aug2026 00:20:02.664] [main/INFO] [com.teampotato.redirector.Redirector/]: Redirecting com/naterbobber/darkerdepths/blocks/RopeBlock$RopePart
[28Aug2026 00:20:02.681] [main/INFO] [com.teampotato.redirector.Redirector/]: Redirecting com/tom/storagemod/block/AbstractStorageTerminalBlock$TerminalPos
[28Aug2026 00:20:02.852] [main/INFO] [com.teampotato.redirector.Redirector/]: Redirecting com/tom/storagemod/block/InventoryProxyBlock$DirectionWithNull
[28Aug2026 00:20:02.858] [main/INFO] [com.teampotato.redirector.Redirector/]: Redirecting com/bobmowzie/mowziesmobs/server/block/GongBlock$GongPart
[28Aug2026 00:20:02.859] [main/INFO] [com.teampotato.redirector.Redirector/]: Redirecting com/bobmowzie/mowziesmobs/server/block/RakedSandBlock$RakedSandShape
[28Aug2026 00:20:02.942] [main/INFO] [com.teampotato.redirector.Redirector/]: Redirecting blusunrize/immersiveengineering/common/blocks/generic/WallmountBlock$Orientation
[28Aug2026 00:20:02.947] [main/INFO] [com.teampotato.redirector.Redirector/]: Redirecting blusunrize/immersiveengineering/common/blocks/generic/PostBlock$HorizontalOffset
[28Aug2026 00:20:02.967] [main/INFO] [com.teampotato.redirector.Redirector/]: Redirecting com/ldtteam/domumornamentum/block/types/ShingleSlabShapeType
[28Aug2026 00:20:02.968] [main/INFO] [com.teampotato.redirector.Redirector/]: Redirecting com/ldtteam/domumornamentum/block/types/PillarShapeType
[28Aug2026 00:20:02.974] [main/INFO] [com.teampotato.redirector.Redirector/]: Redirecting com/ldtteam/domumornamentum/block/types/TrapdoorType
[28Aug2026 00:20:02.975] [main/INFO] [com.teampotato.redirector.Redirector/]: Redirecting com/ldtteam/domumornamentum/block/types/DoorType
[28Aug2026 00:20:02.978] [main/INFO] [com.teampotato.redirector.Redirector/]: Redirecting com/ldtteam/domumornamentum/block/types/FancyDoorType
[28Aug2026 00:20:02.979] [main/INFO] [com.teampotato.redirector.Redirector/]: Redirecting com/ldtteam/domumornamentum/block/types/FancyTrapdoorType
[28Aug2026 00:20:02.988] [main/INFO] [com.teampotato.redirector.Redirector/]: Redirecting dev/itsmeow/whisperwoods/block/HandOfFateBlock$Orientation
[28Aug2026 00:20:02.989] [main/INFO] [com.teampotato.redirector.Redirector/]: Redirecting vectorwing/farmersdelight/common/block/state/CookingPotSupport
[28Aug2026 00:20:03.304] [main/INFO] [com.teampotato.redirector.Redirector/]: Redirecting com/legacy/blue_skies/blocks/natural/BrewberryBushBlock$Type
[28Aug2026 00:20:03.319] [main/INFO] [com.teampotato.redirector.Redirector/]: Redirecting com/legacy/blue_skies/blocks/util/IFluidLoggable$FluidLogging
[28Aug2026 00:20:03.320] [main/INFO] [com.teampotato.redirector.Redirector/]: Redirecting com/legacy/blue_skies/blocks/natural/SkyDripstoneBlock$Section
[28Aug2026 00:20:03.320] [main/INFO] [com.teampotato.redirector.Redirector/]: Redirecting com/legacy/blue_skies/blocks/natural/SkyDripstoneBlock$Type
[28Aug2026 00:20:03.323] [main/INFO] [com.teampotato.redirector.Redirector/]: Redirecting com/legacy/blue_skies/blocks/natural/LargeLilyPadBlock$Corner
[28Aug2026 00:20:03.335] [main/INFO] [com.teampotato.redirector.Redirector/]: Redirecting com/legacy/blue_skies/blocks/natural/FruitLeavesBlock$Growth
[28Aug2026 00:20:03.373] [main/INFO] [com.teampotato.redirector.Redirector/]: Redirecting com/legacy/blue_skies/blocks/construction/SkyPressurePlateBlock$Sensitivity
[28Aug2026 00:20:03.378] [main/INFO] [com.teampotato.redirector.Redirector/]: Redirecting com/legacy/blue_skies/entities/util/SkiesDungeonType
[28Aug2026 00:20:03.405] [main/INFO] [com.teampotato.redirector.Redirector/]: Redirecting com/legacy/blue_skies/blocks/misc/TrophyBlock$Tier
[28Aug2026 00:20:03.705] [main/INFO] [com.teampotato.redirector.Redirector/]: Redirecting com/ninni/twigs/block/enums/TwigsColumnShape
[28Aug2026 00:20:03.766] [main/INFO] [com.teampotato.redirector.Redirector/]: Redirecting com/izofar/bygonenether/block/VerticalSlabBlock$VerticalSlabType
[28Aug2026 00:20:03.769] [main/INFO] [com.teampotato.redirector.Redirector/]: Redirecting com/railwayteam/railways/content/coupling/coupler/TrackCouplerBlockEntity$AllowedOperationMode
[28Aug2026 00:20:03.789] [main/INFO] [com.teampotato.redirector.Redirector/]: Redirecting com/railwayteam/railways/content/buffer/StandardTrackBufferBlock$Style
[28Aug2026 00:20:03.790] [main/INFO] [com.teampotato.redirector.Redirector/]: Redirecting com/railwayteam/railways/content/buffer/NarrowTrackBufferBlock$Style
[28Aug2026 00:20:03.791] [main/INFO] [com.teampotato.redirector.Redirector/]: Redirecting com/railwayteam/railways/content/buffer/MonoTrackBufferBlock$Style
[28Aug2026 00:20:03.794] [main/INFO] [com.teampotato.redirector.Redirector/]: Redirecting com/railwayteam/railways/content/fuel/tank/FuelTankBlock$Shape
[28Aug2026 00:20:03.799] [main/INFO] [com.teampotato.redirector.Redirector/]: Redirecting com/railwayteam/railways/content/palettes/boiler/BoilerBlock$Style
[28Aug2026 00:20:03.850] [main/INFO] [com.teampotato.redirector.Redirector/]: Redirecting twilightforest/enums/FireJetVariant
[28Aug2026 00:20:03.854] [main/INFO] [com.teampotato.redirector.Redirector/]: Redirecting twilightforest/enums/HugeLilypadPiece
[28Aug2026 00:20:03.856] [main/INFO] [com.teampotato.redirector.Redirector/]: Redirecting twilightforest/enums/NagastoneVariant
[28Aug2026 00:20:03.857] [main/INFO] [com.teampotato.redirector.Redirector/]: Redirecting twilightforest/enums/Diagonals
[28Aug2026 00:20:03.862] [main/INFO] [com.teampotato.redirector.Redirector/]: Redirecting twilightforest/enums/BlockLoggingEnum
[28Aug2026 00:20:03.865] [main/INFO] [com.teampotato.redirector.Redirector/]: Redirecting twilightforest/block/AbstractLightableBlock$Lighting
[28Aug2026 00:20:03.872] [main/INFO] [com.teampotato.redirector.Redirector/]: Redirecting twilightforest/enums/TowerDeviceVariant
[28Aug2026 00:20:03.895] [main/INFO] [com.teampotato.redirector.Redirector/]: Redirecting twilightforest/enums/BossVariant
[28Aug2026 00:20:03.895] [main/INFO] [com.teampotato.redirector.Redirector/]: Redirecting twilightforest/enums/BossVariant$TrophyType
[28Aug2026 00:20:03.899] [main/INFO] [com.teampotato.redirector.Redirector/]: Redirecting twilightforest/enums/BanisterShape
[28Aug2026 00:20:03.902] [main/INFO] [com.teampotato.redirector.Redirector/]: Redirecting twilightforest/enums/HollowLogVariants$Horizontal
[28Aug2026 00:20:03.904] [main/INFO] [com.teampotato.redirector.Redirector/]: Redirecting twilightforest/enums/HollowLogVariants$Climbable
[28Aug2026 00:20:03.950] [main/INFO] [com.teampotato.redirector.Redirector/]: Redirecting com/teamremastered/endrem/blocks/ERFrameProperties
[28Aug2026 00:20:03.972] [main/INFO] [com.teampotato.redirector.Redirector/]: Redirecting com/github/L_Ender/cataclysm/blocks/Door_of_Seal_Block$Door_Of_Seal_Part
[28Aug2026 00:20:03.975] [main/INFO] [com.teampotato.redirector.Redirector/]: Redirecting com/github/L_Ender/cataclysm/blocks/Cataclysm_Skull_Block$Types
[28Aug2026 00:20:03.996] [main/INFO] [com.teampotato.redirector.Redirector/]: Redirecting com/hollingsworth/arsnouveau/common/block/ThreePartBlock
[28Aug2026 00:20:04.151] [main/INFO] [com.teampotato.redirector.Redirector/]: Redirecting satisfyu/vinery/util/VineryLineConnectingType
[28Aug2026 00:20:04.216] [main/INFO] [com.teampotato.redirector.Redirector/]: Redirecting com/copycatsplus/copycats/CCBlockStateProperties$VerticalStairShape
[28Aug2026 00:20:04.217] [main/INFO] [com.teampotato.redirector.Redirector/]: Redirecting com/copycatsplus/copycats/CCBlockStateProperties$Side
[28Aug2026 00:20:04.333] [main/INFO] [com.teampotato.redirector.Redirector/]: Redirecting com/obscuria/aquamirae/common/blocks/OxygeliumBlock$Type
[28Aug2026 00:20:04.472] [main/INFO] [com.teampotato.redirector.Redirector/]: Redirecting com/simibubi/create/content/kinetics/chainDrive/ChainDriveBlock$Part
[28Aug2026 00:20:04.473] [main/INFO] [com.teampotato.redirector.Redirector/]: Redirecting com/simibubi/create/content/kinetics/belt/BeltSlope
[28Aug2026 00:20:04.474] [main/INFO] [com.teampotato.redirector.Redirector/]: Redirecting com/simibubi/create/content/kinetics/belt/BeltPart
[28Aug2026 00:20:04.479] [main/INFO] [com.teampotato.redirector.Redirector/]: Redirecting com/simibubi/create/content/processing/burner/LitBlazeBurnerBlock$FlameType
[28Aug2026 00:20:04.479] [main/INFO] [com.teampotato.redirector.Redirector/]: Redirecting com/simibubi/create/content/logistics/chute/ChuteBlock$Shape
[28Aug2026 00:20:04.481] [main/INFO] [com.teampotato.redirector.Redirector/]: Redirecting com/simibubi/create/content/kinetics/gauge/GaugeBlock$Type
[28Aug2026 00:20:04.482] [main/INFO] [com.teampotato.redirector.Redirector/]: Redirecting com/simibubi/create/content/decoration/bracket/BracketBlock$BracketType
[28Aug2026 00:20:04.488] [main/INFO] [com.teampotato.redirector.Redirector/]: Redirecting com/simibubi/create/content/fluids/tank/FluidTankBlock$Shape
[28Aug2026 00:20:04.490] [main/INFO] [com.teampotato.redirector.Redirector/]: Redirecting com/simibubi/create/content/decoration/steamWhistle/WhistleBlock$WhistleSize
[28Aug2026 00:20:04.491] [main/INFO] [com.teampotato.redirector.Redirector/]: Redirecting com/simibubi/create/content/decoration/steamWhistle/WhistleExtenderBlock$WhistleExtenderShape
[28Aug2026 00:20:04.492] [main/INFO] [com.teampotato.redirector.Redirector/]: Redirecting com/simibubi/create/content/contraptions/piston/MechanicalPistonBlock$PistonState
[28Aug2026 00:20:04.494] [main/INFO] [com.teampotato.redirector.Redirector/]: Redirecting com/simibubi/create/content/kinetics/gantry/GantryShaftBlock$Part
[28Aug2026 00:20:04.496] [main/INFO] [com.teampotato.redirector.Redirector/]: Redirecting com/simibubi/create/content/contraptions/mounted/CartAssembleRailType
[28Aug2026 00:20:04.505] [main/INFO] [com.teampotato.redirector.Redirector/]: Redirecting com/simibubi/create/foundation/utility/Pointing
[28Aug2026 00:20:04.509] [main/INFO] [com.teampotato.redirector.Redirector/]: Redirecting com/simibubi/create/content/logistics/funnel/BeltFunnelBlock$Shape
[28Aug2026 00:20:04.511] [main/INFO] [com.teampotato.redirector.Redirector/]: Redirecting com/simibubi/create/content/logistics/tunnel/BeltTunnelBlock$Shape
[28Aug2026 00:20:04.514] [main/INFO] [com.teampotato.redirector.Redirector/]: Redirecting com/simibubi/create/content/redstone/nixieTube/DoubleFaceAttachedBlock$DoubleAttachFace
[28Aug2026 00:20:04.585] [main/INFO] [com.teampotato.redirector.Redirector/]: Redirecting com/illusivesoulworks/comforts/common/block/BaseComfortsBlock$BedType
[28Aug2026 00:20:04.591] [main/INFO] [com.teampotato.redirector.Redirector/]: Redirecting lilypuree/decorative_blocks/blocks/state/SupportFaceShape
[28Aug2026 00:20:04.612] [main/INFO] [com.teampotato.redirector.Redirector/]: Redirecting com/cerbon/bosses_of_mass_destruction/block/custom/TripleBlockPart
[28Aug2026 00:20:04.621] [main/INFO] [com.teampotato.redirector.Redirector/]: Redirecting com/teamabnormals/blueprint/common/block/VerticalSlabBlock$VerticalSlabType
[28Aug2026 00:20:04.711] [main/INFO] [com.teampotato.redirector.Redirector/]: Redirecting com/teamabnormals/atmospheric/common/block/state/properties/PassionVineAttachment
[28Aug2026 00:20:04.720] [main/INFO] [com.teampotato.redirector.Redirector/]: Redirecting com/teamabnormals/blueprint/common/block/DirectionalVerticalSlabBlock$VerticalSlabType
[28Aug2026 00:20:04.807] [main/INFO] [com.teampotato.redirector.Redirector/]: Redirecting com/teamabnormals/atmospheric/common/block/state/properties/DragonRootsStage
[28Aug2026 00:20:04.844] [main/INFO] [com.teampotato.redirector.Redirector/]: Redirecting net/mehvahdjukaar/supplementaries/common/block/ModBlockProperties$DisplayStatus
[28Aug2026 00:20:04.845] [main/INFO] [com.teampotato.redirector.Redirector/]: Redirecting net/mehvahdjukaar/supplementaries/common/block/ModBlockProperties$Topping
[28Aug2026 00:20:04.846] [main/INFO] [com.teampotato.redirector.Redirector/]: Redirecting net/mehvahdjukaar/supplementaries/common/block/ModBlockProperties$Winding
[28Aug2026 00:20:04.847] [main/INFO] [com.teampotato.redirector.Redirector/]: Redirecting net/mehvahdjukaar/supplementaries/common/block/ModBlockProperties$RakeDirection
[28Aug2026 00:20:04.847] [main/INFO] [com.teampotato.redirector.Redirector/]: Redirecting net/mehvahdjukaar/supplementaries/common/block/ModBlockProperties$PostType
[28Aug2026 00:20:04.848] [main/INFO] [com.teampotato.redirector.Redirector/]: Redirecting net/mehvahdjukaar/supplementaries/common/block/ModBlockProperties$SignAttachment
[28Aug2026 00:20:04.849] [main/INFO] [com.teampotato.redirector.Redirector/]: Redirecting net/mehvahdjukaar/supplementaries/common/block/ModBlockProperties$BlockAttachment
[28Aug2026 00:20:04.850] [main/INFO] [com.teampotato.redirector.Redirector/]: Redirecting net/mehvahdjukaar/supplementaries/common/block/ModBlockProperties$Rune
[28Aug2026 00:20:05.038] [main/INFO] [com.teampotato.redirector.Redirector/]: Redirecting net/mehvahdjukaar/moonlight/api/block/VerticalSlabBlock$VerticalSlabType
[28Aug2026 00:20:05.081] [main/INFO] [com.teampotato.redirector.Redirector/]: Redirecting com/jaquadro/minecraft/storagedrawers/block/EnumCompDrawer
[28Aug2026 00:20:05.082] [main/INFO] [com.teampotato.redirector.Redirector/]: Redirecting com/jaquadro/minecraft/storagedrawers/block/EnumKeyType
[28Aug2026 00:20:05.141] [main/INFO] [com.teampotato.redirector.Redirector/]: Redirecting xyz/apex/forge/fantasyfurniture/common/block/decorations/CookieJarBlock$FillStage
[28Aug2026 00:20:05.216] [main/INFO] [com.teampotato.redirector.Redirector/]: Redirecting xyz/apex/forge/fantasyfurniture/common/block/furniture/FloorLightBlock$Part
[28Aug2026 00:20:05.218] [main/INFO] [com.teampotato.redirector.Redirector/]: Redirecting xyz/apex/forge/fantasyfurniture/common/block/furniture/ShelfBlock$Connection
[28Aug2026 00:20:05.219] [main/INFO] [com.teampotato.redirector.Redirector/]: Redirecting xyz/apex/forge/fantasyfurniture/common/block/furniture/SofaBlock$Connection
[28Aug2026 00:20:05.224] [main/INFO] [com.teampotato.redirector.Redirector/]: Redirecting xyz/apex/forge/fantasyfurniture/common/block/furniture/CounterBlock$Connection
[28Aug2026 00:20:05.428] [main/INFO] [com.teampotato.redirector.Redirector/]: Redirecting com/stal111/valhelsia_structures/common/block/properties/DungeonDoorPart
[28Aug2026 00:20:05.454] [main/INFO] [com.teampotato.redirector.Redirector/]: Redirecting com/stal111/forbidden_arcanus/common/block/properties/PillarType
[28Aug2026 00:20:05.455] [main/INFO] [com.teampotato.redirector.Redirector/]: Redirecting com/stal111/forbidden_arcanus/common/block/properties/ObeliskPart
[28Aug2026 00:20:05.455] [main/INFO] [com.teampotato.redirector.Redirector/]: Redirecting com/stal111/forbidden_arcanus/common/block/properties/ClibanoCenterType
[28Aug2026 00:20:05.456] [main/INFO] [com.teampotato.redirector.Redirector/]: Redirecting com/stal111/forbidden_arcanus/common/block/properties/ClibanoSideType
[28Aug2026 00:20:05.497] [main/INFO] [com.teampotato.redirector.Redirector/]: Redirecting com/mrh0/createaddition/blocks/connector/base/ConnectorMode
[28Aug2026 00:20:05.498] [main/INFO] [com.teampotato.redirector.Redirector/]: Redirecting com/mrh0/createaddition/blocks/connector/base/ConnectorVariant
[28Aug2026 00:20:05.499] [main/INFO] [com.teampotato.redirector.Redirector/]: Redirecting com/mrh0/createaddition/energy/NodeRotation
[28Aug2026 00:20:05.539] [main/WARN] [moonlight/]: Failed to find custom wood type byg:embur
[28Aug2026 00:20:05.539] [main/WARN] [moonlight/]: Failed to find custom wood type twigs:bamboo
[28Aug2026 00:20:05.574] [main/INFO] [moonlight/]: Initialized block sets in 36ms
[28Aug2026 00:20:05.681] [main/INFO] [com.teampotato.redirector.Redirector/]: Redirecting daripher/skilltree/skill/bonus/multiplier/NoneLivingMultiplier
[28Aug2026 00:20:05.682] [main/INFO] [com.teampotato.redirector.Redirector/]: Redirecting daripher/skilltree/skill/bonus/condition/living/NoneLivingCondition
[28Aug2026 00:20:05.683] [main/INFO] [com.teampotato.redirector.Redirector/]: Redirecting daripher/skilltree/skill/bonus/condition/damage/NoneDamageCondition
[28Aug2026 00:20:05.736] [main/ERROR] [net.minecraftforge.eventbus.EventSubclassTransformer/EVENTBUS]: Could not find parent net/minecraft/client/particle/TextureSheetParticle for class it/hurts/sskirillss/octolib/particle/BasicColoredParticle in classloader cpw.mods.modlauncher.TransformingClassLoader@2ef913a4 on thread Thread[main,5,main]
[28Aug2026 00:20:05.736] [main/ERROR] [net.minecraftforge.eventbus.EventSubclassTransformer/EVENTBUS]: An error occurred building event handler
java.lang.ClassNotFoundException: net.minecraft.client.particle.TextureSheetParticle
	at cpw.mods.cl.ModuleClassLoader.loadClass(ModuleClassLoader.java:141) ~[securejarhandler-2.1.4.jar:?]
	at java.lang.ClassLoader.loadClass(ClassLoader.java:525) ~[?:?]
	at net.minecraftforge.eventbus.EventSubclassTransformer.buildEvents(EventSubclassTransformer.java:92) ~[eventbus-6.0.3.jar%2351!/:?]
	at net.minecraftforge.eventbus.EventSubclassTransformer.transform(EventSubclassTransformer.java:44) ~[eventbus-6.0.3.jar%2351!/:?]
	at net.minecraftforge.eventbus.EventBusEngine.processClass(EventBusEngine.java:26) ~[eventbus-6.0.3.jar%2351!/:?]
	at net.minecraftforge.eventbus.service.ModLauncherService.processClassWithFlags(ModLauncherService.java:32) ~[eventbus-6.0.3.jar%2351!/:6.0.3+6.0.3+master.039e4ea9]
	at cpw.mods.modlauncher.LaunchPluginHandler.offerClassNodeToPlugins(LaunchPluginHandler.java:88) ~[modlauncher-10.0.8.jar%2354!/:?]
	at cpw.mods.modlauncher.ClassTransformer.transform(ClassTransformer.java:120) ~[modlauncher-10.0.8.jar%2354!/:?]
	at cpw.mods.modlauncher.TransformingClassLoader.maybeTransformClassBytes(TransformingClassLoader.java:50) ~[modlauncher-10.0.8.jar%2354!/:?]
	at cpw.mods.cl.ModuleClassLoader.readerToClass(ModuleClassLoader.java:113) ~[securejarhandler-2.1.4.jar:?]
	at cpw.mods.cl.ModuleClassLoader.lambda$findClass$15(ModuleClassLoader.java:219) ~[securejarhandler-2.1.4.jar:?]
	at cpw.mods.cl.ModuleClassLoader.loadFromModule(ModuleClassLoader.java:229) ~[securejarhandler-2.1.4.jar:?]
	at cpw.mods.cl.ModuleClassLoader.findClass(ModuleClassLoader.java:219) ~[securejarhandler-2.1.4.jar:?]
	at cpw.mods.cl.ModuleClassLoader.loadClass(ModuleClassLoader.java:135) ~[securejarhandler-2.1.4.jar:?]
	at java.lang.ClassLoader.loadClass(ClassLoader.java:525) ~[?:?]
	at java.lang.ClassLoader.defineClass0(Native Method) ~[?:?]
	at java.lang.System$2.defineClass(System.java:2324) ~[?:?]
	at java.lang.invoke.MethodHandles$Lookup$ClassDefiner.defineClass(MethodHandles.java:2439) ~[?:?]
	at java.lang.invoke.MethodHandles$Lookup$ClassDefiner.defineClassAsLookup(MethodHandles.java:2420) ~[?:?]
	at java.lang.invoke.MethodHandles$Lookup.defineHiddenClass(MethodHandles.java:2127) ~[?:?]
	at java.lang.invoke.InnerClassLambdaMetafactory.generateInnerClass(InnerClassLambdaMetafactory.java:407) ~[?:?]
	at java.lang.invoke.InnerClassLambdaMetafactory.spinInnerClass(InnerClassLambdaMetafactory.java:315) ~[?:?]
	at java.lang.invoke.InnerClassLambdaMetafactory.buildCallSite(InnerClassLambdaMetafactory.java:228) ~[?:?]
	at java.lang.invoke.LambdaMetafactory.metafactory(LambdaMetafactory.java:341) ~[?:?]
	at java.lang.invoke.BootstrapMethodInvoker.invoke(BootstrapMethodInvoker.java:134) ~[?:?]
	at java.lang.invoke.CallSite.makeSite(CallSite.java:315) ~[?:?]
	at java.lang.invoke.MethodHandleNatives.linkCallSiteImpl(MethodHandleNatives.java:281) ~[?:?]
	at java.lang.invoke.MethodHandleNatives.linkCallSite(MethodHandleNatives.java:271) ~[?:?]
	at it.hurts.sskirillss.octolib.particle.BasicColoredParticle$Options.<clinit>(BasicColoredParticle.java:270) ~[octolib-1.19.2-0.3.jar%23620!/:1.19.2-0.3]
	at it.hurts.sskirillss.octolib.particle.BasicColoredParticle$Factory$Type.<init>(BasicColoredParticle.java:328) ~[octolib-1.19.2-0.3.jar%23620!/:1.19.2-0.3]
	at net.minecraftforge.registries.DeferredRegister.lambda$addEntries$1(DeferredRegister.java:388) ~[forge-1.19.2-43.4.2-universal.jar%23722!/:?]
	at net.minecraftforge.registries.RegisterEvent.register(RegisterEvent.java:59) ~[forge-1.19.2-43.4.2-universal.jar%23722!/:?]
	at net.minecraftforge.registries.DeferredRegister.addEntries(DeferredRegister.java:388) ~[forge-1.19.2-43.4.2-universal.jar%23722!/:?]
	at net.minecraftforge.registries.DeferredRegister$EventDispatcher.handleEvent(DeferredRegister.java:330) ~[forge-1.19.2-43.4.2-universal.jar%23722!/:?]
	at net.minecraftforge.registries.__EventDispatcher_handleEvent_RegisterEvent.invoke(.dynamic) ~[forge-1.19.2-43.4.2-universal.jar%23722!/:?]
	at net.minecraftforge.eventbus.ASMEventHandler.invoke(ASMEventHandler.java:73) ~[eventbus-6.0.3.jar%2351!/:?]
	at net.minecraftforge.eventbus.EventBus.post(EventBus.java:315) ~[eventbus-6.0.3.jar%2351!/:?]
	at net.minecraftforge.eventbus.EventBus.post(EventBus.java:296) ~[eventbus-6.0.3.jar%2351!/:?]
	at net.minecraftforge.fml.javafmlmod.FMLModContainer.acceptEvent(FMLModContainer.java:114) ~[javafmllanguage-1.19.2-43.4.2.jar%23719!/:?]
	at net.minecraftforge.fml.ModLoader.lambda$postEventWithWrapInModOrder$35(ModLoader.java:315) ~[fmlcore-1.19.2-43.4.2.jar%23718!/:?]
	at java.lang.Iterable.forEach(Iterable.java:75) ~[?:?]
	at net.minecraftforge.fml.ModList.forEachModInOrder(ModList.java:225) ~[fmlcore-1.19.2-43.4.2.jar%23718!/:?]
	at net.minecraftforge.fml.ModLoader.postEventWithWrapInModOrder(ModLoader.java:313) ~[fmlcore-1.19.2-43.4.2.jar%23718!/:?]
	at net.minecraftforge.registries.GameData.postRegisterEvents(GameData.java:341) ~[forge-1.19.2-43.4.2-universal.jar%23722!/:?]
	at net.minecraftforge.common.ForgeStatesProvider.lambda$new$4(ForgeStatesProvider.java:25) ~[forge-1.19.2-43.4.2-universal.jar%23722!/:?]
	at net.minecraftforge.fml.ModLoader.lambda$dispatchAndHandleError$23(ModLoader.java:207) ~[fmlcore-1.19.2-43.4.2.jar%23718!/:?]
	at java.util.Optional.ifPresent(Optional.java:178) ~[?:?]
	at net.minecraftforge.fml.ModLoader.dispatchAndHandleError(ModLoader.java:207) ~[fmlcore-1.19.2-43.4.2.jar%23718!/:?]
	at net.minecraftforge.fml.ModLoader.lambda$gatherAndInitializeMods$14(ModLoader.java:185) ~[fmlcore-1.19.2-43.4.2.jar%23718!/:?]
	at java.lang.Iterable.forEach(Iterable.java:75) ~[?:?]
	at net.minecraftforge.fml.ModLoader.gatherAndInitializeMods(ModLoader.java:185) ~[fmlcore-1.19.2-43.4.2.jar%23718!/:?]
	at net.minecraftforge.server.loading.ServerModLoader.load(ServerModLoader.java:32) ~[forge-1.19.2-43.4.2-universal.jar%23722!/:?]
	at net.minecraft.server.Main.main(Main.java:113) ~[server-1.19.2-20220805.130853-srg.jar%23717!/:?]
	at jdk.internal.reflect.NativeMethodAccessorImpl.invoke0(Native Method) ~[?:?]
	at jdk.internal.reflect.NativeMethodAccessorImpl.invoke(NativeMethodAccessorImpl.java:77) ~[?:?]
	at jdk.internal.reflect.DelegatingMethodAccessorImpl.invoke(DelegatingMethodAccessorImpl.java:43) ~[?:?]
	at java.lang.reflect.Method.invoke(Method.java:569) ~[?:?]
	at net.minecraftforge.fml.loading.targets.CommonServerLaunchHandler.lambda$launchService$0(CommonServerLaunchHandler.java:29) ~[fmlloader-1.19.2-43.4.2.jar%2367!/:?]
	at cpw.mods.modlauncher.LaunchServiceHandlerDecorator.launch(LaunchServiceHandlerDecorator.java:30) [modlauncher-10.0.8.jar%2354!/:?]
	at cpw.mods.modlauncher.LaunchServiceHandler.launch(LaunchServiceHandler.java:53) [modlauncher-10.0.8.jar%2354!/:?]
	at cpw.mods.modlauncher.LaunchServiceHandler.launch(LaunchServiceHandler.java:71) [modlauncher-10.0.8.jar%2354!/:?]
	at cpw.mods.modlauncher.Launcher.run(Launcher.java:106) [modlauncher-10.0.8.jar%2354!/:?]
	at cpw.mods.modlauncher.Launcher.main(Launcher.java:77) [modlauncher-10.0.8.jar%2354!/:?]
	at cpw.mods.modlauncher.BootstrapLaunchConsumer.accept(BootstrapLaunchConsumer.java:26) [modlauncher-10.0.8.jar%2354!/:?]
	at cpw.mods.modlauncher.BootstrapLaunchConsumer.accept(BootstrapLaunchConsumer.java:23) [modlauncher-10.0.8.jar%2354!/:?]
	at cpw.mods.bootstraplauncher.BootstrapLauncher.main(BootstrapLauncher.java:141) [bootstraplauncher-1.1.2.jar:?]
[28Aug2026 00:20:05.852] [main/INFO] [com.teampotato.redirector.Redirector/]: Redirecting potionstudios/byg/common/world/feature/config/RadiusMatcher
[28Aug2026 00:20:06.190] [main/ERROR] [net.minecraft.Util/]: Adding duplicate key 'ResourceKey[minecraft:worldgen/structure_processor / minecraft:capped]' to registry
[28Aug2026 00:20:06.190] [main/ERROR] [net.minecraft.Util/]: Adding duplicate value 'com.min01.archaeology.init.ArchaeologyStructureProcessorType$$Lambda$36395/0x000076b5081b72b8@467d0f10' to registry
[28Aug2026 00:20:06.248] [main/INFO] [com.teampotato.redirector.Redirector/]: Redirecting com/bobmowzie/mowziesmobs/server/entity/umvuthana/MaskType
[28Aug2026 00:20:07.633] [main/INFO] [com.teampotato.redirector.Redirector/]: Redirecting net/mehvahdjukaar/supplementaries/common/entities/BombEntity$BombType
[28Aug2026 00:20:07.884] [main/INFO] [com.teampotato.redirector.Redirector/]: Redirecting com/legacy/blue_skies/world/general_features/structures/villages/SkiesVillageProfessions
[28Aug2026 00:20:07.972] [main/INFO] [com.teampotato.redirector.Redirector/]: Redirecting com/legacy/blue_skies/registries/SkiesSurfaceRules$CrystalRoughness
[28Aug2026 00:20:07.973] [main/INFO] [com.teampotato.redirector.Redirector/]: Redirecting com/legacy/blue_skies/registries/SkiesSurfaceRules$ReservoirMuddiness
[28Aug2026 00:20:07.987] [main/INFO] [com.teampotato.redirector.Redirector/]: Redirecting dev/limonblaze/oriacs/common/item/OriacsArmorMaterials
[28Aug2026 00:20:08.011] [main/INFO] [com.teampotato.redirector.Redirector/]: Redirecting com/rolfmao/upgradedcore/compat/ExternalMods
[28Aug2026 00:20:08.013] [main/INFO] [com.teampotato.redirector.Redirector/]: Redirecting org/antarcticgardens/newage/content/electricity/wire/WireType
[28Aug2026 00:20:08.042] [main/INFO] [com.teampotato.redirector.Redirector/]: Redirecting com/rolfmao/upgradednetherite/utils/enums/ModItemTier
[28Aug2026 00:20:08.045] [main/INFO] [com.teampotato.redirector.Redirector/]: Redirecting com/rolfmao/upgradednetherite/utils/enums/ModArmorMaterial
[28Aug2026 00:20:08.065] [main/INFO] [com.teampotato.redirector.Redirector/]: Redirecting com/naterbobber/darkerdepths/entities/PetrifiedBoatEntity$BoatType
[28Aug2026 00:20:08.105] [main/INFO] [com.teampotato.redirector.Redirector/]: Redirecting net/xylonity/knightquest/common/material/KQItemMaterials
[28Aug2026 00:20:08.107] [main/INFO] [com.teampotato.redirector.Redirector/]: Redirecting net/xylonity/knightquest/common/material/KQArmorMaterials
[28Aug2026 00:20:08.135] [main/INFO] [com.teampotato.redirector.Redirector/]: Redirecting samebutdifferent/ecologics/entity/ModBoat$Type
[28Aug2026 00:20:08.140] [main/INFO] [com.teampotato.redirector.Redirector/]: Redirecting com/rolfmao/upgradednetherite_ultimate/utils/enums/ModItemTier
[28Aug2026 00:20:08.142] [main/INFO] [com.teampotato.redirector.Redirector/]: Redirecting com/rolfmao/upgradednetherite_ultimate/utils/enums/ModArmorMaterial
[28Aug2026 00:20:08.235] [main/INFO] [com.teampotato.redirector.Redirector/]: Redirecting com/legacy/blue_skies/items/util/SkiesItemTier
[28Aug2026 00:20:08.238] [main/INFO] [com.teampotato.redirector.Redirector/]: Redirecting com/legacy/blue_skies/items/util/SkiesArmorMaterial
[28Aug2026 00:20:08.248] [main/INFO] [com.teampotato.redirector.Redirector/]: Redirecting com/aetherteam/aether/item/combat/AetherItemTiers
[28Aug2026 00:20:08.253] [main/INFO] [com.teampotato.redirector.Redirector/]: Redirecting com/aetherteam/aether/item/combat/AetherArmorMaterials
[28Aug2026 00:20:08.269] [main/INFO] [com.teampotato.redirector.Redirector/]: Redirecting teamrazor/deepaether/init/DATiers
[28Aug2026 00:20:08.270] [main/INFO] [com.teampotato.redirector.Redirector/]: Redirecting teamrazor/deepaether/item/gear/DaArmorMaterials
[28Aug2026 00:20:08.274] [main/INFO] [com.teampotato.redirector.Redirector/]: Redirecting teamrazor/deepaether/entity/DABoatEntity$Type
[28Aug2026 00:20:08.290] [main/INFO] [com.teampotato.redirector.Redirector/]: Redirecting shadows/apotheosis/village/fletching/arrows/MiningArrowEntity$Type
[28Aug2026 00:20:08.297] [main/INFO] [com.teampotato.redirector.Redirector/]: Redirecting com/github/alexthe666/alexsmobs/item/ItemEcholocator$EchoType
[28Aug2026 00:20:08.305] [main/INFO] [com.teampotato.redirector.Redirector/]: Redirecting com/github/alexthe666/iceandfire/item/ItemDragonArmor$DragonArmorType
[28Aug2026 00:20:08.332] [main/INFO] [com.teampotato.redirector.Redirector/]: Redirecting net/p3pp3rf1y/sophisticatedcore/upgrades/filter/Direction
[28Aug2026 00:20:08.357] [main/INFO] [com.teampotato.redirector.Redirector/]: Redirecting it/hurts/sskirillss/relics/items/relics/base/data/leveling/misc/UpgradeOperation
[28Aug2026 00:20:08.370] [main/INFO] [com.teampotato.redirector.Redirector/]: Redirecting com/izofar/bygonenether/item/ModArmorMaterial
[28Aug2026 00:20:08.396] [main/INFO] [com.teampotato.redirector.Redirector/]: Redirecting twilightforest/enums/TwilightArmorMaterial
[28Aug2026 00:20:08.439] [main/INFO] [com.teampotato.redirector.Redirector/]: Redirecting com/github/L_Ender/cataclysm/items/ModItemTier
[28Aug2026 00:20:08.442] [main/INFO] [com.teampotato.redirector.Redirector/]: Redirecting com/github/L_Ender/cataclysm/items/Armortier
[28Aug2026 00:20:08.499] [main/INFO] [com.teampotato.redirector.Redirector/]: Redirecting com/aizistral/enigmaticlegacy/items/RevelationTome$TomeType
[28Aug2026 00:20:08.517] [main/INFO] [com.teampotato.redirector.Redirector/]: Redirecting com/aizistral/enigmaticlegacy/api/items/IAdvancedPotionItem$PotionType
[28Aug2026 00:20:08.523] [main/INFO] [com.teampotato.redirector.Redirector/]: Redirecting com/kyanite/deeperdarker/util/DDTiers
[28Aug2026 00:20:08.524] [main/INFO] [com.teampotato.redirector.Redirector/]: Redirecting com/kyanite/deeperdarker/util/DDArmorMaterials
[28Aug2026 00:20:08.540] [main/INFO] [com.teampotato.redirector.Redirector/]: Redirecting net/mindoth/dreadsteel/item/armor/DreadsteelArmor$MaterialDreadsteel
[28Aug2026 00:20:08.541] [main/INFO] [com.teampotato.redirector.Redirector/]: Redirecting net/mindoth/dreadsteel/item/weapon/DreadsteelTier
[28Aug2026 00:20:08.544] [FTB Backups Config Watcher 0/INFO] [net.creeperhost.ftbbackups.FTBBackups/]: Config at /workspaces/otro/servidor_minecraft/config/ftbbackups2.json has changed, reloaded!
[28Aug2026 00:20:08.549] [main/INFO] [com.teampotato.redirector.Redirector/]: Redirecting dev/ftb/mods/ftbquests/item/ScreenBlockItem$ScreenSize
[28Aug2026 00:20:08.558] [main/INFO] [com.teampotato.redirector.Redirector/]: Redirecting com/obscuria/obscureapi/api/common/classes/Ability$Cost$Type
[28Aug2026 00:20:08.560] [main/INFO] [com.teampotato.redirector.Redirector/]: Redirecting com/obscuria/obscureapi/api/common/classes/Ability$Style
[28Aug2026 00:20:08.562] [main/INFO] [com.teampotato.redirector.Redirector/]: Redirecting com/obscuria/obscureapi/api/common/classes/Bonus$Type
[28Aug2026 00:20:08.563] [main/INFO] [com.teampotato.redirector.Redirector/]: Redirecting com/obscuria/obscureapi/api/common/classes/Bonus$Operation
[28Aug2026 00:20:08.589] [main/INFO] [com.teampotato.redirector.Redirector/]: Redirecting com/simibubi/create/content/equipment/armor/AllArmorMaterials
[28Aug2026 00:20:08.591] [main/INFO] [com.teampotato.redirector.Redirector/]: Redirecting com/simibubi/create/content/logistics/filter/FilterItem$FilterType
[28Aug2026 00:20:08.609] [main/INFO] [com.teampotato.redirector.Redirector/]: Redirecting net/brnbrd/delightful/common/item/DelightfulTiers
[28Aug2026 00:20:08.666] [main/INFO] [com.teampotato.redirector.Redirector/]: Redirecting net/sweenus/simplyswords/item/ModToolMaterial
[28Aug2026 00:20:08.748] [main/INFO] [com.teampotato.redirector.Redirector/]: Redirecting com/jaquadro/minecraft/storagedrawers/item/EnumUpgradeStorage
[28Aug2026 00:20:08.750] [main/INFO] [com.teampotato.redirector.Redirector/]: Redirecting com/jaquadro/minecraft/storagedrawers/item/EnumUpgradeRedstone
[28Aug2026 00:20:08.754] [main/INFO] [com.teampotato.redirector.Redirector/]: Redirecting net/miauczel/legendary_monsters/item/custom/ModArmorMaterials
[28Aug2026 00:20:08.760] [main/INFO] [com.teampotato.redirector.Redirector/]: Redirecting net/miauczel/legendary_monsters/item/custom/WitherArmorMaterial
[28Aug2026 00:20:08.765] [main/INFO] [com.teampotato.redirector.Redirector/]: Redirecting net/miauczel/legendary_monsters/item/custom/ShulkerArmorMaterial
[28Aug2026 00:20:08.771] [main/INFO] [com.teampotato.redirector.Redirector/]: Redirecting net/miauczel/legendary_monsters/item/custom/ChorusArmorMaterial
[28Aug2026 00:20:08.780] [main/INFO] [com.teampotato.redirector.Redirector/]: Redirecting net/miauczel/legendary_monsters/item/custom/CloudyArmorMaterial
[28Aug2026 00:20:08.792] [main/INFO] [com.teampotato.redirector.Redirector/]: Redirecting io/redspace/ironsspellbooks/item/weapons/ExtendedWeaponTiers
[28Aug2026 00:20:08.796] [main/INFO] [com.teampotato.redirector.Redirector/]: Redirecting io/redspace/ironsspellbooks/item/armor/UpgradeTypes
[28Aug2026 00:20:08.799] [main/INFO] [com.teampotato.redirector.Redirector/]: Redirecting io/redspace/ironsspellbooks/item/armor/ExtendedArmorMaterials
[28Aug2026 00:20:08.828] [main/INFO] [com.teampotato.redirector.Redirector/]: Redirecting com/stal111/forbidden_arcanus/common/item/ModTiers
[28Aug2026 00:20:08.832] [main/INFO] [com.teampotato.redirector.Redirector/]: Redirecting com/stal111/forbidden_arcanus/common/entity/ModBoat$Type
[28Aug2026 00:20:08.834] [main/INFO] [com.teampotato.redirector.Redirector/]: Redirecting com/stal111/forbidden_arcanus/common/item/ModArmorMaterials
[28Aug2026 00:20:09.203] [main/INFO] [com.teampotato.redirector.Redirector/]: Redirecting com/blamejared/crafttweaker/impl/script/ScriptRecipeType
[28Aug2026 00:20:09.239] [main/INFO] [com.teampotato.redirector.Redirector/]: Redirecting com/legacy/blue_skies/crafting/ToolRecipe$Materials
[28Aug2026 00:20:09.241] [main/INFO] [com.teampotato.redirector.Redirector/]: Redirecting com/legacy/blue_skies/crafting/ToolRecipe$RecipeShapes
[28Aug2026 00:20:09.292] [main/INFO] [com.teampotato.redirector.Redirector/]: Redirecting com/hollingsworth/arsnouveau/api/recipe/SummonRitualRecipe$MobSource
[28Aug2026 00:20:09.331] [main/INFO] [com.teampotato.redirector.Redirector/]: Redirecting com/jozufozu/flywheel/config/BackendTypeArgument
[28Aug2026 00:20:09.335] [main/INFO] [com.teampotato.redirector.Redirector/]: Redirecting net/darkhax/bookshelf/impl/commands/CommandHand$OutputType
[28Aug2026 00:20:09.479] [main/ERROR] [net.minecraft.Util/]: Adding duplicate key 'ResourceKey[minecraft:worldgen/structure_type / bosses_of_mass_destruction:void_blossom]' to registry
[28Aug2026 00:20:09.479] [main/ERROR] [net.minecraft.Util/]: Adding duplicate value 'com.cerbon.bosses_of_mass_destruction.structure.BMDStructures$$Lambda$39200/0x000076b508950220@23af0504' to registry
[28Aug2026 00:20:09.607] [main/INFO] [com.teampotato.redirector.Redirector/]: Redirecting io/github/edwinmindcraft/apoli/common/action/meta/SideConfiguration$Side
[28Aug2026 00:20:09.622] [main/INFO] [com.teampotato.redirector.Redirector/]: Redirecting io/github/apace100/apoli/power/factory/condition/bientity/RelativeRotationCondition$RotationType
[28Aug2026 00:20:09.656] [main/INFO] [com.teampotato.redirector.Redirector/]: Redirecting net/minecraft/world/level/LightLayer
[28Aug2026 00:20:09.662] [main/INFO] [com.teampotato.redirector.Redirector/]: Redirecting io/github/edwinmindcraft/apoli/common/action/configuration/ReferencePoint
[28Aug2026 00:20:09.664] [main/INFO] [com.teampotato.redirector.Redirector/]: Redirecting io/github/apace100/apoli/util/Shape
[28Aug2026 00:20:09.744] [main/INFO] [com.teampotato.redirector.Redirector/]: Redirecting io/github/apace100/apoli/util/InventoryUtil$InventoryType
[28Aug2026 00:20:09.758] [main/INFO] [com.teampotato.redirector.Redirector/]: Redirecting io/github/edwinmindcraft/apoli/common/condition/configuration/EnchantmentConfiguration$Calculation
[28Aug2026 00:20:09.810] [main/INFO] [com.teampotato.redirector.Redirector/]: Redirecting io/github/edwinmindcraft/apoli/api/power/factory/ModifierOperation$Phase
[28Aug2026 00:20:09.843] [main/INFO] [com.teampotato.redirector.Redirector/]: Redirecting io/github/edwinmindcraft/apoli/common/power/InventoryPower$ContainerType
[28Aug2026 00:20:09.861] [main/INFO] [com.teampotato.redirector.Redirector/]: Redirecting io/github/edwinmindcraft/apoli/common/power/configuration/PhasingConfiguration$RenderType
[28Aug2026 00:20:09.885] [main/INFO] [com.teampotato.redirector.Redirector/]: Redirecting io/github/edwinmindcraft/apoli/common/power/configuration/OverlayConfiguration$DrawMode
[28Aug2026 00:20:09.886] [main/INFO] [com.teampotato.redirector.Redirector/]: Redirecting io/github/edwinmindcraft/apoli/common/power/configuration/OverlayConfiguration$DrawPhase
[28Aug2026 00:20:09.892] [main/INFO] [com.teampotato.redirector.Redirector/]: Redirecting io/github/edwinmindcraft/apoli/common/power/ModifyGrindstonePower$ResultType
[28Aug2026 00:20:09.973] [main/INFO] [com.teampotato.redirector.Redirector/]: Redirecting com/telepathicgrunt/repurposedstructures/world/biomemodifiers/AdditionsTemperatureModifier$TEMPERATURE_RANGE
[28Aug2026 00:20:10.125] [main/INFO] [mixin/]: Mixing MixinForgeHooks from enigmaticlegacy.mixins.json into net.minecraftforge.common.ForgeHooks
[28Aug2026 00:20:10.208] [main/INFO] [com.teampotato.redirector.Redirector/]: Redirecting com/izofar/bygonenether/entity/WarpedEnderMan$WarpedEnderManVariant
[28Aug2026 00:20:10.263] [main/INFO] [com.teampotato.redirector.Redirector/]: Redirecting net/minecraftforge/event/entity/SpawnPlacementRegisterEvent$Operation
[28Aug2026 00:20:10.293] [main/INFO] [com.tom.storagemod.StorageMod/]: Loaded Tom's Simple Storage config file toms_storage-common.toml
[28Aug2026 00:20:10.304] [main/INFO] [Puzzles Lib/]: Loading common config for mutantmonsters
[28Aug2026 00:20:10.333] [main/INFO] [com.teampotato.redirector.Redirector/]: Redirecting com/github/alexthe666/citadel/config/biome/BiomeEntryType
[28Aug2026 00:20:10.440] [main/INFO] [com.teampotato.redirector.Redirector/]: Redirecting tschipp/carryon/client/modeloverride/ModelOverride$Type
[28Aug2026 00:20:10.457] [main/INFO] [com.teampotato.redirector.Redirector/]: Redirecting com/github/L_Ender/lionfishapi/config/biome/BiomeEntryType
[28Aug2026 00:20:10.500] [main/INFO] [quark/]: Dispatching Module Step CONFIG_CHANGED
[28Aug2026 00:20:10.542] [modloading-worker-0/INFO] [com.teampotato.redirector.Redirector/]: Redirecting shadows/gateways/entity/GatewayEntity$GatewaySize
[28Aug2026 00:20:10.629] [modloading-worker-0/INFO] [io.github.jamalam360.rightclickharvest.RightClickHarvestModInit/]: Initialized
[28Aug2026 00:20:10.631] [modloading-worker-0/INFO] [thetadev.constructionwand.ConstructionWand/]: ConstructionWand says hello - may the odds be ever in your favor.
[28Aug2026 00:20:10.636] [modloading-worker-0/INFO] [com.teampotato.redirector.Redirector/]: Redirecting top/theillusivec4/curios/common/network/server/sync/SPacketSyncStack$HandlerType
[28Aug2026 00:20:10.644] [modloading-worker-0/INFO] [com.tom.storagemod.StorageMod/]: Tom's Storage Setup starting
[28Aug2026 00:20:10.657] [modloading-worker-0/INFO] [com.tom.storagemod.StorageMod/]: Initilaized Network Handler
[28Aug2026 00:20:10.659] [modloading-worker-0/INFO] [elocindev.create_questing.forge.CreateQuesting/]: Loaded Create Questing Config
[28Aug2026 00:20:10.677] [modloading-worker-0/INFO] [com.teampotato.redirector.Redirector/]: Redirecting mezz/jei/common/network/PacketIdServer
[28Aug2026 00:20:10.681] [modloading-worker-0/INFO] [com.teampotato.redirector.Redirector/]: Redirecting shadows/apotheosis/adventure/boss/BossEvents$BossSpawnRules
[28Aug2026 00:20:10.686] [modloading-worker-0/INFO] [com.teampotato.redirector.Redirector/]: Redirecting mezz/jei/common/config/GiveMode
[28Aug2026 00:20:10.697] [modloading-worker-0/INFO] [com.teampotato.redirector.Redirector/]: Redirecting com/hypherionmc/craterlib/core/networking/data/PacketSide
[28Aug2026 00:20:10.700] [modloading-worker-0/INFO] [com.teampotato.redirector.Redirector/]: Redirecting com/blamejared/crafttweaker/api/zencode/scriptrun/ScriptRunConfiguration$RunKind
[28Aug2026 00:20:10.704] [modloading-worker-0/INFO] [com.teampotato.redirector.Redirector/]: Redirecting com/blamejared/crafttweaker/api/zencode/scriptrun/ScriptDiscoveryConfiguration$SuspiciousNamesBehavior
[28Aug2026 00:20:10.713] [modloading-worker-0/INFO] [com.teampotato.redirector.Redirector/]: Redirecting de/maxhenkel/voicechat/logging/LogLevel
[28Aug2026 00:20:10.714] [modloading-worker-0/INFO] [voicechat/]: [voicechat] Compatibility version 20
[28Aug2026 00:20:10.729] [modloading-worker-0/INFO] [necronomicon/]: Necronomicon Initialized
[28Aug2026 00:20:10.732] [modloading-worker-0/INFO] [necronomicon/]: File exists, reading config for elocindev.necronomicon.NecronomiconConfig.
[28Aug2026 00:20:10.732] [modloading-worker-0/INFO] [necronomicon/]: Config for elocindev.necronomicon.NecronomiconConfig read successfully.
[28Aug2026 00:20:10.733] [modloading-worker-0/INFO] [com.teampotato.redirector.Redirector/]: Redirecting com/blamejared/crafttweaker/impl/script/scriptrun/DecoratedRunKind
[28Aug2026 00:20:10.735] [modloading-worker-0/INFO] [necronomicon/]: there is a brick about to fall through your roof at terminal velocity
[28Aug2026 00:20:10.735] [modloading-worker-0/INFO] [necronomicon/]: there is a brick about to fall through your roof at terminal velocity
[28Aug2026 00:20:10.746] [Immersive Engineering Contributors Thread/INFO] [immersiveengineering/]: Attempting to download special revolvers from GitHub
[28Aug2026 00:20:10.751] [modloading-worker-0/INFO] [com.teampotato.redirector.Redirector/]: Redirecting de/maxhenkel/voicechat/config/ServerConfig$Codec
[28Aug2026 00:20:10.752] [modloading-worker-0/INFO] [com.teampotato.redirector.Redirector/]: Redirecting de/maxhenkel/voicechat/Voicechat$Loader
[28Aug2026 00:20:10.763] [modloading-worker-0/INFO] [com.teampotato.redirector.Redirector/]: Redirecting de/maxhenkel/opus4j/OpusEncoder$Application
[28Aug2026 00:20:10.763] [modloading-worker-0/INFO] [com.teampotato.redirector.Redirector/]: Redirecting de/maxhenkel/voicechat/api/opus/OpusEncoderMode
[28Aug2026 00:20:10.798] [modloading-worker-0/INFO] [com.teampotato.redirector.Redirector/]: Redirecting shadows/apotheosis/adventure/affix/effect/PotionAffix$Target
[28Aug2026 00:20:10.799] [Forge Version Check/INFO] [net.minecraftforge.fml.VersionChecker/]: [saturn] Starting version check at https://github.com/AbdElAziz333/Saturn/raw/mc1.20.1/dev/updates.json
[28Aug2026 00:20:10.805] [modloading-worker-0/INFO] [com.teampotato.redirector.Redirector/]: Redirecting shadows/apotheosis/adventure/affix/effect/DamageReductionAffix$DamageType
[28Aug2026 00:20:10.822] [Thread-0/INFO] [ModernFix/]: Please use /mfsrc to reload any changed mod config files
[28Aug2026 00:20:10.826] [modloading-worker-0/INFO] [com.teampotato.redirector.Redirector/]: Redirecting org/openzen/zenscript/lexer/ZSTokenType
[28Aug2026 00:20:10.855] [modloading-worker-0/INFO] [voicechat/]: [voicechat] Loading plugins
[28Aug2026 00:20:10.886] [modloading-worker-0/INFO] [voicechat/]: [voicechat] Loaded 0 plugin(s)
[28Aug2026 00:20:10.889] [modloading-worker-0/INFO] [voicechat/]: [voicechat] Initializing plugins
[28Aug2026 00:20:10.889] [modloading-worker-0/INFO] [voicechat/]: [voicechat] Initialized 0 plugin(s)
[28Aug2026 00:20:10.912] [modloading-worker-0/INFO] [dev.itsmeow.whisperwoods.WhisperwoodsMod/]: Summoning a hidebehind to eat you...
[28Aug2026 00:20:10.917] [modloading-worker-0/INFO] [com.teampotato.redirector.Redirector/]: Redirecting de/maxhenkel/voicechat/permission/PermissionType
[28Aug2026 00:20:10.960] [modloading-worker-0/INFO] [com.biomemusic.BiomeMusic/]: biomemusic mod initialized
[28Aug2026 00:20:10.984] [modloading-worker-0/INFO] [CorgiLib/]: Initializing network...
[28Aug2026 00:20:10.985] [modloading-worker-0/INFO] [com.teampotato.redirector.Redirector/]: Redirecting corgitaco/corgilib/network/Packet$PacketDirection
[28Aug2026 00:20:10.990] [modloading-worker-0/INFO] [CorgiLib/]: Initialized network!
[28Aug2026 00:20:10.994] [modloading-worker-0/INFO] [com.chunksending.ChunkSending/]: chunksending mod initialized
[28Aug2026 00:20:11.005] [modloading-worker-0/INFO] [com.recipeessentials.RecipeEssentials/]: recipeessentials mod initialized
[28Aug2026 00:20:11.030] [modloading-worker-0/INFO] [com.teampotato.redirector.Redirector/]: Redirecting stdlib/Result$Discriminant
[28Aug2026 00:20:11.091] [modloading-worker-0/INFO] [com.teampotato.redirector.Redirector/]: Redirecting org/openzen/zenscript/parser/type/ParsedTypeBasic
[28Aug2026 00:20:11.101] [modloading-worker-0/INFO] [incontrol/]: Enabling support for Game Stages
[28Aug2026 00:20:11.128] [modloading-worker-0/INFO] [com.teampotato.redirector.Redirector/]: Redirecting com/aetherteam/nitrogen/api/users/User$Tier
[28Aug2026 00:20:11.125] [Forge Version Check/WARN] [net.minecraftforge.fml.VersionChecker/]: Failed to process update information
com.google.gson.JsonSyntaxException: java.lang.IllegalStateException: Expected BEGIN_OBJECT but was STRING at line 9 column 1 path $
	at com.google.gson.Gson.fromJson(Gson.java:975) ~[gson-2.8.9.jar%2370!/:?]
	at com.google.gson.Gson.fromJson(Gson.java:928) ~[gson-2.8.9.jar%2370!/:?]
	at com.google.gson.Gson.fromJson(Gson.java:877) ~[gson-2.8.9.jar%2370!/:?]
	at com.google.gson.Gson.fromJson(Gson.java:848) ~[gson-2.8.9.jar%2370!/:?]
	at net.minecraftforge.fml.VersionChecker$1.process(VersionChecker.java:183) ~[fmlcore-1.19.2-43.4.2.jar%23718!/:?]
	at java.lang.Iterable.forEach(Iterable.java:75) [?:?]
	at net.minecraftforge.fml.VersionChecker$1.run(VersionChecker.java:114) [fmlcore-1.19.2-43.4.2.jar%23718!/:?]
Caused by: java.lang.IllegalStateException: Expected BEGIN_OBJECT but was STRING at line 9 column 1 path $
	at com.google.gson.stream.JsonReader.beginObject(JsonReader.java:384) ~[gson-2.8.9.jar%2370!/:?]
	at com.google.gson.internal.bind.MapTypeAdapterFactory$Adapter.read(MapTypeAdapterFactory.java:183) ~[gson-2.8.9.jar%2370!/:?]
	at com.google.gson.internal.bind.MapTypeAdapterFactory$Adapter.read(MapTypeAdapterFactory.java:145) ~[gson-2.8.9.jar%2370!/:?]
	at com.google.gson.Gson.fromJson(Gson.java:963) ~[gson-2.8.9.jar%2370!/:?]
	... 6 more
[28Aug2026 00:20:11.132] [Forge Version Check/INFO] [net.minecraftforge.fml.VersionChecker/]: [majruszsdifficulty] Starting version check at https://raw.githubusercontent.com/Majrusz/MinecraftCommon/main/ProgressiveDifficulty/update.json
[28Aug2026 00:20:11.134] [modloading-worker-0/INFO] [com.connectivity.Connectivity/]: Connectivity initialized
[28Aug2026 00:20:11.168] [modloading-worker-0/INFO] [incontrol/]: Reading rules from spawn.json
[28Aug2026 00:20:11.174] [modloading-worker-0/INFO] [com.teampotato.redirector.Redirector/]: Redirecting org/openzen/zenscript/codemodel/CompareType
[28Aug2026 00:20:11.175] [Forge Version Check/INFO] [net.minecraftforge.fml.VersionChecker/]: [majruszsdifficulty] Found status: AHEAD Current: 1.9.9-backport.1 Target: null
[28Aug2026 00:20:11.176] [modloading-worker-0/INFO] [com.gpumemleakfix.Gpumemleakfix/]: gpumemleakfix mod initialized
[28Aug2026 00:20:11.176] [Forge Version Check/INFO] [net.minecraftforge.fml.VersionChecker/]: [maxhealthfix] Starting version check at https://updates.blamejared.com/get?n=maxhealthfix&gv=1.19.2
[28Aug2026 00:20:11.178] [modloading-worker-0/INFO] [com.structureessentials.StructureEssentials/]: structureessentials mod initialized
[28Aug2026 00:20:11.255] [modloading-worker-0/INFO] [com.teampotato.redirector.Redirector/]: Redirecting org/openzen/zenscript/codemodel/type/member/TypeMemberPriority
[28Aug2026 00:20:11.283] [modloading-worker-0/INFO] [incontrol/]: Reading rules from summonaid.json
[28Aug2026 00:20:11.284] [modloading-worker-0/INFO] [incontrol/]: Reading rules from loot.json
[28Aug2026 00:20:11.285] [modloading-worker-0/INFO] [incontrol/]: Reading rules from experience.json
[28Aug2026 00:20:11.288] [modloading-worker-0/INFO] [com.lootintegrations.LootintegrationsMod/]: lootintegrations mod initialized
[28Aug2026 00:20:11.288] [modloading-worker-0/INFO] [necronomicon/]: File exists, reading config for elocindev.item_obliterator.forge.config.ConfigEntries.
[28Aug2026 00:20:11.288] [modloading-worker-0/INFO] [necronomicon/]: Config for elocindev.item_obliterator.forge.config.ConfigEntries read successfully.
[28Aug2026 00:20:11.291] [modloading-worker-0/INFO] [incontrol/]: Reading rules from phases.json
[28Aug2026 00:20:11.293] [modloading-worker-0/INFO] [elocindev.item_obliterator.forge.ItemObliterator/]: Loaded Item Obliterator Config
[28Aug2026 00:20:11.294] [modloading-worker-0/INFO] [incontrol/]: Reading rules from special.json
[28Aug2026 00:20:11.297] [modloading-worker-0/INFO] [incontrol/]: Reading rules from spawner.json
[28Aug2026 00:20:11.299] [modloading-worker-0/INFO] [com.teampotato.redirector.Redirector/]: Redirecting org/openzen/zenscript/codemodel/type/member/BuiltinID
[28Aug2026 00:20:11.304] [modloading-worker-0/INFO] [com.teampotato.redirector.Redirector/]: Redirecting it/hurts/sskirillss/relics/network/packets/leveling/PacketRelicTweak$Operation
[28Aug2026 00:20:11.309] [modloading-worker-0/INFO] [com.teampotato.redirector.Redirector/]: Redirecting it/hurts/sskirillss/relics/network/packets/PacketSyncEntityEffects$Action
[28Aug2026 00:20:11.393] [modloading-worker-0/INFO] [com.teampotato.redirector.Redirector/]: Redirecting org/openzen/zenscript/codemodel/member/FunctionalKind
[28Aug2026 00:20:11.540] [modloading-worker-0/INFO] [com.teampotato.redirector.Redirector/]: Redirecting org/openzen/zenscript/codemodel/SemanticModule$State
[28Aug2026 00:20:11.583] [modloading-worker-0/INFO] [com.teampotato.redirector.Redirector/]: Redirecting org/openzen/zenscript/validator/visitors/DefinitionMemberContext
[28Aug2026 00:20:11.584] [Forge Version Check/INFO] [net.minecraftforge.fml.VersionChecker/]: [maxhealthfix] Found status: BETA Current: 8.0.2 Target: 8.0.2
[28Aug2026 00:20:11.584] [Forge Version Check/INFO] [net.minecraftforge.fml.VersionChecker/]: [ctov] Starting version check at https://api.modrinth.com/updates/fgmhI8kH/forge_updates.json
[28Aug2026 00:20:11.595] [modloading-worker-0/INFO] [com.teampotato.redirector.Redirector/]: Redirecting org/openzen/zenscript/validator/TypeContext
[28Aug2026 00:20:11.628] [modloading-worker-0/INFO] [com.teampotato.redirector.Redirector/]: Redirecting com/natamus/collective_common_forge/implementations/networking/data/Side
[28Aug2026 00:20:11.633] [modloading-worker-0/INFO] [Enigmatic Legacy/INFO]: Initializing common setup phase...
[28Aug2026 00:20:11.633] [modloading-worker-0/INFO] [Enigmatic Legacy/INFO]: Registering packets...
[28Aug2026 00:20:11.738] [Forge Version Check/INFO] [net.minecraftforge.fml.VersionChecker/]: [ctov] Found status: AHEAD Current: 3.2.6c Target: null
[28Aug2026 00:20:11.738] [Forge Version Check/INFO] [net.minecraftforge.fml.VersionChecker/]: [leavesbegone] Starting version check at https://raw.githubusercontent.com/Fuzss/modresources/main/update/leavesbegone.json
[28Aug2026 00:20:11.744] [modloading-worker-0/INFO] [Enigmatic Legacy/INFO]: Registering triggers...
[28Aug2026 00:20:11.748] [modloading-worker-0/INFO] [com.teampotato.redirector.Redirector/]: Redirecting org/openzen/zenscript/javashared/JavaClass$Kind
[28Aug2026 00:20:11.752] [modloading-worker-0/INFO] [Enigmatic Legacy/INFO]: Registering stats...
[28Aug2026 00:20:11.752] [modloading-worker-0/INFO] [Enigmatic Legacy/INFO]: Common setup phase finished successfully.
[28Aug2026 00:20:11.753] [Forge Version Check/INFO] [net.minecraftforge.fml.VersionChecker/]: [leavesbegone] Found status: UP_TO_DATE Current: 4.0.1 Target: null
[28Aug2026 00:20:11.753] [Forge Version Check/INFO] [net.minecraftforge.fml.VersionChecker/]: [corpse] Starting version check at https://update.maxhenkel.de/forge/corpse
[28Aug2026 00:20:11.757] [modloading-worker-0/INFO] [com.teampotato.redirector.Redirector/]: Redirecting org/openzen/zencode/java/module/converters/JavaAnnotatedType$ElementType
[28Aug2026 00:20:11.764] [modloading-worker-0/INFO] [com.teampotato.redirector.Redirector/]: Redirecting org/openzen/zenscript/javashared/JavaMethod$Kind
[28Aug2026 00:20:11.798] [modloading-worker-0/INFO] [Enigmatic Addons/INFO]: Initializing common setup phase...
[28Aug2026 00:20:11.798] [modloading-worker-0/INFO] [Enigmatic Addons/INFO]: Registering packets...
[28Aug2026 00:20:11.798] [modloading-worker-0/INFO] [Dungeon Crawl/]: Common Setup
[28Aug2026 00:20:11.813] [modloading-worker-0/INFO] [Enigmatic Addons/INFO]: Common setup phase finished successfully.
[28Aug2026 00:20:11.815] [modloading-worker-0/INFO] [com.teampotato.redirector.Redirector/]: Redirecting net/minecraft/world/entity/raid/Raid$RaiderType
[28Aug2026 00:20:11.877] [modloading-worker-0/INFO] [quark/]: Dispatching Module Step CONFIG_CHANGED
[28Aug2026 00:20:11.902] [modloading-worker-0/INFO] [quark/]: Dispatching Module Step SETUP
[28Aug2026 00:20:11.937] [modloading-worker-0/INFO] [com.teampotato.redirector.Redirector/]: Redirecting net/mehvahdjukaar/supplementaries/common/utils/MiscUtils$Festivity
[28Aug2026 00:20:11.939] [modloading-worker-0/INFO] [com.brutalbosses.BrutalBosses/]: brutalbosses mod initialized
[28Aug2026 00:20:11.941] [modloading-worker-0/INFO] [com.teampotato.redirector.Redirector/]: Redirecting net/mehvahdjukaar/supplementaries/reg/LootTablesInjects$TableType
[28Aug2026 00:20:11.955] [modloading-worker-0/INFO] [com.jaquadro.minecraft.storagedrawers.StorageDrawers/]: New compacting rule 4 clay_ball = 1 clay
[28Aug2026 00:20:11.955] [modloading-worker-0/INFO] [com.jaquadro.minecraft.storagedrawers.StorageDrawers/]: New compacting rule 4 snowball = 1 snow_block
[28Aug2026 00:20:11.955] [modloading-worker-0/INFO] [com.jaquadro.minecraft.storagedrawers.StorageDrawers/]: New compacting rule 4 glowstone_dust = 1 glowstone
[28Aug2026 00:20:11.955] [modloading-worker-0/INFO] [com.jaquadro.minecraft.storagedrawers.StorageDrawers/]: New compacting rule 4 brick = 1 bricks
[28Aug2026 00:20:11.955] [modloading-worker-0/INFO] [com.jaquadro.minecraft.storagedrawers.StorageDrawers/]: New compacting rule 4 nether_brick = 1 nether_bricks
[28Aug2026 00:20:11.955] [modloading-worker-0/INFO] [com.jaquadro.minecraft.storagedrawers.StorageDrawers/]: New compacting rule 9 nether_wart = 1 nether_wart_block
[28Aug2026 00:20:11.955] [modloading-worker-0/INFO] [com.jaquadro.minecraft.storagedrawers.StorageDrawers/]: New compacting rule 4 quartz = 1 quartz_block
[28Aug2026 00:20:11.956] [modloading-worker-0/INFO] [com.jaquadro.minecraft.storagedrawers.StorageDrawers/]: New compacting rule 9 melon_slice = 1 melon
[28Aug2026 00:20:11.956] [modloading-worker-0/INFO] [com.jaquadro.minecraft.storagedrawers.StorageDrawers/]: New compacting rule 4 sand = 1 sandstone
[28Aug2026 00:20:11.956] [modloading-worker-0/INFO] [com.jaquadro.minecraft.storagedrawers.StorageDrawers/]: New compacting rule 4 red_sand = 1 red_sandstone
[28Aug2026 00:20:11.963] [modloading-worker-0/INFO] [com.teampotato.redirector.Redirector/]: Redirecting io/redspace/ironsspellbooks/api/spells/CastSource
[28Aug2026 00:20:11.982] [modloading-worker-0/INFO] [com.jaquadro.minecraft.storagedrawers.StorageDrawers/]: New compacting rule 4 clay_ball = 1 clay
[28Aug2026 00:20:12.011] [modloading-worker-0/INFO] [com.teampotato.redirector.Redirector/]: Redirecting io/redspace/ironsspellbooks/network/ClientboundCastErrorMessage$ErrorType
[28Aug2026 00:20:12.211] [Forge Version Check/INFO] [net.minecraftforge.fml.VersionChecker/]: [corpse] Found status: AHEAD Current: 1.19.2-1.0.17 Target: null
[28Aug2026 00:20:12.212] [Forge Version Check/INFO] [net.minecraftforge.fml.VersionChecker/]: [advancementplaques] Starting version check at https://mc-update-check.anthonyhilyard.com/499826
[28Aug2026 00:20:12.638] [main/INFO] [ModdingLegacy/StructureGel/]: [structure_gel] Registering data for structure_gel:loot_table_alias
[28Aug2026 00:20:12.647] [main/INFO] [ModdingLegacy/StructureGel/]: [structure_gel] Registering data for structure_gel:data_handler_type
[28Aug2026 00:20:12.648] [main/INFO] [ModdingLegacy/StructureGel/]: [structure_gel] Registering data for structure_gel:dynamic_spawner
[28Aug2026 00:20:12.649] [main/INFO] [ModdingLegacy/StructureGel/]: [structure_gel] Registering data for structure_gel:jigsaw_type
[28Aug2026 00:20:12.765] [main/INFO] [com.teampotato.redirector.Redirector/]: Redirecting terrablender/api/RegionType
[28Aug2026 00:20:12.769] [main/INFO] [terrablender/]: Registered region minecraft:overworld to index 0 for type OVERWORLD
[28Aug2026 00:20:12.770] [main/INFO] [terrablender/]: Registered region minecraft:nether to index 0 for type NETHER
[28Aug2026 00:20:12.770] [main/INFO] [terrablender/]: Registered region aether:the_aether to index 0 for type THE_AETHER
[28Aug2026 00:20:12.770] [main/INFO] [terrablender/]: Registered region deep_aether:deep_aether to index 1 for type THE_AETHER
[28Aug2026 00:20:12.774] [main/INFO] [com.teampotato.redirector.Redirector/]: Redirecting terrablender/api/SurfaceRuleManager$RuleStage
[28Aug2026 00:20:12.781] [main/ERROR] [net.minecraftforge.fml.loading.RuntimeDistCleaner/DISTXFORM]: Attempted to load class net/minecraft/client/multiplayer/ClientLevel for invalid dist DEDICATED_SERVER
[28Aug2026 00:20:12.799] [main/INFO] [com.teampotato.redirector.Redirector/]: Redirecting com/izofar/takesapillage/world/PillageSiege$State
[28Aug2026 00:20:12.841] [main/INFO] [terrablender/]: Registered region ars_nouveau:overworld to index 1 for type OVERWORLD
[28Aug2026 00:20:12.863] [main/INFO] [terrablender/]: Registered region byg:region_0 to index 2 for type OVERWORLD
[28Aug2026 00:20:12.864] [main/INFO] [terrablender/]: Registered region byg:region_1 to index 3 for type OVERWORLD
[28Aug2026 00:20:12.865] [main/INFO] [terrablender/]: Registered region byg:region_2 to index 4 for type OVERWORLD
[28Aug2026 00:20:12.865] [main/INFO] [terrablender/]: Registered region byg:region_3 to index 5 for type OVERWORLD
[28Aug2026 00:20:12.891] [main/INFO] [com.teampotato.redirector.Redirector/]: Redirecting com/simibubi/create/foundation/advancement/CreateAdvancement$TaskType
[28Aug2026 00:20:12.942] [main/INFO] [com.teampotato.redirector.Redirector/]: Redirecting com/cerbon/bosses_of_mass_destruction/api/multipart_entities/client/PlayerInteractMultipartEntity$InteractionType
[28Aug2026 00:20:13.025] [main/INFO] [moonlight/]: Initialized color sets in 81ms
[28Aug2026 00:20:13.084] [main/INFO] [moonlight/]: Initialized color sets in 58ms
[28Aug2026 00:20:13.111] [main/INFO] [supplementaries/]: Finished mod setup in: [0, 8, 4, 0, 0, 0, 0, 0, 0] ms
[28Aug2026 00:20:13.192] [modloading-worker-0/INFO] [xaero.minimap.XaeroMinimap/]: Loading Xaero's Minimap - Stage 1/2 (Server)
[28Aug2026 00:20:13.192] [modloading-worker-0/INFO] [xaero.map.server.WorldMapServer/]: Loading Xaero's World Map - Stage 1/2 (Server)
[28Aug2026 00:20:13.217] [main/INFO] [xaero.map.server.WorldMapServer/]: Loading Xaero's World Map - Stage 2/2 (Server)
[28Aug2026 00:20:13.217] [main/INFO] [xaero.minimap.XaeroMinimap/]: Loading Xaero's Minimap - Stage 2/2 (Server)
[28Aug2026 00:20:13.246] [modloading-worker-0/INFO] [Enigmatic Legacy/INFO]: Sending messages to Curios API...
[28Aug2026 00:20:13.296] [modloading-worker-0/INFO] [com.choicetheorem.ctov.ctov/]: Got IMC []
[28Aug2026 00:20:13.296] [modloading-worker-0/INFO] [com.amuzil.omegasource.dragonenchants.DragonEnchants/]: Got IMC []
[28Aug2026 00:20:13.297] [modloading-worker-0/INFO] [io.redspace.ironsspellbooks.IronsSpellbooks/]: Got IMC []
[28Aug2026 00:20:13.348] [modloading-worker-0/INFO] [Enigmatic Legacy/INFO]: Initializing load completion phase...
[28Aug2026 00:20:13.348] [modloading-worker-0/INFO] [Enigmatic Legacy/INFO]: Registering brewing recipes...
[28Aug2026 00:20:13.351] [modloading-worker-0/INFO] [Enigmatic Addons/INFO]: Initializing load completion phase...
[28Aug2026 00:20:13.353] [modloading-worker-0/INFO] [Enigmatic Addons/INFO]: Registering brewing recipes...
[28Aug2026 00:20:13.355] [modloading-worker-0/INFO] [AttributeFix/]: Loaded values for 106 compatible attributes.
[28Aug2026 00:20:13.357] [modloading-worker-0/INFO] [Enigmatic Addons/INFO]: Registering triggers...
[28Aug2026 00:20:13.360] [modloading-worker-0/INFO] [Enigmatic Addons/INFO]: Load completion phase finished successfully
[28Aug2026 00:20:13.367] [modloading-worker-0/ERROR] [AttributeFix/]: Attribute ID 'skilltree:attack_speed_per_gem_in_weapon' does not belong to a known attribute. This entry will be ignored.
[28Aug2026 00:20:13.367] [modloading-worker-0/ERROR] [AttributeFix/]: Attribute ID 'skilltree:crafted_necklaces_maximum_life' does not belong to a known attribute. This entry will be ignored.
[28Aug2026 00:20:13.368] [modloading-worker-0/ERROR] [AttributeFix/]: Attribute ID 'skilltree:crafted_quivers_capacity' does not belong to a known attribute. This entry will be ignored.
[28Aug2026 00:20:13.368] [modloading-worker-0/ERROR] [AttributeFix/]: Attribute ID 'skilltree:crit_chance_against_burning' does not belong to a known attribute. This entry will be ignored.
[28Aug2026 00:20:13.368] [modloading-worker-0/ERROR] [AttributeFix/]: Attribute ID 'skilltree:crit_chance_with_shield' does not belong to a known attribute. This entry will be ignored.
[28Aug2026 00:20:13.368] [modloading-worker-0/ERROR] [AttributeFix/]: Attribute ID 'skilltree:damage_per_potion_effect' does not belong to a known attribute. This entry will be ignored.
[28Aug2026 00:20:13.368] [modloading-worker-0/ERROR] [AttributeFix/]: Attribute ID 'skilltree:melee_damage' does not belong to a known attribute. This entry will be ignored.
[28Aug2026 00:20:13.368] [modloading-worker-0/ERROR] [AttributeFix/]: Attribute ID 'puffish_skills:player.ranged_damage' does not belong to a known attribute. This entry will be ignored.
[28Aug2026 00:20:13.368] [modloading-worker-0/ERROR] [AttributeFix/]: Attribute ID 'skilltree:brewed_beneficial_potions_strength' does not belong to a known attribute. This entry will be ignored.
[28Aug2026 00:20:13.368] [modloading-worker-0/ERROR] [AttributeFix/]: Attribute ID 'skilltree:experience_from_mobs' does not belong to a known attribute. This entry will be ignored.
[28Aug2026 00:20:13.368] [modloading-worker-0/ERROR] [AttributeFix/]: Attribute ID 'skilltree:crafted_weapon_attack_speed' does not belong to a known attribute. This entry will be ignored.
[28Aug2026 00:20:13.368] [modloading-worker-0/ERROR] [AttributeFix/]: Attribute ID 'skilltree:armor_per_evasion_bonus' does not belong to a known attribute. This entry will be ignored.
[28Aug2026 00:20:13.368] [modloading-worker-0/ERROR] [AttributeFix/]: Attribute ID 'skilltree:damage_if_wounded' does not belong to a known attribute. This entry will be ignored.
[28Aug2026 00:20:13.368] [modloading-worker-0/ERROR] [AttributeFix/]: Attribute ID 'skilltree:crit_chance_with_enchanted_weapon' does not belong to a known attribute. This entry will be ignored.
[28Aug2026 00:20:13.368] [modloading-worker-0/ERROR] [AttributeFix/]: Attribute ID 'skilltree:cooked_food_saturation' does not belong to a known attribute. This entry will be ignored.
[28Aug2026 00:20:13.368] [modloading-worker-0/ERROR] [AttributeFix/]: Attribute ID 'skilltree:crit_chance_if_not_hungry' does not belong to a known attribute. This entry will be ignored.
[28Aug2026 00:20:13.368] [modloading-worker-0/ERROR] [AttributeFix/]: Attribute ID 'skilltree:experience_per_hour' does not belong to a known attribute. This entry will be ignored.
[28Aug2026 00:20:13.368] [modloading-worker-0/ERROR] [AttributeFix/]: Attribute ID 'puffish_skills:player.fortune' does not belong to a known attribute. This entry will be ignored.
[28Aug2026 00:20:13.368] [modloading-worker-0/ERROR] [AttributeFix/]: Attribute ID 'skilltree:damage_under_potion_effect' does not belong to a known attribute. This entry will be ignored.
[28Aug2026 00:20:13.368] [modloading-worker-0/ERROR] [AttributeFix/]: Attribute ID 'skilltree:life_regeneration_with_shield' does not belong to a known attribute. This entry will be ignored.
[28Aug2026 00:20:13.368] [modloading-worker-0/ERROR] [AttributeFix/]: Attribute ID 'skilltree:free_enchantment_chance' does not belong to a known attribute. This entry will be ignored.
[28Aug2026 00:20:13.368] [modloading-worker-0/ERROR] [AttributeFix/]: Attribute ID 'skilltree:crit_chance_per_enchantment' does not belong to a known attribute. This entry will be ignored.
[28Aug2026 00:20:13.368] [modloading-worker-0/ERROR] [AttributeFix/]: Attribute ID 'skilltree:crit_damage_per_gem_in_weapon' does not belong to a known attribute. This entry will be ignored.
[28Aug2026 00:20:13.369] [modloading-worker-0/ERROR] [AttributeFix/]: Attribute ID 'skilltree:attack_speed_if_wounded' does not belong to a known attribute. This entry will be ignored.
[28Aug2026 00:20:13.369] [modloading-worker-0/ERROR] [AttributeFix/]: Attribute ID 'skilltree:incoming_healing' does not belong to a known attribute. This entry will be ignored.
[28Aug2026 00:20:13.369] [modloading-worker-0/ERROR] [AttributeFix/]: Attribute ID 'skilltree:projectile_crit_chance' does not belong to a known attribute. This entry will be ignored.
[28Aug2026 00:20:13.369] [modloading-worker-0/ERROR] [AttributeFix/]: Attribute ID 'skilltree:attack_speed_with_enchanted_weapon' does not belong to a known attribute. This entry will be ignored.
[28Aug2026 00:20:13.369] [modloading-worker-0/ERROR] [AttributeFix/]: Attribute ID 'skilltree:equipment_repair_efficiency' does not belong to a known attribute. This entry will be ignored.
[28Aug2026 00:20:13.369] [modloading-worker-0/ERROR] [AttributeFix/]: Attribute ID 'skilltree:maximum_life_per_arrow_in_quiver' does not belong to a known attribute. This entry will be ignored.
[28Aug2026 00:20:13.369] [modloading-worker-0/ERROR] [AttributeFix/]: Attribute ID 'skilltree:crafted_axes_crit_chance' does not belong to a known attribute. This entry will be ignored.
[28Aug2026 00:20:13.369] [modloading-worker-0/ERROR] [AttributeFix/]: Attribute ID 'skilltree:brewed_harmful_potions_strength' does not belong to a known attribute. This entry will be ignored.
[28Aug2026 00:20:13.369] [modloading-worker-0/ERROR] [AttributeFix/]: Attribute ID 'skilltree:evasion_chance_when_wounded' does not belong to a known attribute. This entry will be ignored.
[28Aug2026 00:20:13.369] [modloading-worker-0/ERROR] [AttributeFix/]: Attribute ID 'skilltree:chance_to_apply_better_enchantment' does not belong to a known attribute. This entry will be ignored.
[28Aug2026 00:20:13.369] [modloading-worker-0/ERROR] [AttributeFix/]: Attribute ID 'skilltree:damage_per_satisfied_hunger' does not belong to a known attribute. This entry will be ignored.
[28Aug2026 00:20:13.369] [modloading-worker-0/ERROR] [AttributeFix/]: Attribute ID 'environmental:stealth' does not belong to a known attribute. This entry will be ignored.
[28Aug2026 00:20:13.369] [modloading-worker-0/ERROR] [AttributeFix/]: Attribute ID 'skilltree:life_on_block' does not belong to a known attribute. This entry will be ignored.
[28Aug2026 00:20:13.369] [modloading-worker-0/ERROR] [AttributeFix/]: Attribute ID 'skilltree:cooked_food_healing_per_saturation' does not belong to a known attribute. This entry will be ignored.
[28Aug2026 00:20:13.369] [modloading-worker-0/ERROR] [AttributeFix/]: Attribute ID 'skilltree:crafted_shields_block_chance' does not belong to a known attribute. This entry will be ignored.
[28Aug2026 00:20:13.369] [modloading-worker-0/ERROR] [AttributeFix/]: Attribute ID 'skilltree:crafted_quivers_damage_against_burning' does not belong to a known attribute. This entry will be ignored.
[28Aug2026 00:20:13.369] [modloading-worker-0/ERROR] [AttributeFix/]: Attribute ID 'skilltree:crafted_shields_armor_bonus' does not belong to a known attribute. This entry will be ignored.
[28Aug2026 00:20:13.369] [modloading-worker-0/ERROR] [AttributeFix/]: Attribute ID 'skilltree:crafted_quivers_chance_to_retrieve_arrows' does not belong to a known attribute. This entry will be ignored.
[28Aug2026 00:20:13.369] [modloading-worker-0/ERROR] [AttributeFix/]: Attribute ID 'skilltree:attack_speed_with_gem_in_weapon' does not belong to a known attribute. This entry will be ignored.
[28Aug2026 00:20:13.369] [modloading-worker-0/ERROR] [AttributeFix/]: Attribute ID 'skilltree:luck_while_fishing' does not belong to a known attribute. This entry will be ignored.
[28Aug2026 00:20:13.369] [modloading-worker-0/ERROR] [AttributeFix/]: Attribute ID 'skilltree:chance_to_find_gemstone' does not belong to a known attribute. This entry will be ignored.
[28Aug2026 00:20:13.369] [modloading-worker-0/ERROR] [AttributeFix/]: Attribute ID 'skilltree:crafted_helmets_sockets' does not belong to a known attribute. This entry will be ignored.
[28Aug2026 00:20:13.369] [modloading-worker-0/ERROR] [AttributeFix/]: Attribute ID 'skilltree:chance_to_ignite' does not belong to a known attribute. This entry will be ignored.
[28Aug2026 00:20:13.369] [modloading-worker-0/ERROR] [AttributeFix/]: Attribute ID 'skilltree:jump_height' does not belong to a known attribute. This entry will be ignored.
[28Aug2026 00:20:13.369] [modloading-worker-0/ERROR] [AttributeFix/]: Attribute ID 'cataclysm_spellbooks:abyssal_magic_resist' does not belong to a known attribute. This entry will be ignored.
[28Aug2026 00:20:13.371] [modloading-worker-0/ERROR] [AttributeFix/]: Attribute ID 'skilltree:chance_to_apply_better_weapon_enchantment' does not belong to a known attribute. This entry will be ignored.
[28Aug2026 00:20:13.371] [modloading-worker-0/ERROR] [AttributeFix/]: Attribute ID 'skilltree:brewed_potions_duration' does not belong to a known attribute. This entry will be ignored.
[28Aug2026 00:20:13.371] [modloading-worker-0/ERROR] [AttributeFix/]: Attribute ID 'skilltree:crit_chance' does not belong to a known attribute. This entry will be ignored.
[28Aug2026 00:20:13.371] [modloading-worker-0/ERROR] [AttributeFix/]: Attribute ID 'skilltree:armor_with_shield' does not belong to a known attribute. This entry will be ignored.
[28Aug2026 00:20:13.371] [modloading-worker-0/ERROR] [AttributeFix/]: Attribute ID 'skilltree:gem_power_in_jewelry' does not belong to a known attribute. This entry will be ignored.
[28Aug2026 00:20:13.371] [modloading-worker-0/ERROR] [AttributeFix/]: Attribute ID 'skilltree:brewed_potions_strength' does not belong to a known attribute. This entry will be ignored.
[28Aug2026 00:20:13.371] [modloading-worker-0/ERROR] [AttributeFix/]: Attribute ID 'skilltree:crafted_boots_sockets' does not belong to a known attribute. This entry will be ignored.
[28Aug2026 00:20:13.371] [modloading-worker-0/ERROR] [AttributeFix/]: Attribute ID 'skilltree:crafted_melee_weapon_damage_bonus' does not belong to a known attribute. This entry will be ignored.
[28Aug2026 00:20:13.371] [modloading-worker-0/ERROR] [AttributeFix/]: Attribute ID 'skilltree:life_regeneration_per_gem_in_helmet' does not belong to a known attribute. This entry will be ignored.
[28Aug2026 00:20:13.371] [modloading-worker-0/ERROR] [AttributeFix/]: Attribute ID 'irons_spellbooks:poison_spell_power' does not belong to a known attribute. This entry will be ignored.
[28Aug2026 00:20:13.371] [modloading-worker-0/ERROR] [AttributeFix/]: Attribute ID 'skilltree:attack_speed_under_potion_effect' does not belong to a known attribute. This entry will be ignored.
[28Aug2026 00:20:13.371] [modloading-worker-0/ERROR] [AttributeFix/]: Attribute ID 'skilltree:armor_with_enchanted_shield' does not belong to a known attribute. This entry will be ignored.
[28Aug2026 00:20:13.371] [modloading-worker-0/ERROR] [AttributeFix/]: Attribute ID 'puffish_skills:player.mining_speed' does not belong to a known attribute. This entry will be ignored.
[28Aug2026 00:20:13.371] [modloading-worker-0/ERROR] [AttributeFix/]: Attribute ID 'skilltree:life_per_hit' does not belong to a known attribute. This entry will be ignored.
[28Aug2026 00:20:13.371] [modloading-worker-0/ERROR] [AttributeFix/]: Attribute ID 'skilltree:gem_power_in_armor' does not belong to a known attribute. This entry will be ignored.
[28Aug2026 00:20:13.371] [modloading-worker-0/ERROR] [AttributeFix/]: Attribute ID 'skilltree:damage_if_not_hungry' does not belong to a known attribute. This entry will be ignored.
[28Aug2026 00:20:13.371] [modloading-worker-0/ERROR] [AttributeFix/]: Attribute ID 'skilltree:evasion_chance' does not belong to a known attribute. This entry will be ignored.
[28Aug2026 00:20:13.371] [modloading-worker-0/ERROR] [AttributeFix/]: Attribute ID 'skilltree:damage_per_distance_to_spawn' does not belong to a known attribute. This entry will be ignored.
[28Aug2026 00:20:13.371] [modloading-worker-0/ERROR] [AttributeFix/]: Attribute ID 'skilltree:crafted_boots_movement_speed' does not belong to a known attribute. This entry will be ignored.
[28Aug2026 00:20:13.371] [modloading-worker-0/ERROR] [AttributeFix/]: Attribute ID 'skilltree:cooked_food_life_regeneration' does not belong to a known attribute. This entry will be ignored.
[28Aug2026 00:20:13.371] [modloading-worker-0/ERROR] [AttributeFix/]: Attribute ID 'skilltree:triple_loot_chance' does not belong to a known attribute. This entry will be ignored.
[28Aug2026 00:20:13.372] [modloading-worker-0/ERROR] [AttributeFix/]: Attribute ID 'skilltree:crafted_shields_maximum_life' does not belong to a known attribute. This entry will be ignored.
[28Aug2026 00:20:13.372] [modloading-worker-0/ERROR] [AttributeFix/]: Attribute ID 'justleveling:break_speed' does not belong to a known attribute. This entry will be ignored.
[28Aug2026 00:20:13.372] [modloading-worker-0/ERROR] [AttributeFix/]: Attribute ID 'skilltree:crit_chance_per_gem_in_weapon' does not belong to a known attribute. This entry will be ignored.
[28Aug2026 00:20:13.372] [modloading-worker-0/ERROR] [AttributeFix/]: Attribute ID 'skilltree:chance_to_retrieve_arrows' does not belong to a known attribute. This entry will be ignored.
[28Aug2026 00:20:13.372] [modloading-worker-0/ERROR] [AttributeFix/]: Attribute ID 'skilltree:damage_if_damaged' does not belong to a known attribute. This entry will be ignored.
[28Aug2026 00:20:13.372] [modloading-worker-0/ERROR] [AttributeFix/]: Attribute ID 'skilltree:block_chance_if_not_hungry' does not belong to a known attribute. This entry will be ignored.
[28Aug2026 00:20:13.372] [modloading-worker-0/ERROR] [AttributeFix/]: Attribute ID 'skilltree:maximum_life_under_potion_effect' does not belong to a known attribute. This entry will be ignored.
[28Aug2026 00:20:13.372] [modloading-worker-0/ERROR] [AttributeFix/]: Attribute ID 'skilltree:armor_per_chestplate_enchantment' does not belong to a known attribute. This entry will be ignored.
[28Aug2026 00:20:13.372] [modloading-worker-0/ERROR] [AttributeFix/]: Attribute ID 'skilltree:double_fishing_loot_chance' does not belong to a known attribute. This entry will be ignored.
[28Aug2026 00:20:13.372] [modloading-worker-0/ERROR] [AttributeFix/]: Attribute ID 'skilltree:life_regeneration_bonus' does not belong to a known attribute. This entry will be ignored.
[28Aug2026 00:20:13.372] [modloading-worker-0/ERROR] [AttributeFix/]: Attribute ID 'skilltree:damage_against_poisoned' does not belong to a known attribute. This entry will be ignored.
[28Aug2026 00:20:13.372] [modloading-worker-0/ERROR] [AttributeFix/]: Attribute ID 'skilltree:maximum_life_with_enchanted_item' does not belong to a known attribute. This entry will be ignored.
[28Aug2026 00:20:13.372] [modloading-worker-0/ERROR] [AttributeFix/]: Attribute ID 'skilltree:attack_speed_with_ranged_weapon' does not belong to a known attribute. This entry will be ignored.
[28Aug2026 00:20:13.372] [modloading-worker-0/ERROR] [AttributeFix/]: Attribute ID 'skilltree:maximum_life_per_boots_armor_bonus' does not belong to a known attribute. This entry will be ignored.
[28Aug2026 00:20:13.372] [modloading-worker-0/ERROR] [AttributeFix/]: Attribute ID 'skilltree:can_poison_weapons' does not belong to a known attribute. This entry will be ignored.
[28Aug2026 00:20:13.372] [modloading-worker-0/ERROR] [AttributeFix/]: Attribute ID 'skilltree:maximum_chestplate_sockets' does not belong to a known attribute. This entry will be ignored.
[28Aug2026 00:20:13.372] [modloading-worker-0/ERROR] [AttributeFix/]: Attribute ID 'skilltree:projectile_damage' does not belong to a known attribute. This entry will be ignored.
[28Aug2026 00:20:13.372] [modloading-worker-0/ERROR] [AttributeFix/]: Attribute ID 'skilltree:can_mix_potions' does not belong to a known attribute. This entry will be ignored.
[28Aug2026 00:20:13.372] [modloading-worker-0/ERROR] [AttributeFix/]: Attribute ID 'skilltree:damage_with_enchanted_weapon' does not belong to a known attribute. This entry will be ignored.
[28Aug2026 00:20:13.372] [modloading-worker-0/ERROR] [AttributeFix/]: Attribute ID 'skilltree:damage_per_enchantment' does not belong to a known attribute. This entry will be ignored.
[28Aug2026 00:20:13.372] [modloading-worker-0/ERROR] [AttributeFix/]: Attribute ID 'skilltree:crafted_weapon_double_loot_chance' does not belong to a known attribute. This entry will be ignored.
[28Aug2026 00:20:13.372] [modloading-worker-0/ERROR] [AttributeFix/]: Attribute ID 'justleveling:magic_resist' does not belong to a known attribute. This entry will be ignored.
[28Aug2026 00:20:13.372] [modloading-worker-0/ERROR] [AttributeFix/]: Attribute ID 'skilltree:crit_damage_per_weapon_enchantment' does not belong to a known attribute. This entry will be ignored.
[28Aug2026 00:20:13.372] [modloading-worker-0/ERROR] [AttributeFix/]: Attribute ID 'skilltree:maximum_ring_sockets' does not belong to a known attribute. This entry will be ignored.
[28Aug2026 00:20:13.372] [modloading-worker-0/ERROR] [AttributeFix/]: Attribute ID 'cataclysm_spellbooks:abyssal_spell_power' does not belong to a known attribute. This entry will be ignored.
[28Aug2026 00:20:13.373] [modloading-worker-0/ERROR] [AttributeFix/]: Attribute ID 'skilltree:brewed_beneficial_potions_duration' does not belong to a known attribute. This entry will be ignored.
[28Aug2026 00:20:13.373] [modloading-worker-0/ERROR] [AttributeFix/]: Attribute ID 'puffish_skills:player.jump' does not belong to a known attribute. This entry will be ignored.
[28Aug2026 00:20:13.373] [modloading-worker-0/ERROR] [AttributeFix/]: Attribute ID 'skilltree:life_per_hit_if_wounded' does not belong to a known attribute. This entry will be ignored.
[28Aug2026 00:20:13.373] [modloading-worker-0/ERROR] [AttributeFix/]: Attribute ID 'skilltree:block_chance_with_enchanted_shield' does not belong to a known attribute. This entry will be ignored.
[28Aug2026 00:20:13.373] [modloading-worker-0/ERROR] [AttributeFix/]: Attribute ID 'skilltree:maximum_life_per_satisfied_hunger' does not belong to a known attribute. This entry will be ignored.
[28Aug2026 00:20:13.373] [modloading-worker-0/ERROR] [AttributeFix/]: Attribute ID 'feathers:feathers.feather_regen' does not belong to a known attribute. This entry will be ignored.
[28Aug2026 00:20:13.373] [modloading-worker-0/ERROR] [AttributeFix/]: Attribute ID 'puffish_skills:player.resistance' does not belong to a known attribute. This entry will be ignored.
[28Aug2026 00:20:13.373] [modloading-worker-0/ERROR] [AttributeFix/]: Attribute ID 'skilltree:life_on_block_if_not_hungry' does not belong to a known attribute. This entry will be ignored.
[28Aug2026 00:20:13.373] [modloading-worker-0/ERROR] [AttributeFix/]: Attribute ID 'skilltree:gem_power' does not belong to a known attribute. This entry will be ignored.
[28Aug2026 00:20:13.373] [modloading-worker-0/ERROR] [AttributeFix/]: Attribute ID 'skilltree:crafted_ranged_weapon_sockets' does not belong to a known attribute. This entry will be ignored.
[28Aug2026 00:20:13.373] [modloading-worker-0/ERROR] [AttributeFix/]: Attribute ID 'skilltree:crafted_melee_weapon_attack_speed' does not belong to a known attribute. This entry will be ignored.
[28Aug2026 00:20:13.373] [modloading-worker-0/ERROR] [AttributeFix/]: Attribute ID 'skilltree:melee_crit_damage' does not belong to a known attribute. This entry will be ignored.
[28Aug2026 00:20:13.373] [modloading-worker-0/ERROR] [AttributeFix/]: Attribute ID 'skilltree:maximum_life_per_armor_enchantment' does not belong to a known attribute. This entry will be ignored.
[28Aug2026 00:20:13.373] [modloading-worker-0/ERROR] [AttributeFix/]: Attribute ID 'skilltree:brewed_poisons_strength' does not belong to a known attribute. This entry will be ignored.
[28Aug2026 00:20:13.373] [modloading-worker-0/ERROR] [AttributeFix/]: Attribute ID 'skilltree:gem_power_in_weapon' does not belong to a known attribute. This entry will be ignored.
[28Aug2026 00:20:13.373] [modloading-worker-0/ERROR] [AttributeFix/]: Attribute ID 'skilltree:damage_against_burning' does not belong to a known attribute. This entry will be ignored.
[28Aug2026 00:20:13.373] [modloading-worker-0/ERROR] [AttributeFix/]: Attribute ID 'skilltree:brewed_healing_potions_strength' does not belong to a known attribute. This entry will be ignored.
[28Aug2026 00:20:13.373] [modloading-worker-0/ERROR] [AttributeFix/]: Attribute ID 'justleveling:beneficial_effect' does not belong to a known attribute. This entry will be ignored.
[28Aug2026 00:20:13.373] [modloading-worker-0/ERROR] [AttributeFix/]: Attribute ID 'skilltree:crafted_rings_critical_damage' does not belong to a known attribute. This entry will be ignored.
[28Aug2026 00:20:13.373] [modloading-worker-0/ERROR] [AttributeFix/]: Attribute ID 'skilltree:maximum_life_per_equipped_jewelry' does not belong to a known attribute. This entry will be ignored.
[28Aug2026 00:20:13.373] [modloading-worker-0/ERROR] [AttributeFix/]: Attribute ID 'skilltree:crafted_armor_stealth' does not belong to a known attribute. This entry will be ignored.
[28Aug2026 00:20:13.373] [modloading-worker-0/ERROR] [AttributeFix/]: Attribute ID 'skilltree:crafted_melee_weapon_crit_chance' does not belong to a known attribute. This entry will be ignored.
[28Aug2026 00:20:13.373] [modloading-worker-0/ERROR] [AttributeFix/]: Attribute ID 'skilltree:mining_speed' does not belong to a known attribute. This entry will be ignored.
[28Aug2026 00:20:13.373] [modloading-worker-0/ERROR] [AttributeFix/]: Attribute ID 'puffish_skills:player.stamina' does not belong to a known attribute. This entry will be ignored.
[28Aug2026 00:20:13.373] [modloading-worker-0/ERROR] [AttributeFix/]: Attribute ID 'feathers:feathers.max_feathers' does not belong to a known attribute. This entry will be ignored.
[28Aug2026 00:20:13.373] [modloading-worker-0/ERROR] [AttributeFix/]: Attribute ID 'skilltree:projectile_crit_damage' does not belong to a known attribute. This entry will be ignored.
[28Aug2026 00:20:13.373] [modloading-worker-0/ERROR] [AttributeFix/]: Attribute ID 'skilltree:crit_damage_against_poisoned' does not belong to a known attribute. This entry will be ignored.
[28Aug2026 00:20:13.378] [modloading-worker-0/ERROR] [AttributeFix/]: Attribute ID 'puffish_skills:player.healing' does not belong to a known attribute. This entry will be ignored.
[28Aug2026 00:20:13.378] [modloading-worker-0/ERROR] [AttributeFix/]: Attribute ID 'skilltree:crafted_weapon_damage_against_burning' does not belong to a known attribute. This entry will be ignored.
[28Aug2026 00:20:13.378] [modloading-worker-0/ERROR] [AttributeFix/]: Attribute ID 'skilltree:damage_per_distance_to_enemy' does not belong to a known attribute. This entry will be ignored.
[28Aug2026 00:20:13.379] [modloading-worker-0/ERROR] [AttributeFix/]: Attribute ID 'skilltree:crafted_armor_maximum_life' does not belong to a known attribute. This entry will be ignored.
[28Aug2026 00:20:13.379] [modloading-worker-0/ERROR] [AttributeFix/]: Attribute ID 'skilltree:crafted_quivers_chance_to_ignite' does not belong to a known attribute. This entry will be ignored.
[28Aug2026 00:20:13.379] [modloading-worker-0/ERROR] [AttributeFix/]: Attribute ID 'skilltree:crit_damage' does not belong to a known attribute. This entry will be ignored.
[28Aug2026 00:20:13.379] [modloading-worker-0/ERROR] [AttributeFix/]: Attribute ID 'skilltree:maximum_life_if_not_hungry' does not belong to a known attribute. This entry will be ignored.
[28Aug2026 00:20:13.379] [modloading-worker-0/ERROR] [AttributeFix/]: Attribute ID 'skilltree:cooked_food_crit_damage_per_saturation' does not belong to a known attribute. This entry will be ignored.
[28Aug2026 00:20:13.379] [modloading-worker-0/ERROR] [AttributeFix/]: Attribute ID 'justleveling:critical_damage' does not belong to a known attribute. This entry will be ignored.
[28Aug2026 00:20:13.379] [modloading-worker-0/ERROR] [AttributeFix/]: Attribute ID 'justleveling:projectile_damage' does not belong to a known attribute. This entry will be ignored.
[28Aug2026 00:20:13.379] [modloading-worker-0/ERROR] [AttributeFix/]: Attribute ID 'skilltree:evasion_per_potion_effect' does not belong to a known attribute. This entry will be ignored.
[28Aug2026 00:20:13.379] [modloading-worker-0/ERROR] [AttributeFix/]: Attribute ID 'skilltree:maximum_life_per_enchantment' does not belong to a known attribute. This entry will be ignored.
[28Aug2026 00:20:13.379] [modloading-worker-0/ERROR] [AttributeFix/]: Attribute ID 'skilltree:experience_from_ore' does not belong to a known attribute. This entry will be ignored.
[28Aug2026 00:20:13.379] [modloading-worker-0/ERROR] [AttributeFix/]: Attribute ID 'skilltree:maximum_life_per_gem_in_armor' does not belong to a known attribute. This entry will be ignored.
[28Aug2026 00:20:13.379] [modloading-worker-0/ERROR] [AttributeFix/]: Attribute ID 'skilltree:experience_from_fishing' does not belong to a known attribute. This entry will be ignored.
[28Aug2026 00:20:13.379] [modloading-worker-0/ERROR] [AttributeFix/]: Attribute ID 'skilltree:brewed_harmful_potions_duration' does not belong to a known attribute. This entry will be ignored.
[28Aug2026 00:20:13.379] [modloading-worker-0/ERROR] [AttributeFix/]: Attribute ID 'minecolonies:mc_mob_damage' does not belong to a known attribute. This entry will be ignored.
[28Aug2026 00:20:13.379] [modloading-worker-0/ERROR] [AttributeFix/]: Attribute ID 'skilltree:crafted_quivers_maximum_life' does not belong to a known attribute. This entry will be ignored.
[28Aug2026 00:20:13.379] [modloading-worker-0/ERROR] [AttributeFix/]: Attribute ID 'skilltree:crafted_equipment_durability' does not belong to a known attribute. This entry will be ignored.
[28Aug2026 00:20:13.379] [modloading-worker-0/ERROR] [AttributeFix/]: Attribute ID 'puffish_skills:player.melee_damage' does not belong to a known attribute. This entry will be ignored.
[28Aug2026 00:20:13.379] [modloading-worker-0/ERROR] [AttributeFix/]: Attribute ID 'skilltree:enchantment_level_requirement' does not belong to a known attribute. This entry will be ignored.
[28Aug2026 00:20:13.379] [modloading-worker-0/ERROR] [AttributeFix/]: Attribute ID 'skilltree:damage_with_shield' does not belong to a known attribute. This entry will be ignored.
[28Aug2026 00:20:13.379] [modloading-worker-0/ERROR] [AttributeFix/]: Attribute ID 'skilltree:crit_damage_with_shield' does not belong to a known attribute. This entry will be ignored.
[28Aug2026 00:20:13.379] [modloading-worker-0/ERROR] [AttributeFix/]: Attribute ID 'skilltree:block_chance_per_shield_enchantment' does not belong to a known attribute. This entry will be ignored.
[28Aug2026 00:20:13.379] [modloading-worker-0/ERROR] [AttributeFix/]: Attribute ID 'skilltree:attack_speed_if_not_hungry' does not belong to a known attribute. This entry will be ignored.
[28Aug2026 00:20:13.379] [modloading-worker-0/ERROR] [AttributeFix/]: Attribute ID 'skilltree:cooked_food_damage_per_saturation' does not belong to a known attribute. This entry will be ignored.
[28Aug2026 00:20:13.381] [modloading-worker-0/INFO] [com.teampotato.redirector.Redirector/]: Redirecting software/bernie/geckolib3/core/PlayState
[28Aug2026 00:20:13.389] [modloading-worker-0/ERROR] [AttributeFix/]: Attribute ID 'skilltree:maximum_equipment_sockets' does not belong to a known attribute. This entry will be ignored.
[28Aug2026 00:20:13.389] [modloading-worker-0/ERROR] [AttributeFix/]: Attribute ID 'skilltree:damage_per_weapon_enchantment_level' does not belong to a known attribute. This entry will be ignored.
[28Aug2026 00:20:13.389] [modloading-worker-0/ERROR] [AttributeFix/]: Attribute ID 'skilltree:chance_to_craft_tougher_armor' does not belong to a known attribute. This entry will be ignored.
[28Aug2026 00:20:13.389] [modloading-worker-0/ERROR] [AttributeFix/]: Attribute ID 'skilltree:crit_chance_against_poisoned' does not belong to a known attribute. This entry will be ignored.
[28Aug2026 00:20:13.389] [modloading-worker-0/ERROR] [AttributeFix/]: Attribute ID 'skilltree:armor_per_gem_in_helmet' does not belong to a known attribute. This entry will be ignored.
[28Aug2026 00:20:13.389] [modloading-worker-0/ERROR] [AttributeFix/]: Attribute ID 'skilltree:crit_chance_if_wounded' does not belong to a known attribute. This entry will be ignored.
[28Aug2026 00:20:13.389] [modloading-worker-0/ERROR] [AttributeFix/]: Attribute ID 'skilltree:crafted_weapon_life_per_hit' does not belong to a known attribute. This entry will be ignored.
[28Aug2026 00:20:13.389] [modloading-worker-0/ERROR] [AttributeFix/]: Attribute ID 'skilltree:chestplate_armor' does not belong to a known attribute. This entry will be ignored.
[28Aug2026 00:20:13.389] [modloading-worker-0/ERROR] [AttributeFix/]: Attribute ID 'skilltree:crafted_armor_evasion' does not belong to a known attribute. This entry will be ignored.
[28Aug2026 00:20:13.389] [modloading-worker-0/ERROR] [AttributeFix/]: Attribute ID 'skilltree:life_on_block_per_shield_enchantment' does not belong to a known attribute. This entry will be ignored.
[28Aug2026 00:20:13.389] [modloading-worker-0/ERROR] [AttributeFix/]: Attribute ID 'skilltree:double_loot_chance' does not belong to a known attribute. This entry will be ignored.
[28Aug2026 00:20:13.390] [modloading-worker-0/ERROR] [AttributeFix/]: Attribute ID 'skilltree:life_per_hit_under_potion_effect' does not belong to a known attribute. This entry will be ignored.
[28Aug2026 00:20:13.390] [modloading-worker-0/ERROR] [AttributeFix/]: Attribute ID 'skilltree:crafted_weapon_chance_to_ignite' does not belong to a known attribute. This entry will be ignored.
[28Aug2026 00:20:13.390] [modloading-worker-0/ERROR] [AttributeFix/]: Attribute ID 'skilltree:attack_damage_per_armor' does not belong to a known attribute. This entry will be ignored.
[28Aug2026 00:20:13.390] [modloading-worker-0/ERROR] [AttributeFix/]: Attribute ID 'skilltree:crit_damage_per_satisfied_hunger' does not belong to a known attribute. This entry will be ignored.
[28Aug2026 00:20:13.390] [modloading-worker-0/ERROR] [AttributeFix/]: Attribute ID 'skilltree:crafted_ranged_weapon_attack_speed' does not belong to a known attribute. This entry will be ignored.
[28Aug2026 00:20:13.390] [modloading-worker-0/ERROR] [AttributeFix/]: Attribute ID 'skilltree:damage_with_gem_in_weapon' does not belong to a known attribute. This entry will be ignored.
[28Aug2026 00:20:13.390] [modloading-worker-0/ERROR] [AttributeFix/]: Attribute ID 'skilltree:armor_per_gem_in_chestplate' does not belong to a known attribute. This entry will be ignored.
[28Aug2026 00:20:13.390] [modloading-worker-0/ERROR] [AttributeFix/]: Attribute ID 'skilltree:chance_to_apply_better_armor_enchantment' does not belong to a known attribute. This entry will be ignored.
[28Aug2026 00:20:13.390] [modloading-worker-0/ERROR] [AttributeFix/]: Attribute ID 'skilltree:evasion_under_potion_effect' does not belong to a known attribute. This entry will be ignored.
[28Aug2026 00:20:13.390] [modloading-worker-0/ERROR] [AttributeFix/]: Attribute ID 'skilltree:experience_per_minute' does not belong to a known attribute. This entry will be ignored.
[28Aug2026 00:20:13.390] [modloading-worker-0/ERROR] [AttributeFix/]: Attribute ID 'skilltree:maximum_life_per_evasion' does not belong to a known attribute. This entry will be ignored.
[28Aug2026 00:20:13.390] [modloading-worker-0/ERROR] [AttributeFix/]: Attribute ID 'skilltree:block_chance_per_satisfied_hunger' does not belong to a known attribute. This entry will be ignored.
[28Aug2026 00:20:13.390] [modloading-worker-0/ERROR] [AttributeFix/]: Attribute ID 'skilltree:maximum_weapon_sockets' does not belong to a known attribute. This entry will be ignored.
[28Aug2026 00:20:13.390] [modloading-worker-0/ERROR] [AttributeFix/]: Attribute ID 'skilltree:damage_per_gem_in_weapon' does not belong to a known attribute. This entry will be ignored.
[28Aug2026 00:20:13.390] [modloading-worker-0/ERROR] [AttributeFix/]: Attribute ID 'skilltree:crafted_armor_defence' does not belong to a known attribute. This entry will be ignored.
[28Aug2026 00:20:13.390] [modloading-worker-0/ERROR] [AttributeFix/]: Attribute ID 'skilltree:attack_speed_with_shield' does not belong to a known attribute. This entry will be ignored.
[28Aug2026 00:20:13.390] [modloading-worker-0/ERROR] [AttributeFix/]: Attribute ID 'skilltree:chance_to_explode_enemy' does not belong to a known attribute. This entry will be ignored.
[28Aug2026 00:20:13.390] [modloading-worker-0/ERROR] [AttributeFix/]: Attribute ID 'skilltree:crafted_boots_stealth' does not belong to a known attribute. This entry will be ignored.
[28Aug2026 00:20:13.390] [modloading-worker-0/ERROR] [AttributeFix/]: Attribute ID 'skilltree:maximum_life_per_gem_in_helmet' does not belong to a known attribute. This entry will be ignored.
[28Aug2026 00:20:13.390] [modloading-worker-0/ERROR] [AttributeFix/]: Attribute ID 'skilltree:maximum_life_per_armor_bonus' does not belong to a known attribute. This entry will be ignored.
[28Aug2026 00:20:13.390] [modloading-worker-0/ERROR] [AttributeFix/]: Attribute ID 'skilltree:life_per_arrow_hit' does not belong to a known attribute. This entry will be ignored.
[28Aug2026 00:20:13.391] [modloading-worker-0/ERROR] [AttributeFix/]: Attribute ID 'skilltree:block_chance' does not belong to a known attribute. This entry will be ignored.
[28Aug2026 00:20:13.391] [modloading-worker-0/INFO] [AttributeFix/]: Loaded 286 values from config.
[28Aug2026 00:20:13.416] [modloading-worker-0/INFO] [AttributeFix/]: Saving config file. 286 entries.
[28Aug2026 00:20:13.416] [modloading-worker-0/INFO] [AttributeFix/]: Applying changes for 286 attributes.
[28Aug2026 00:20:13.457] [modloading-worker-0/INFO] [Jade/]: Start loading plugin at shadows.gateways.compat.GatewayJadePlugin
[28Aug2026 00:20:13.463] [modloading-worker-0/INFO] [Jade/]: Start loading plugin at shadows.apotheosis.spawn.compat.SpawnerHwylaPlugin
[28Aug2026 00:20:13.467] [modloading-worker-0/INFO] [Jade/]: Start loading plugin at shadows.apotheosis.ench.compat.EnchHwylaPlugin
[28Aug2026 00:20:13.468] [modloading-worker-0/INFO] [Jade/]: Start loading plugin at shadows.apotheosis.adventure.compat.AdventureHwylaPlugin
[28Aug2026 00:20:13.469] [modloading-worker-0/INFO] [Jade/]: Start loading plugin at daripher.autoleveling.integration.jade.AutoLevelingWailaPlugin
[28Aug2026 00:20:13.470] [modloading-worker-0/INFO] [Jade/]: Start loading plugin at de.maxhenkel.corpse.integration.waila.PluginCorpse
[28Aug2026 00:20:13.471] [modloading-worker-0/INFO] [Jade/]: Start loading plugin at blusunrize.immersiveengineering.common.util.compat.jade.IEWailaPlugin
[28Aug2026 00:20:13.473] [modloading-worker-0/INFO] [Jade/]: Start loading plugin at com.aetherteam.aether.integration.jade.AetherJadePlugin
[28Aug2026 00:20:13.475] [modloading-worker-0/INFO] [Jade/]: Start loading plugin at twilightforest.compat.jade.JadeCompat
[28Aug2026 00:20:13.475] [modloading-worker-0/INFO] [Jade/]: Start loading plugin at com.hollingsworth.arsnouveau.client.waila.WailaArsNouveauPlugin
[28Aug2026 00:20:13.476] [modloading-worker-0/INFO] [Jade/]: Start loading plugin at net.brnbrd.delightful.compat.jade.JadePlugin
[28Aug2026 00:20:13.476] [modloading-worker-0/INFO] [Jade/]: Start loading plugin at net.blay09.mods.waystones.compat.ForgeJadeWaystonesPlugin
[28Aug2026 00:20:13.477] [modloading-worker-0/INFO] [Jade/]: Start loading plugin at snownee.jade.addon.vanilla.VanillaPlugin
[28Aug2026 00:20:13.479] [modloading-worker-0/INFO] [com.teampotato.redirector.Redirector/]: Redirecting snownee/jade/addon/vanilla/BrewingStandProvider
[28Aug2026 00:20:13.480] [modloading-worker-0/INFO] [com.teampotato.redirector.Redirector/]: Redirecting snownee/jade/addon/vanilla/BeehiveProvider
[28Aug2026 00:20:13.481] [modloading-worker-0/INFO] [com.teampotato.redirector.Redirector/]: Redirecting snownee/jade/addon/vanilla/CommandBlockProvider
[28Aug2026 00:20:13.481] [modloading-worker-0/INFO] [com.teampotato.redirector.Redirector/]: Redirecting snownee/jade/addon/vanilla/JukeboxProvider
[28Aug2026 00:20:13.483] [modloading-worker-0/INFO] [com.teampotato.redirector.Redirector/]: Redirecting snownee/jade/addon/vanilla/LecternProvider
[28Aug2026 00:20:13.484] [modloading-worker-0/INFO] [com.teampotato.redirector.Redirector/]: Redirecting snownee/jade/addon/vanilla/RedstoneProvider
[28Aug2026 00:20:13.485] [modloading-worker-0/INFO] [com.teampotato.redirector.Redirector/]: Redirecting snownee/jade/addon/vanilla/FurnaceProvider
[28Aug2026 00:20:13.487] [modloading-worker-0/INFO] [com.teampotato.redirector.Redirector/]: Redirecting snownee/jade/addon/vanilla/AnimalOwnerProvider
[28Aug2026 00:20:13.488] [modloading-worker-0/INFO] [com.teampotato.redirector.Redirector/]: Redirecting snownee/jade/addon/vanilla/PotionEffectsProvider
[28Aug2026 00:20:13.489] [modloading-worker-0/INFO] [com.teampotato.redirector.Redirector/]: Redirecting snownee/jade/addon/vanilla/MobGrowthProvider
[28Aug2026 00:20:13.490] [modloading-worker-0/INFO] [com.teampotato.redirector.Redirector/]: Redirecting snownee/jade/addon/vanilla/MobBreedingProvider
[28Aug2026 00:20:13.491] [modloading-worker-0/INFO] [com.teampotato.redirector.Redirector/]: Redirecting snownee/jade/addon/vanilla/ChickenEggProvider
[28Aug2026 00:20:13.491] [modloading-worker-0/INFO] [Jade/]: Start loading plugin at snownee.jade.addon.universal.UniversalPlugin
[28Aug2026 00:20:13.492] [modloading-worker-0/INFO] [com.teampotato.redirector.Redirector/]: Redirecting snownee/jade/addon/universal/ItemStorageProvider
[28Aug2026 00:20:13.494] [modloading-worker-0/INFO] [com.teampotato.redirector.Redirector/]: Redirecting snownee/jade/addon/universal/EntityItemStorageProvider
[28Aug2026 00:20:13.495] [modloading-worker-0/INFO] [com.teampotato.redirector.Redirector/]: Redirecting snownee/jade/addon/universal/FluidStorageProvider
[28Aug2026 00:20:13.497] [modloading-worker-0/INFO] [com.teampotato.redirector.Redirector/]: Redirecting snownee/jade/addon/universal/EntityFluidStorageProvider
[28Aug2026 00:20:13.498] [modloading-worker-0/INFO] [com.teampotato.redirector.Redirector/]: Redirecting snownee/jade/addon/universal/EnergyStorageProvider
[28Aug2026 00:20:13.499] [modloading-worker-0/INFO] [com.teampotato.redirector.Redirector/]: Redirecting snownee/jade/addon/universal/EntityEnergyStorageProvider
[28Aug2026 00:20:13.500] [modloading-worker-0/INFO] [com.teampotato.redirector.Redirector/]: Redirecting snownee/jade/addon/universal/ProgressProvider
[28Aug2026 00:20:13.501] [modloading-worker-0/INFO] [com.teampotato.redirector.Redirector/]: Redirecting snownee/jade/addon/universal/EntityProgressProvider
[28Aug2026 00:20:13.501] [modloading-worker-0/INFO] [Jade/]: Start loading plugin at snownee.jade.addon.core.CorePlugin
[28Aug2026 00:20:13.502] [modloading-worker-0/INFO] [com.teampotato.redirector.Redirector/]: Redirecting snownee/jade/addon/core/RegistryNameProvider$Mode
[28Aug2026 00:20:13.503] [modloading-worker-0/INFO] [com.teampotato.redirector.Redirector/]: Redirecting snownee/jade/addon/core/ObjectNameProvider
[28Aug2026 00:20:13.504] [modloading-worker-0/INFO] [Jade/]: Start loading plugin at de.maxhenkel.easyvillagers.integration.waila.PluginEasyVillagers
[28Aug2026 00:20:13.504] [modloading-worker-0/INFO] [Jade/]: Start loading plugin at com.jaquadro.minecraft.storagedrawers.integration.Waila
[28Aug2026 00:20:13.515] [modloading-worker-0/INFO] [quark/]: Dispatching Module Step LOAD_COMPLETE
[28Aug2026 00:20:13.529] [modloading-worker-0/INFO] [com.teampotato.redirector.Redirector/]: Redirecting dev/latvian/mods/kubejs/recipe/component/ComponentRole
[28Aug2026 00:20:13.563] [modloading-worker-0/INFO] [Enigmatic Legacy/INFO]: Successfully fetched the list of devoted believers from Enigmatic Legacy's repository.
[28Aug2026 00:20:13.564] [modloading-worker-0/INFO] [Enigmatic Legacy/INFO]: Successfully backed up the list of devoted believers.
[28Aug2026 00:20:13.565] [modloading-worker-0/INFO] [Enigmatic Legacy/]: Believer: ObsidianFlight, UUID: 0cf25168-1b5a-4ac9-90eb-45bb20b0afab
[28Aug2026 00:20:13.565] [modloading-worker-0/INFO] [Enigmatic Legacy/]: Believer: Alexsist, UUID: b77d12d4-627f-47d3-965a-74e4f41854cc
[28Aug2026 00:20:13.565] [modloading-worker-0/INFO] [Enigmatic Legacy/]: Believer: Volsarex, UUID: e9907457-0251-42de-86b7-32289c19a6c4
[28Aug2026 00:20:13.565] [modloading-worker-0/INFO] [Enigmatic Legacy/]: Believer: Tar, UUID: 64d64b70-fde8-467e-ad70-271d5ddf26f6
[28Aug2026 00:20:13.565] [modloading-worker-0/INFO] [Enigmatic Legacy/]: Believer: Strgnv, UUID: 93f46b5e-3f96-4bde-9de9-96e7210441f9
[28Aug2026 00:20:13.565] [modloading-worker-0/INFO] [Enigmatic Legacy/]: Believer: SoulRacer65, UUID: a9ca1491-c6b2-4502-a585-94336fb07e75
[28Aug2026 00:20:13.565] [modloading-worker-0/INFO] [Enigmatic Legacy/]: Believer: legitch, UUID: 64906813-adac-4aa9-8ac9-f25dbb677102
[28Aug2026 00:20:13.565] [modloading-worker-0/INFO] [Enigmatic Legacy/]: Believer: TheOutlander, UUID: 9c22cd32-4dff-42b9-946c-69548781f894
[28Aug2026 00:20:13.565] [modloading-worker-0/INFO] [Enigmatic Legacy/]: Believer: Crobee, UUID: ed207d6d-0bec-4e0b-9674-d8455f017441
[28Aug2026 00:20:13.565] [modloading-worker-0/INFO] [Enigmatic Legacy/]: Believer: Exlor, UUID: d45f7a78-513c-43ed-b2f7-6447a92ddaf2
[28Aug2026 00:20:13.566] [modloading-worker-0/INFO] [Enigmatic Legacy/]: Believer: Bastetowy, UUID: ccd232ea-09ce-4269-a313-d084e97566c9
[28Aug2026 00:20:13.566] [modloading-worker-0/INFO] [Enigmatic Legacy/]: Believer: IaruEmbyr, UUID: 97b38aa9-8c8b-4b50-8b69-f71db9a5c2d3
[28Aug2026 00:20:13.566] [modloading-worker-0/INFO] [Enigmatic Legacy/]: Believer: HunterPhantom, UUID: b818e7a3-997e-4456-a7f0-dc7c97c42892
[28Aug2026 00:20:13.566] [modloading-worker-0/INFO] [Enigmatic Legacy/]: Believer: Azure, UUID: 4aeb4bcc-e4b3-4851-9c1f-13d41ad7f37c
[28Aug2026 00:20:13.566] [modloading-worker-0/INFO] [Enigmatic Legacy/]: Believer: PixelVoxel, UUID: f9e9d0d6-eb43-46db-ae6e-b0950668c06d
[28Aug2026 00:20:13.566] [modloading-worker-0/INFO] [Enigmatic Legacy/]: Believer: Izures, UUID: 4c2145c9-be1a-4ae4-bb9f-0003bd221a98
[28Aug2026 00:20:13.566] [modloading-worker-0/INFO] [Enigmatic Legacy/]: Believer: 0thLaw, UUID: a4ef9810-6c0b-45a6-9895-6bbebc70e001
[28Aug2026 00:20:13.566] [modloading-worker-0/INFO] [Enigmatic Legacy/]: Believer: Nexus, UUID: 08e81c68-0a2f-4625-882b-ddcf3c86e351
[28Aug2026 00:20:13.566] [modloading-worker-0/INFO] [Enigmatic Legacy/]: Believer: Fetrex, UUID: d7d73994-0fa5-4690-a8dd-4dc850563f4e
[28Aug2026 00:20:13.566] [modloading-worker-0/INFO] [Enigmatic Legacy/]: Believer: MasterGentar, UUID: 86a110be-dc85-4d2c-82d3-3669cb61db8f
[28Aug2026 00:20:13.566] [modloading-worker-0/INFO] [Enigmatic Legacy/]: Believer: Dimagic, UUID: 34128f78-ad16-4ef3-a647-bb13f0aea775
[28Aug2026 00:20:13.567] [modloading-worker-0/INFO] [Enigmatic Legacy/]: Believer: probablyastar, UUID: 8f0f3658-5644-4f21-b5ea-324153338d87
[28Aug2026 00:20:13.567] [modloading-worker-0/INFO] [Enigmatic Legacy/]: Believer: Toastr125, UUID: 5cd5f647-d3bb-412e-b60c-0aaae21bcddd
[28Aug2026 00:20:13.567] [modloading-worker-0/INFO] [Enigmatic Legacy/]: Believer: YesPyro, UUID: 82a617a0-56fe-4ead-82d4-9d968ca7c777
[28Aug2026 00:20:13.567] [modloading-worker-0/INFO] [Enigmatic Legacy/]: Believer: Amadhe, UUID: 8bdb26a8-7687-49e5-829b-f298cfc10508
[28Aug2026 00:20:13.567] [modloading-worker-0/INFO] [Enigmatic Legacy/]: Believer: BAN30x, UUID: f42c7088-b559-4385-b8f4-94f3a565634c
[28Aug2026 00:20:13.567] [modloading-worker-0/INFO] [Enigmatic Legacy/]: Believer: Hyperion, UUID: 143e257c-b945-4700-85d2-ebcf63c1811f
[28Aug2026 00:20:13.567] [modloading-worker-0/INFO] [Enigmatic Legacy/]: Believer: prism182, UUID: f9048245-89cb-456c-aa2b-cc8e9d8b8c76
[28Aug2026 00:20:13.567] [modloading-worker-0/INFO] [Enigmatic Legacy/]: Believer: Celeste-ialGamer, UUID: 4822d847-93c1-4efd-bd9f-b2d56ba1608d
[28Aug2026 00:20:13.567] [modloading-worker-0/INFO] [Enigmatic Legacy/]: Believer: Snow_guy864335, UUID: a4fa93e5-c243-4b7b-b69a-6943152a5d2d
[28Aug2026 00:20:13.567] [modloading-worker-0/INFO] [Enigmatic Legacy/]: Believer: Dvyant, UUID: f75e74cb-d289-459f-8d28-ea3668541e32
[28Aug2026 00:20:13.568] [modloading-worker-0/INFO] [Enigmatic Legacy/]: Believer: Naoro, UUID: 7a195143-a6cd-4efb-8e57-deac4b7636d7
[28Aug2026 00:20:13.568] [modloading-worker-0/INFO] [Enigmatic Legacy/]: Believer: millie, UUID: f4fac73a-0ada-4e50-bbed-61b06f1a4d18
[28Aug2026 00:20:13.568] [modloading-worker-0/INFO] [Enigmatic Legacy/]: Believer: NinjaFox, UUID: 834a2387-6dec-4d57-8bd3-72be2a54ed54
[28Aug2026 00:20:13.568] [modloading-worker-0/INFO] [Enigmatic Legacy/]: Believer: ProstoChel, UUID: 1fd0b74a-536b-4a65-a849-5c607c950396
[28Aug2026 00:20:13.568] [modloading-worker-0/INFO] [Enigmatic Legacy/]: Believer: (Ne)TyMVS, UUID: ac159e63-a757-4f7d-8c2c-73469a715ff3
[28Aug2026 00:20:13.568] [modloading-worker-0/INFO] [Enigmatic Legacy/]: Believer: TheMuffinMan, UUID: 20f48143-1e09-4c89-9c85-085b70c76953
[28Aug2026 00:20:13.568] [modloading-worker-0/INFO] [Enigmatic Legacy/]: Believer: solmortis, UUID: f6dbd5e9-701c-4c76-8a48-0ba4b687c76d
[28Aug2026 00:20:13.568] [modloading-worker-0/INFO] [Enigmatic Legacy/]: Believer: Eternal_Banisher, UUID: 387aa6d4-f388-400f-b9c5-1514f238ceae
[28Aug2026 00:20:13.569] [modloading-worker-0/INFO] [Enigmatic Legacy/]: Believer: AbsorbingSafe11, UUID: 343ad979-87b7-4dfa-88b8-3f3fdc2e00ab
[28Aug2026 00:20:13.569] [modloading-worker-0/INFO] [Enigmatic Legacy/]: Believer: Stygian, UUID: f6c7001f-4ce8-43f7-b4a1-a9d9d5fadb93
[28Aug2026 00:20:13.569] [modloading-worker-0/INFO] [Enigmatic Legacy/]: Believer: PikachuGabe0, UUID: ca7b21a6-76a5-4ea6-af48-b90f66e4f2b1
[28Aug2026 00:20:13.571] [modloading-worker-0/INFO] [Enigmatic Legacy/]: Believer: Purifier, UUID: 58c97c29-2c25-4320-a1d2-8e5651de506b
[28Aug2026 00:20:13.571] [modloading-worker-0/INFO] [Enigmatic Legacy/]: Believer: Sam/Barker, UUID: 0179c9aa-12c8-423c-bf96-d53c9ed479dd
[28Aug2026 00:20:13.571] [modloading-worker-0/INFO] [Enigmatic Legacy/]: Believer: Ciege, UUID: 48b866bf-a574-4a10-b7bd-2d83d056452d
[28Aug2026 00:20:13.572] [modloading-worker-0/INFO] [Enigmatic Legacy/]: Believer: Solbaify, UUID: 5679a7e1-29f4-4bdc-bd60-5f642d95ad68
[28Aug2026 00:20:13.572] [modloading-worker-0/INFO] [Enigmatic Legacy/]: Believer: Samola345, UUID: b657c54f-3174-4434-bed8-14d7be8634b3
[28Aug2026 00:20:13.572] [modloading-worker-0/INFO] [Enigmatic Legacy/]: Believer: Ozzi, UUID: 7d52df8b-963d-45c2-9c8a-aa7f20ae0659
[28Aug2026 00:20:13.572] [modloading-worker-0/INFO] [Enigmatic Legacy/]: Believer: Arix, UUID: c13feccd-e582-4ae1-aee7-35e8acf7e9e1
[28Aug2026 00:20:13.572] [modloading-worker-0/INFO] [Enigmatic Legacy/]: Believer: Nechronom, UUID: 84b933b8-9688-4021-a039-eed55c985548
[28Aug2026 00:20:13.572] [modloading-worker-0/INFO] [Enigmatic Legacy/]: Believer: WelshyWeasel, UUID: 208abd4b-5534-4394-970f-f71dd693c53d
[28Aug2026 00:20:13.573] [modloading-worker-0/INFO] [Enigmatic Legacy/]: Believer: Thauma, UUID: facc8bc4-a623-47dc-af89-ba979ac159b5
[28Aug2026 00:20:13.573] [modloading-worker-0/INFO] [Enigmatic Legacy/]: Believer: GrekvarZikurah, UUID: f251c109-8214-4882-b0b4-332441843a50
[28Aug2026 00:20:13.573] [modloading-worker-0/INFO] [Enigmatic Legacy/]: Believer: Sebaty5, UUID: c6dd33f1-e851-40b4-840d-6af5ebe4ea3b
[28Aug2026 00:20:13.573] [modloading-worker-0/INFO] [Enigmatic Legacy/]: Believer: MarceDev, UUID: 24b26788-1ce6-44a6-a4df-45202850a9ef
[28Aug2026 00:20:13.573] [modloading-worker-0/INFO] [Enigmatic Legacy/]: Believer: Xathanon, UUID: 806dc0b8-7d90-4776-b870-37fda466a13f
[28Aug2026 00:20:13.573] [modloading-worker-0/INFO] [Enigmatic Legacy/]: Believer: Jusey1, UUID: 5f311b1c-8557-42cc-9c33-3605ea8f524f
[28Aug2026 00:20:13.573] [modloading-worker-0/INFO] [Enigmatic Legacy/]: Believer: swagfredbear27, UUID: c98b3962-3ea9-47f8-820d-134ce2691af0
[28Aug2026 00:20:13.574] [modloading-worker-0/INFO] [Enigmatic Legacy/]: Believer: CrazyHamburger, UUID: 57282a53-522e-4f8c-9f44-19d2068668d7
[28Aug2026 00:20:13.574] [modloading-worker-0/INFO] [Enigmatic Legacy/]: Believer: UwUent, UUID: 43124493-b135-4467-8460-f04e7e845b63
[28Aug2026 00:20:13.574] [modloading-worker-0/INFO] [Enigmatic Legacy/]: Believer: angelman, UUID: 85efda35-7bc1-48c5-a392-f3c23047212f
[28Aug2026 00:20:13.574] [modloading-worker-0/INFO] [Enigmatic Legacy/]: Believer: Madis0, UUID: 581a3f25-db2c-4e52-9823-62e9e4730daa
[28Aug2026 00:20:13.574] [modloading-worker-0/INFO] [Enigmatic Legacy/]: Believer: Destiny, UUID: 38edb8bc-816f-47b7-95d9-f67af6017f2f
[28Aug2026 00:20:13.574] [modloading-worker-0/INFO] [Enigmatic Legacy/INFO]: Load completion phase finished successfully
[28Aug2026 00:20:13.643] [main/INFO] [terrablender/]: Registered region quark:biome_provider to index 6 for type OVERWORLD
[28Aug2026 00:20:13.809] [main/INFO] [com.teampotato.redirector.Redirector/]: Redirecting org/embeddedt/modernfix/util/BakeReason
[28Aug2026 00:20:14.123] [main/INFO] [com.mojang.authlib.yggdrasil.YggdrasilAuthenticationService/]: Environment: authHost='https://authserver.mojang.com', accountsHost='https://api.mojang.com', sessionHost='https://sessionserver.mojang.com', servicesHost='https://api.minecraftservices.com', name='PROD'
[28Aug2026 00:20:14.372] [main/WARN] [net.minecraftforge.common.ForgeHooks/WP]: The following mods have version differences that were not resolved:
forge (version 43.3.13 -> 43.4.2)
medievalmusic (version 1.19.2-2.0 -> MISSING)
Things may not work well.
[28Aug2026 00:20:15.048] [main/INFO] [com.teampotato.redirector.Redirector/]: Redirecting net/minecraft/nbt/StreamTagVisitor$ValueResult
[28Aug2026 00:20:15.049] [main/INFO] [com.teampotato.redirector.Redirector/]: Redirecting net/minecraft/nbt/StreamTagVisitor$EntryResult
[28Aug2026 00:20:15.147] [main/INFO] [com.teampotato.redirector.Redirector/]: Redirecting net/minecraft/util/datafix/DataFixTypes
[28Aug2026 00:20:15.179] [main/WARN] [net.minecraft.server.packs.VanillaPackResources/]: Assets URL 'union:/workspaces/otro/servidor_minecraft/libraries/net/minecraft/server/1.19.2-20220805.130853/server-1.19.2-20220805.130853-srg.jar%23717!/assets/.mcassetsroot' uses unexpected schema
[28Aug2026 00:20:15.180] [main/WARN] [net.minecraft.server.packs.VanillaPackResources/]: Assets URL 'union:/workspaces/otro/servidor_minecraft/libraries/net/minecraft/server/1.19.2-20220805.130853/server-1.19.2-20220805.130853-srg.jar%23717!/data/.mcassetsroot' uses unexpected schema
[28Aug2026 00:20:15.255] [main/INFO] [com.teampotato.redirector.Redirector/]: Redirecting de/cristelknight999/t_and_t/utils/RepositorySourceMaker$FilePackType
[28Aug2026 00:20:15.391] [main/INFO] [com.teampotato.redirector.Redirector/]: Redirecting net/minecraft/server/packs/repository/PackCompatibility
[28Aug2026 00:20:15.399] [main/INFO] [com.teampotato.redirector.Redirector/]: Redirecting net/minecraft/Util$OS
[28Aug2026 00:20:15.458] [main/WARN] [net.minecraft.server.MinecraftServer/]: Missing data pack mod:medievalmusic
[28Aug2026 00:20:15.548] [main/INFO] [com.teampotato.redirector.Redirector/]: Redirecting net/mehvahdjukaar/moonlight/api/resources/ResType
[28Aug2026 00:20:15.552] [main/WARN] [mixin/]: Static binding violation: PRIVATE @Overwrite method m_215924_ in modernfix-forge.mixins.json:perf.tag_id_caching.TagEntryMixin cannot reduce visibiliy of PUBLIC target method, visibility will be upgraded.
[28Aug2026 00:20:15.624] [main/INFO] [supplementaries/]: Generated runtime SERVER_DATA for pack Supplementaries Generated Pack in: 82 ms
[28Aug2026 00:20:15.680] [main/INFO] [supplementaries/]: Generated runtime SERVER_DATA for pack Supplementaries Generated Pack in: 11 ms
[28Aug2026 00:20:16.648] [main/ERROR] [net.minecraftforge.fml.loading.RuntimeDistCleaner/DISTXFORM]: Attempted to load class com/mojang/blaze3d/vertex/PoseStack for invalid dist DEDICATED_SERVER
[28Aug2026 00:20:16.657] [main/INFO] [KubeJS Server/]: example.js#5: Hello, World! (Loaded server scripts)
[28Aug2026 00:20:16.657] [main/INFO] [KubeJS Server/]: Loaded script server_scripts:example.js in 0.0 s
[28Aug2026 00:20:16.657] [main/INFO] [KubeJS Server/]: Loaded 1/1 KubeJS server scripts in 0.013 s
[28Aug2026 00:20:16.658] [main/INFO] [KubeJS Server/]: Scripts loaded
[28Aug2026 00:20:18.406] [main/INFO] [com.teampotato.redirector.Redirector/]: Redirecting com/telepathicgrunt/repurposedstructures/world/predicates/MatterPhaseRuleTest$MATTER_PHASE
[28Aug2026 00:20:18.775] [main/INFO] [com.teampotato.redirector.Redirector/]: Redirecting com/yungnickyoung/minecraft/betterdungeons/world/DungeonType
[28Aug2026 00:20:19.569] [main/INFO] [com.teampotato.redirector.Redirector/]: Redirecting com/telepathicgrunt/repurposedstructures/world/structures/GenericJigsawStructure$BURYING_TYPE
[28Aug2026 00:20:19.572] [main/INFO] [com.teampotato.redirector.Redirector/]: Redirecting com/telepathicgrunt/repurposedstructures/world/structures/GenericNetherJigsawStructure$LAND_SEARCH_DIRECTION
[28Aug2026 00:20:19.583] [main/INFO] [com.teampotato.redirector.Redirector/]: Redirecting com/yungnickyoung/minecraft/bettermineshafts/world/config/BetterMineshaftConfiguration$LegVariant
[28Aug2026 00:20:19.621] [main/INFO] [com.teampotato.redirector.Redirector/]: Redirecting com/finndog/mes/world/structures/GenericJigsawStructure$BURYING_TYPE
[28Aug2026 00:20:19.796] [main/INFO] [com.jtorleonstudios.libraryferret.LibraryFerret/]: Structure placement for `awesomedungeonnether:nth_obsi_house/start_pool`: { spacing: 50, separation: 25, salt: 64482856, useValueFromConfiguration: true}
[28Aug2026 00:20:19.805] [main/INFO] [com.jtorleonstudios.libraryferret.LibraryFerret/]: Structure placement for `awesomedungeonend:aws_all_end_structures/start_pool`: { spacing: 20, separation: 15, salt: 49082056, useValueFromConfiguration: true}
[28Aug2026 00:20:19.816] [main/INFO] [com.jtorleonstudios.libraryferret.LibraryFerret/]: Structure placement for `awesomedungeonnether:nth_giant_crimson_tree/start_pool`: { spacing: 50, separation: 25, salt: 55482856, useValueFromConfiguration: true}
[28Aug2026 00:20:19.821] [main/INFO] [com.jtorleonstudios.libraryferret.LibraryFerret/]: Structure placement for `awesomedungeonnether:nth_blaze_tower/start_pool`: { spacing: 50, separation: 25, salt: 37482856, useValueFromConfiguration: true}
[28Aug2026 00:20:19.823] [main/INFO] [com.jtorleonstudios.libraryferret.LibraryFerret/]: Structure placement for `awesomedungeonnether:nth_center_square/start_pool`: { spacing: 50, separation: 25, salt: 46482856, useValueFromConfiguration: true}
[28Aug2026 00:20:19.836] [main/INFO] [com.jtorleonstudios.libraryferret.LibraryFerret/]: Structure placement for `awesomedungeonnether:nth_accum_quad/start_pool`: { spacing: 50, separation: 25, salt: 28482856, useValueFromConfiguration: true}
[28Aug2026 00:20:19.837] [main/INFO] [com.jtorleonstudios.libraryferret.LibraryFerret/]: Structure placement for `awesomedungeonnether:nth_absi_palace/start_pool`: { spacing: 50, separation: 25, salt: 19482856, useValueFromConfiguration: true}
[28Aug2026 00:20:20.805] [main/INFO] [com.teampotato.redirector.Redirector/]: Redirecting com/legacy/blue_skies/world/biome_provider/biomes/BiomeIds$Temperature
[28Aug2026 00:20:20.806] [main/INFO] [com.teampotato.redirector.Redirector/]: Redirecting net/minecraft/world/level/levelgen/WorldgenRandom$Algorithm
[28Aug2026 00:20:20.845] [main/INFO] [com.teampotato.redirector.Redirector/]: Redirecting twilightforest/world/components/layer/GenLayerTFBiomes
[28Aug2026 00:20:20.851] [main/INFO] [com.teampotato.redirector.Redirector/]: Redirecting twilightforest/world/components/layer/GenLayerTFKeyBiomes
[28Aug2026 00:20:20.853] [main/INFO] [com.teampotato.redirector.Redirector/]: Redirecting twilightforest/world/components/layer/GenLayerTFCompanionBiomes
[28Aug2026 00:20:20.854] [main/INFO] [com.teampotato.redirector.Redirector/]: Redirecting twilightforest/world/components/layer/vanillalegacy/ZoomLayer
[28Aug2026 00:20:20.855] [main/INFO] [com.teampotato.redirector.Redirector/]: Redirecting twilightforest/world/components/layer/GenLayerTFBiomeStabilize
[28Aug2026 00:20:20.855] [main/INFO] [com.teampotato.redirector.Redirector/]: Redirecting twilightforest/world/components/layer/GenLayerTFThornBorder
[28Aug2026 00:20:20.856] [main/INFO] [com.teampotato.redirector.Redirector/]: Redirecting twilightforest/world/components/layer/GenLayerTFStream
[28Aug2026 00:20:20.857] [main/INFO] [com.teampotato.redirector.Redirector/]: Redirecting twilightforest/world/components/layer/vanillalegacy/SmoothLayer
[28Aug2026 00:20:20.857] [main/INFO] [com.teampotato.redirector.Redirector/]: Redirecting twilightforest/world/components/layer/GenLayerTFRiverMix
[28Aug2026 00:20:20.931] [main/INFO] [com.teampotato.redirector.Redirector/]: Redirecting net/minecraft/commands/CommandBuildContext$MissingTagAccessPolicy
[28Aug2026 00:20:20.935] [main/INFO] [mixin/]: Mixing AccessorAdvancementCommands from enigmaticlegacy.mixins.json into net.minecraft.server.commands.AdvancementCommands
[28Aug2026 00:20:20.935] [main/INFO] [mixin/]: Renaming @Accessor method getAdvancementSuggestions()Lcom/mojang/brigadier/suggestion/SuggestionProvider; to getAdvancementSuggestions_$md$6c0f95$0 in enigmaticlegacy.mixins.json:AccessorAdvancementCommands
[28Aug2026 00:20:21.009] [main/INFO] [net.minecraftforge.coremod.CoreMod.apotheosis/COREMODLOG]: Replaced 2 calls to Enchantment#getMaxLevel() in net/minecraft/server/commands/EnchantCommand
[28Aug2026 00:20:21.388] [main/INFO] [com.teampotato.redirector.Redirector/]: Redirecting it/hurts/sskirillss/relics/commands/RelicsCommand$CommandAction
[28Aug2026 00:20:21.490] [main/INFO] [FTB Ranks/]: Loading command nodes...
[28Aug2026 00:20:21.535] [main/INFO] [FTB Ranks/]: Loaded 3021 command nodes
[28Aug2026 00:20:21.558] [main/INFO] [com.teampotato.redirector.Redirector/]: Redirecting io/github/edwinmindcraft/apoli/common/data/PowerLoader
[28Aug2026 00:20:21.562] [main/INFO] [com.teampotato.redirector.Redirector/]: Redirecting io/github/edwinmindcraft/origins/common/data/OriginLoader
[28Aug2026 00:20:21.563] [main/INFO] [com.teampotato.redirector.Redirector/]: Redirecting io/github/edwinmindcraft/origins/api/data/PartialOrigin$Serializer
[28Aug2026 00:20:21.565] [main/INFO] [com.teampotato.redirector.Redirector/]: Redirecting io/github/edwinmindcraft/origins/common/data/LayerLoader
[28Aug2026 00:20:21.567] [main/INFO] [com.teampotato.redirector.Redirector/]: Redirecting io/github/edwinmindcraft/origins/api/data/PartialLayer$Serializer
[28Aug2026 00:20:21.569] [main/INFO] [com.teampotato.redirector.Redirector/]: Redirecting io/github/edwinmindcraft/origins/api/data/PartialGuiTitle$Serializer
[28Aug2026 00:20:21.569] [main/INFO] [com.teampotato.redirector.Redirector/]: Redirecting io/github/edwinmindcraft/origins/api/origin/ConditionedOrigin$Serializer
[28Aug2026 00:20:21.572] [main/INFO] [Calio/]: CDRM Initialized with 15 registries
[28Aug2026 00:20:21.576] [main/INFO] [com.github.alexthe666.alexsmobs.AlexsMobs/]: Adding datapack listener capsid_recipes
[28Aug2026 00:20:21.591] [main/INFO] [com.teampotato.redirector.Redirector/]: Redirecting com/stal111/forbidden_arcanus/common/inventory/InputType
[28Aug2026 00:20:22.373] [Worker-Main4/ERROR] [net.minecraft.tags.TagLoader/]: Couldn't load tag [the_bumblezone:crystal_canyon (from totw_modded-forge-1.19.2-1.0.5.jar), the_bumblezone:pollinated_fields (from totw_modded-forge-1.19.2-1.0.5.jar)] as it is missing following references: the_bumblezone:crystal_canyon (from totw_modded-forge-1.19.2-1.0.5.jar), 
	the_bumblezone:pollinated_fields (from totw_modded-forge-1.19.2-1.0.5.jar)
[28Aug2026 00:20:22.373] [Worker-Main4/ERROR] [net.minecraft.tags.TagLoader/]: Couldn't load tag [ad_astra:infernal_venus_barrens (from totw_modded-forge-1.19.2-1.0.5.jar)] as it is missing following references: ad_astra:infernal_venus_barrens (from totw_modded-forge-1.19.2-1.0.5.jar)
[28Aug2026 00:20:22.374] [Worker-Main4/ERROR] [net.minecraft.tags.TagLoader/]: Couldn't load tag [ad_astra:lunar_wastelands (from totw_modded-forge-1.19.2-1.0.5.jar)] as it is missing following references: ad_astra:lunar_wastelands (from totw_modded-forge-1.19.2-1.0.5.jar)
[28Aug2026 00:20:22.398] [Worker-Main4/ERROR] [net.minecraft.tags.TagLoader/]: Couldn't load tag [ad_astra:martian_canyon_creek (from totw_modded-forge-1.19.2-1.0.5.jar), ad_astra:martian_wastelands (from totw_modded-forge-1.19.2-1.0.5.jar)] as it is missing following references: ad_astra:martian_canyon_creek (from totw_modded-forge-1.19.2-1.0.5.jar), 
	ad_astra:martian_wastelands (from totw_modded-forge-1.19.2-1.0.5.jar)
[28Aug2026 00:20:22.402] [Worker-Main4/ERROR] [net.minecraft.tags.TagLoader/]: Couldn't load tag [ad_astra:glacio_snowy_barrens (from totw_modded-forge-1.19.2-1.0.5.jar), ad_astra:glacio_ice_peaks (from totw_modded-forge-1.19.2-1.0.5.jar)] as it is missing following references: ad_astra:glacio_snowy_barrens (from totw_modded-forge-1.19.2-1.0.5.jar), 
	ad_astra:glacio_ice_peaks (from totw_modded-forge-1.19.2-1.0.5.jar)
[28Aug2026 00:20:22.405] [Worker-Main4/ERROR] [net.minecraft.tags.TagLoader/]: Couldn't load tag [minecraft:spruce_forest (from legendarymonsters-1.0.7 MC 1.19.2.jar)] as it is missing following references: minecraft:spruce_forest (from legendarymonsters-1.0.7 MC 1.19.2.jar)
[28Aug2026 00:20:22.407] [Worker-Main4/ERROR] [net.minecraft.tags.TagLoader/]: Couldn't load tag [rats:ratlantis (from totw_modded-forge-1.19.2-1.0.5.jar)] as it is missing following references: rats:ratlantis (from totw_modded-forge-1.19.2-1.0.5.jar)
[28Aug2026 00:20:22.408] [Worker-Main4/ERROR] [net.minecraft.tags.TagLoader/]: Couldn't load tag [ad_astra:mercury_deltas (from totw_modded-forge-1.19.2-1.0.5.jar)] as it is missing following references: ad_astra:mercury_deltas (from totw_modded-forge-1.19.2-1.0.5.jar)
[28Aug2026 00:20:22.705] [Worker-Main5/INFO] [com.cupboard.Cupboard/]: Loaded config for: connectivity.json
[28Aug2026 00:20:22.713] [Worker-Main5/ERROR] [net.minecraft.tags.TagLoader/]: Not a valid resource location: farmersdelight:festive_delight:salmon_verrines Non [a-z0-9/._-] character in path of location: farmersdelight:festive_delight:salmon_verrines
[28Aug2026 00:20:22.719] [Worker-Main5/ERROR] [net.minecraft.tags.TagLoader/]: Couldn't read tag list oef:seafood from oef:tags/items/seafood.json in data pack Origins_Expanded_Foods_v2.3+1.19.2.zip
java.lang.RuntimeException: Not a valid resource location: farmersdelight:festive_delight:salmon_verrines Non [a-z0-9/._-] character in path of location: farmersdelight:festive_delight:salmon_verrines
	at com.mojang.serialization.DataResult.lambda$getOrThrow$4(DataResult.java:100) ~[datafixerupper-5.0.28.jar%2375!/:?]
	at com.mojang.datafixers.util.Either$Right.map(Either.java:99) ~[datafixerupper-5.0.28.jar%2375!/:?]
	at com.mojang.serialization.DataResult.getOrThrow(DataResult.java:93) ~[datafixerupper-5.0.28.jar%2375!/:?]
	at net.minecraft.tags.TagLoader.m_144495_(TagLoader.java:62) ~[server-1.19.2-20220805.130853-srg.jar%23717!/:?]
	at net.minecraft.tags.TagLoader.m_203900_(TagLoader.java:177) ~[server-1.19.2-20220805.130853-srg.jar%23717!/:?]
	at net.minecraft.tags.TagManager.m_203920_(TagManager.java:54) ~[server-1.19.2-20220805.130853-srg.jar%23717!/:?]
	at java.util.concurrent.CompletableFuture$AsyncSupply.run(CompletableFuture.java:1768) [?:?]
	at java.util.concurrent.CompletableFuture$AsyncSupply.exec(CompletableFuture.java:1760) [?:?]
	at java.util.concurrent.ForkJoinTask.doExec(ForkJoinTask.java:373) [?:?]
	at java.util.concurrent.ForkJoinPool$WorkQueue.topLevelExec(ForkJoinPool.java:1182) [?:?]
	at java.util.concurrent.ForkJoinPool.scan(ForkJoinPool.java:1655) [?:?]
	at java.util.concurrent.ForkJoinPool.runWorker(ForkJoinPool.java:1622) [?:?]
	at java.util.concurrent.ForkJoinWorkerThread.run(ForkJoinWorkerThread.java:165) [?:?]
[28Aug2026 00:20:22.771] [Worker-Main3/ERROR] [net.minecraft.tags.TagLoader/]: Couldn't load tag [quark:soul_stone (from bygonenether-1.3.2-1.19.2.jar)] as it is missing following references: quark:soul_stone (from bygonenether-1.3.2-1.19.2.jar)
[28Aug2026 00:20:22.772] [Worker-Main3/ERROR] [net.minecraft.tags.TagLoader/]: Couldn't load tag [enlightened_end:enduring_waste (from enlightend-5.0.12-1.19.2.jar), enlightened_end:voidsteel_block (from enlightend-5.0.12-1.19.2.jar), enlightened_end:adamantite_plate_block (from enlightend-5.0.12-1.19.2.jar), enlightened_end:adamantite_glass (from enlightend-5.0.12-1.19.2.jar), enlightened_end:adamantite_glass_pane (from enlightend-5.0.12-1.19.2.jar)] as it is missing following references: enlightened_end:enduring_waste (from enlightend-5.0.12-1.19.2.jar), 
	enlightened_end:voidsteel_block (from enlightend-5.0.12-1.19.2.jar), 
	enlightened_end:adamantite_plate_block (from enlightend-5.0.12-1.19.2.jar), 
	enlightened_end:adamantite_glass (from enlightend-5.0.12-1.19.2.jar), 
	enlightened_end:adamantite_glass_pane (from enlightend-5.0.12-1.19.2.jar)
[28Aug2026 00:20:22.775] [Worker-Main3/ERROR] [net.minecraft.tags.TagLoader/]: Couldn't load tag [enlightened_end:chiseled_purpur (from enlightend-5.0.12-1.19.2.jar), enlightened_end:purpur_lamp (from enlightend-5.0.12-1.19.2.jar), enlightened_end:infested_end_stone (from enlightend-5.0.12-1.19.2.jar), enlightened_end:congealed_eylium (from enlightend-5.0.12-1.19.2.jar), enlightened_end:nullstone (from enlightend-5.0.12-1.19.2.jar), enlightened_end:nullstone_slab (from enlightend-5.0.12-1.19.2.jar), enlightened_end:nullstone_stairs (from enlightend-5.0.12-1.19.2.jar), enlightened_end:nullstone_wall (from enlightend-5.0.12-1.19.2.jar), enlightened_end:polished_nullstone (from enlightend-5.0.12-1.19.2.jar), enlightened_end:polished_nullstone_slab (from enlightend-5.0.12-1.19.2.jar), enlightened_end:polished_nullstone_stairs (from enlightend-5.0.12-1.19.2.jar), enlightened_end:polished_nullstone_wall (from enlightend-5.0.12-1.19.2.jar), enlightened_end:cracked_nullstone_bricks (from enlightend-5.0.12-1.19.2.jar), enlightened_end:nullstone_bricks (from enlightend-5.0.12-1.19.2.jar), enlightened_end:nullstone_brick_slab (from enlightend-5.0.12-1.19.2.jar), enlightened_end:nullstone_brick_stairs (from enlightend-5.0.12-1.19.2.jar), enlightened_end:nullstone_brick_wall (from enlightend-5.0.12-1.19.2.jar), enlightened_end:nullstone_pillar (from enlightend-5.0.12-1.19.2.jar), enlightened_end:chiseled_nullstone (from enlightend-5.0.12-1.19.2.jar), enlightened_end:nullstone_lamp (from enlightend-5.0.12-1.19.2.jar), enlightened_end:voikrust_lamp (from enlightend-5.0.12-1.19.2.jar)] as it is missing following references: enlightened_end:chiseled_purpur (from enlightend-5.0.12-1.19.2.jar), 
	enlightened_end:purpur_lamp (from enlightend-5.0.12-1.19.2.jar), 
	enlightened_end:infested_end_stone (from enlightend-5.0.12-1.19.2.jar), 
	enlightened_end:congealed_eylium (from enlightend-5.0.12-1.19.2.jar), 
	enlightened_end:nullstone (from enlightend-5.0.12-1.19.2.jar), 
	enlightened_end:nullstone_slab (from enlightend-5.0.12-1.19.2.jar), 
	enlightened_end:nullstone_stairs (from enlightend-5.0.12-1.19.2.jar), 
	enlightened_end:nullstone_wall (from enlightend-5.0.12-1.19.2.jar), 
	enlightened_end:polished_nullstone (from enlightend-5.0.12-1.19.2.jar), 
	enlightened_end:polished_nullstone_slab (from enlightend-5.0.12-1.19.2.jar), 
	enlightened_end:polished_nullstone_stairs (from enlightend-5.0.12-1.19.2.jar), 
	enlightened_end:polished_nullstone_wall (from enlightend-5.0.12-1.19.2.jar), 
	enlightened_end:cracked_nullstone_bricks (from enlightend-5.0.12-1.19.2.jar), 
	enlightened_end:nullstone_bricks (from enlightend-5.0.12-1.19.2.jar), 
	enlightened_end:nullstone_brick_slab (from enlightend-5.0.12-1.19.2.jar), 
	enlightened_end:nullstone_brick_stairs (from enlightend-5.0.12-1.19.2.jar), 
	enlightened_end:nullstone_brick_wall (from enlightend-5.0.12-1.19.2.jar), 
	enlightened_end:nullstone_pillar (from enlightend-5.0.12-1.19.2.jar), 
	enlightened_end:chiseled_nullstone (from enlightend-5.0.12-1.19.2.jar), 
	enlightened_end:nullstone_lamp (from enlightend-5.0.12-1.19.2.jar), 
	enlightened_end:voikrust_lamp (from enlightend-5.0.12-1.19.2.jar)
[28Aug2026 00:20:22.775] [Worker-Main3/ERROR] [net.minecraft.tags.TagLoader/]: Couldn't load tag [enlightened_end:waxed_bismuth_stairs (from enlightend-5.0.12-1.19.2.jar), enlightened_end:waxed_bismuth_slab (from enlightend-5.0.12-1.19.2.jar), enlightened_end:infernal_bismuth_sheets (from enlightend-5.0.12-1.19.2.jar), enlightened_end:infernal_bismuth_sheet_stairs (from enlightend-5.0.12-1.19.2.jar), enlightened_end:infernal_bismuth_sheet_slab (from enlightend-5.0.12-1.19.2.jar), enlightened_end:warm_bismuth_sheets (from enlightend-5.0.12-1.19.2.jar), enlightened_end:warm_bismuth_stairs (from enlightend-5.0.12-1.19.2.jar), enlightened_end:warm_bismuth_slab (from enlightend-5.0.12-1.19.2.jar), enlightened_end:temperate_bismuth_sheets (from enlightend-5.0.12-1.19.2.jar), enlightened_end:temperate_bismuth_stairs (from enlightend-5.0.12-1.19.2.jar), enlightened_end:temperate_bismuth_slab (from enlightend-5.0.12-1.19.2.jar), enlightened_end:frosty_bismuth_sheets (from enlightend-5.0.12-1.19.2.jar), enlightened_end:frosty_bismuth_stairs (from enlightend-5.0.12-1.19.2.jar), enlightened_end:frosty_bismuth_slab (from enlightend-5.0.12-1.19.2.jar), enlightened_end:aquatic_bismuth_sheets (from enlightend-5.0.12-1.19.2.jar), enlightened_end:aquatic_bismuth_stairs (from enlightend-5.0.12-1.19.2.jar), enlightened_end:aquatic_bismuth_slab (from enlightend-5.0.12-1.19.2.jar), enlightened_end:dark_bismuth_sheets (from enlightend-5.0.12-1.19.2.jar), enlightened_end:dark_bismuth_sheet_stairs (from enlightend-5.0.12-1.19.2.jar), enlightened_end:dark_bismuth_slab (from enlightend-5.0.12-1.19.2.jar), enlightened_end:nebulous_bismuth_sheets (from enlightend-5.0.12-1.19.2.jar), enlightened_end:nebulous_bismuth_stairs (from enlightend-5.0.12-1.19.2.jar), enlightened_end:nebulous_bismuth_sheet_slab (from enlightend-5.0.12-1.19.2.jar), enlightened_end:prismatic_bismuth_sheets (from enlightend-5.0.12-1.19.2.jar), enlightened_end:prismatic_bismuth_stairs (from enlightend-5.0.12-1.19.2.jar), enlightened_end:prismatic_bismuth_slab (from enlightend-5.0.12-1.19.2.jar), enlightened_end:repulsium_block (from enlightend-5.0.12-1.19.2.jar), enlightened_end:repulsium_cluster (from enlightend-5.0.12-1.19.2.jar), enlightened_end:atractonite_block (from enlightend-5.0.12-1.19.2.jar), enlightened_end:atractonite_cluster (from enlightend-5.0.12-1.19.2.jar)] as it is missing following references: enlightened_end:waxed_bismuth_stairs (from enlightend-5.0.12-1.19.2.jar), 
	enlightened_end:waxed_bismuth_slab (from enlightend-5.0.12-1.19.2.jar), 
	enlightened_end:infernal_bismuth_sheets (from enlightend-5.0.12-1.19.2.jar), 
	enlightened_end:infernal_bismuth_sheet_stairs (from enlightend-5.0.12-1.19.2.jar), 
	enlightened_end:infernal_bismuth_sheet_slab (from enlightend-5.0.12-1.19.2.jar), 
	enlightened_end:warm_bismuth_sheets (from enlightend-5.0.12-1.19.2.jar), 
	enlightened_end:warm_bismuth_stairs (from enlightend-5.0.12-1.19.2.jar), 
	enlightened_end:warm_bismuth_slab (from enlightend-5.0.12-1.19.2.jar), 
	enlightened_end:temperate_bismuth_sheets (from enlightend-5.0.12-1.19.2.jar), 
	enlightened_end:temperate_bismuth_stairs (from enlightend-5.0.12-1.19.2.jar), 
	enlightened_end:temperate_bismuth_slab (from enlightend-5.0.12-1.19.2.jar), 
	enlightened_end:frosty_bismuth_sheets (from enlightend-5.0.12-1.19.2.jar), 
	enlightened_end:frosty_bismuth_stairs (from enlightend-5.0.12-1.19.2.jar), 
	enlightened_end:frosty_bismuth_slab (from enlightend-5.0.12-1.19.2.jar), 
	enlightened_end:aquatic_bismuth_sheets (from enlightend-5.0.12-1.19.2.jar), 
	enlightened_end:aquatic_bismuth_stairs (from enlightend-5.0.12-1.19.2.jar), 
	enlightened_end:aquatic_bismuth_slab (from enlightend-5.0.12-1.19.2.jar), 
	enlightened_end:dark_bismuth_sheets (from enlightend-5.0.12-1.19.2.jar), 
	enlightened_end:dark_bismuth_sheet_stairs (from enlightend-5.0.12-1.19.2.jar), 
	enlightened_end:dark_bismuth_slab (from enlightend-5.0.12-1.19.2.jar), 
	enlightened_end:nebulous_bismuth_sheets (from enlightend-5.0.12-1.19.2.jar), 
	enlightened_end:nebulous_bismuth_stairs (from enlightend-5.0.12-1.19.2.jar), 
	enlightened_end:nebulous_bismuth_sheet_slab (from enlightend-5.0.12-1.19.2.jar), 
	enlightened_end:prismatic_bismuth_sheets (from enlightend-5.0.12-1.19.2.jar), 
	enlightened_end:prismatic_bismuth_stairs (from enlightend-5.0.12-1.19.2.jar), 
	enlightened_end:prismatic_bismuth_slab (from enlightend-5.0.12-1.19.2.jar), 
	enlightened_end:repulsium_block (from enlightend-5.0.12-1.19.2.jar), 
	enlightened_end:repulsium_cluster (from enlightend-5.0.12-1.19.2.jar), 
	enlightened_end:atractonite_block (from enlightend-5.0.12-1.19.2.jar), 
	enlightened_end:atractonite_cluster (from enlightend-5.0.12-1.19.2.jar)
[28Aug2026 00:20:22.776] [Worker-Main3/ERROR] [net.minecraft.tags.TagLoader/]: Couldn't load tag [enlightened_end:malachite_pillar (from enlightend-5.0.12-1.19.2.jar), enlightened_end:smooth_malachite (from enlightend-5.0.12-1.19.2.jar), enlightened_end:smooth_malachite_stairs (from enlightend-5.0.12-1.19.2.jar), enlightened_end:smooth_malachite_slab (from enlightend-5.0.12-1.19.2.jar), enlightened_end:smooth_malachite_wall (from enlightend-5.0.12-1.19.2.jar), enlightened_end:voikrust (from enlightend-5.0.12-1.19.2.jar), enlightened_end:voikrust_stairs (from enlightend-5.0.12-1.19.2.jar), enlightened_end:voikrust_slab (from enlightend-5.0.12-1.19.2.jar), enlightened_end:voikrust_pressure_plate (from enlightend-5.0.12-1.19.2.jar), enlightened_end:voikrust_button (from enlightend-5.0.12-1.19.2.jar), enlightened_end:voikrust_wall (from enlightend-5.0.12-1.19.2.jar), enlightened_end:polished_voikrust (from enlightend-5.0.12-1.19.2.jar), enlightened_end:polished_voikrust_stairs (from enlightend-5.0.12-1.19.2.jar), enlightened_end:polished_voikrust_slab (from enlightend-5.0.12-1.19.2.jar), enlightened_end:polished_voikrust_wall (from enlightend-5.0.12-1.19.2.jar), enlightened_end:voikrust_bricks (from enlightend-5.0.12-1.19.2.jar), enlightened_end:voikrust_brick_stairs (from enlightend-5.0.12-1.19.2.jar), enlightened_end:voikrust_brick_slab (from enlightend-5.0.12-1.19.2.jar), enlightened_end:voikrust_brick_wall (from enlightend-5.0.12-1.19.2.jar), enlightened_end:chiseled_voikrust (from enlightend-5.0.12-1.19.2.jar), enlightened_end:cracked_voikrust_bricks (from enlightend-5.0.12-1.19.2.jar), enlightened_end:voikrust_pillar (from enlightend-5.0.12-1.19.2.jar), enlightened_end:mossy_voikrust (from enlightend-5.0.12-1.19.2.jar), enlightened_end:mossy_voikrust_stairs (from enlightend-5.0.12-1.19.2.jar), enlightened_end:mossy_voikrust_slab (from enlightend-5.0.12-1.19.2.jar), enlightened_end:mossy_voikrust_wall (from enlightend-5.0.12-1.19.2.jar), enlightened_end:mossy_voikrust_bricks (from enlightend-5.0.12-1.19.2.jar), enlightened_end:mossy_voikrust_brick_stairs (from enlightend-5.0.12-1.19.2.jar), enlightened_end:mossy_voikrust_brick_slab (from enlightend-5.0.12-1.19.2.jar), enlightened_end:mossy_voikrust_brick_wall (from enlightend-5.0.12-1.19.2.jar), enlightened_end:end_biome_placer (from enlightend-5.0.12-1.19.2.jar), enlightened_end:transitioning_end_portal (from enlightend-5.0.12-1.19.2.jar), enlightened_end:biome_replace_block (from enlightend-5.0.12-1.19.2.jar), enlightened_end:biome_replace_chance (from enlightend-5.0.12-1.19.2.jar), enlightened_end:enderneath_tunnel (from enlightend-5.0.12-1.19.2.jar), enlightened_end:ennegel_hang_generate (from enlightend-5.0.12-1.19.2.jar), enlightened_end:enderneath_replace (from enlightend-5.0.12-1.19.2.jar), enlightened_end:enderneath_replace_chance (from enlightend-5.0.12-1.19.2.jar)] as it is missing following references: enlightened_end:malachite_pillar (from enlightend-5.0.12-1.19.2.jar), 
	enlightened_end:smooth_malachite (from enlightend-5.0.12-1.19.2.jar), 
	enlightened_end:smooth_malachite_stairs (from enlightend-5.0.12-1.19.2.jar), 
	enlightened_end:smooth_malachite_slab (from enlightend-5.0.12-1.19.2.jar), 
	enlightened_end:smooth_malachite_wall (from enlightend-5.0.12-1.19.2.jar), 
	enlightened_end:voikrust (from enlightend-5.0.12-1.19.2.jar), 
	enlightened_end:voikrust_stairs (from enlightend-5.0.12-1.19.2.jar), 
	enlightened_end:voikrust_slab (from enlightend-5.0.12-1.19.2.jar), 
	enlightened_end:voikrust_pressure_plate (from enlightend-5.0.12-1.19.2.jar), 
	enlightened_end:voikrust_button (from enlightend-5.0.12-1.19.2.jar), 
	enlightened_end:voikrust_wall (from enlightend-5.0.12-1.19.2.jar), 
	enlightened_end:polished_voikrust (from enlightend-5.0.12-1.19.2.jar), 
	enlightened_end:polished_voikrust_stairs (from enlightend-5.0.12-1.19.2.jar), 
	enlightened_end:polished_voikrust_slab (from enlightend-5.0.12-1.19.2.jar), 
	enlightened_end:polished_voikrust_wall (from enlightend-5.0.12-1.19.2.jar), 
	enlightened_end:voikrust_bricks (from enlightend-5.0.12-1.19.2.jar), 
	enlightened_end:voikrust_brick_stairs (from enlightend-5.0.12-1.19.2.jar), 
	enlightened_end:voikrust_brick_slab (from enlightend-5.0.12-1.19.2.jar), 
	enlightened_end:voikrust_brick_wall (from enlightend-5.0.12-1.19.2.jar), 
	enlightened_end:chiseled_voikrust (from enlightend-5.0.12-1.19.2.jar), 
	enlightened_end:cracked_voikrust_bricks (from enlightend-5.0.12-1.19.2.jar), 
	enlightened_end:voikrust_pillar (from enlightend-5.0.12-1.19.2.jar), 
	enlightened_end:mossy_voikrust (from enlightend-5.0.12-1.19.2.jar), 
	enlightened_end:mossy_voikrust_stairs (from enlightend-5.0.12-1.19.2.jar), 
	enlightened_end:mossy_voikrust_slab (from enlightend-5.0.12-1.19.2.jar), 
	enlightened_end:mossy_voikrust_wall (from enlightend-5.0.12-1.19.2.jar), 
	enlightened_end:mossy_voikrust_bricks (from enlightend-5.0.12-1.19.2.jar), 
	enlightened_end:mossy_voikrust_brick_stairs (from enlightend-5.0.12-1.19.2.jar), 
	enlightened_end:mossy_voikrust_brick_slab (from enlightend-5.0.12-1.19.2.jar), 
	enlightened_end:mossy_voikrust_brick_wall (from enlightend-5.0.12-1.19.2.jar), 
	enlightened_end:end_biome_placer (from enlightend-5.0.12-1.19.2.jar), 
	enlightened_end:transitioning_end_portal (from enlightend-5.0.12-1.19.2.jar), 
	enlightened_end:biome_replace_block (from enlightend-5.0.12-1.19.2.jar), 
	enlightened_end:biome_replace_chance (from enlightend-5.0.12-1.19.2.jar), 
	enlightened_end:enderneath_tunnel (from enlightend-5.0.12-1.19.2.jar), 
	enlightened_end:ennegel_hang_generate (from enlightend-5.0.12-1.19.2.jar), 
	enlightened_end:enderneath_replace (from enlightend-5.0.12-1.19.2.jar), 
	enlightened_end:enderneath_replace_chance (from enlightend-5.0.12-1.19.2.jar)
[28Aug2026 00:20:22.918] [Worker-Main5/ERROR] [net.minecraft.tags.TagLoader/]: Couldn't load tag [simplyswords:mythicmetals_compat/banglum/banglum_claymore (from simplyswords-forge-1.47.0-1.19.2.jar), simplyswords:mythicmetals_compat/banglum/banglum_cutlass (from simplyswords-forge-1.47.0-1.19.2.jar), simplyswords:mythicmetals_compat/banglum/banglum_glaive (from simplyswords-forge-1.47.0-1.19.2.jar), simplyswords:mythicmetals_compat/banglum/banglum_katana (from simplyswords-forge-1.47.0-1.19.2.jar), simplyswords:mythicmetals_compat/banglum/banglum_longsword (from simplyswords-forge-1.47.0-1.19.2.jar), simplyswords:mythicmetals_compat/banglum/banglum_rapier (from simplyswords-forge-1.47.0-1.19.2.jar), simplyswords:mythicmetals_compat/banglum/banglum_sai (from simplyswords-forge-1.47.0-1.19.2.jar), simplyswords:mythicmetals_compat/banglum/banglum_spear (from simplyswords-forge-1.47.0-1.19.2.jar), simplyswords:mythicmetals_compat/banglum/banglum_twinblade (from simplyswords-forge-1.47.0-1.19.2.jar), simplyswords:mythicmetals_compat/banglum/banglum_warglaive (from simplyswords-forge-1.47.0-1.19.2.jar), simplyswords:mythicmetals_compat/banglum/banglum_greathammer (from simplyswords-forge-1.47.0-1.19.2.jar), simplyswords:mythicmetals_compat/banglum/banglum_greataxe (from simplyswords-forge-1.47.0-1.19.2.jar), simplyswords:mythicmetals_compat/banglum/banglum_chakram (from simplyswords-forge-1.47.0-1.19.2.jar), simplyswords:mythicmetals_compat/banglum/banglum_scythe (from simplyswords-forge-1.47.0-1.19.2.jar), simplyswords:mythicmetals_compat/banglum/halberd_scythe (from simplyswords-forge-1.47.0-1.19.2.jar)] as it is missing following references: simplyswords:mythicmetals_compat/banglum/banglum_claymore (from simplyswords-forge-1.47.0-1.19.2.jar), 
	simplyswords:mythicmetals_compat/banglum/banglum_cutlass (from simplyswords-forge-1.47.0-1.19.2.jar), 
	simplyswords:mythicmetals_compat/banglum/banglum_glaive (from simplyswords-forge-1.47.0-1.19.2.jar), 
	simplyswords:mythicmetals_compat/banglum/banglum_katana (from simplyswords-forge-1.47.0-1.19.2.jar), 
	simplyswords:mythicmetals_compat/banglum/banglum_longsword (from simplyswords-forge-1.47.0-1.19.2.jar), 
	simplyswords:mythicmetals_compat/banglum/banglum_rapier (from simplyswords-forge-1.47.0-1.19.2.jar), 
	simplyswords:mythicmetals_compat/banglum/banglum_sai (from simplyswords-forge-1.47.0-1.19.2.jar), 
	simplyswords:mythicmetals_compat/banglum/banglum_spear (from simplyswords-forge-1.47.0-1.19.2.jar), 
	simplyswords:mythicmetals_compat/banglum/banglum_twinblade (from simplyswords-forge-1.47.0-1.19.2.jar), 
	simplyswords:mythicmetals_compat/banglum/banglum_warglaive (from simplyswords-forge-1.47.0-1.19.2.jar), 
	simplyswords:mythicmetals_compat/banglum/banglum_greathammer (from simplyswords-forge-1.47.0-1.19.2.jar), 
	simplyswords:mythicmetals_compat/banglum/banglum_greataxe (from simplyswords-forge-1.47.0-1.19.2.jar), 
	simplyswords:mythicmetals_compat/banglum/banglum_chakram (from simplyswords-forge-1.47.0-1.19.2.jar), 
	simplyswords:mythicmetals_compat/banglum/banglum_scythe (from simplyswords-forge-1.47.0-1.19.2.jar), 
	simplyswords:mythicmetals_compat/banglum/halberd_scythe (from simplyswords-forge-1.47.0-1.19.2.jar)
[28Aug2026 00:20:22.919] [Worker-Main5/ERROR] [net.minecraft.tags.TagLoader/]: Couldn't load tag [simplyswords:mythicmetals_compat/steel/steel_claymore (from simplyswords-forge-1.47.0-1.19.2.jar), simplyswords:mythicmetals_compat/steel/steel_cutlass (from simplyswords-forge-1.47.0-1.19.2.jar), simplyswords:mythicmetals_compat/steel/steel_glaive (from simplyswords-forge-1.47.0-1.19.2.jar), simplyswords:mythicmetals_compat/steel/steel_katana (from simplyswords-forge-1.47.0-1.19.2.jar), simplyswords:mythicmetals_compat/steel/steel_longsword (from simplyswords-forge-1.47.0-1.19.2.jar), simplyswords:mythicmetals_compat/steel/steel_rapier (from simplyswords-forge-1.47.0-1.19.2.jar), simplyswords:mythicmetals_compat/steel/steel_sai (from simplyswords-forge-1.47.0-1.19.2.jar), simplyswords:mythicmetals_compat/steel/steel_spear (from simplyswords-forge-1.47.0-1.19.2.jar), simplyswords:mythicmetals_compat/steel/steel_twinblade (from simplyswords-forge-1.47.0-1.19.2.jar), simplyswords:mythicmetals_compat/steel/steel_warglaive (from simplyswords-forge-1.47.0-1.19.2.jar), simplyswords:mythicmetals_compat/steel/steel_greathammer (from simplyswords-forge-1.47.0-1.19.2.jar), simplyswords:mythicmetals_compat/steel/steel_greataxe (from simplyswords-forge-1.47.0-1.19.2.jar), simplyswords:mythicmetals_compat/steel/steel_chakram (from simplyswords-forge-1.47.0-1.19.2.jar), simplyswords:mythicmetals_compat/steel/steel_scythe (from simplyswords-forge-1.47.0-1.19.2.jar), simplyswords:mythicmetals_compat/steel/steel_halberd (from simplyswords-forge-1.47.0-1.19.2.jar)] as it is missing following references: simplyswords:mythicmetals_compat/steel/steel_claymore (from simplyswords-forge-1.47.0-1.19.2.jar), 
	simplyswords:mythicmetals_compat/steel/steel_cutlass (from simplyswords-forge-1.47.0-1.19.2.jar), 
	simplyswords:mythicmetals_compat/steel/steel_glaive (from simplyswords-forge-1.47.0-1.19.2.jar), 
	simplyswords:mythicmetals_compat/steel/steel_katana (from simplyswords-forge-1.47.0-1.19.2.jar), 
	simplyswords:mythicmetals_compat/steel/steel_longsword (from simplyswords-forge-1.47.0-1.19.2.jar), 
	simplyswords:mythicmetals_compat/steel/steel_rapier (from simplyswords-forge-1.47.0-1.19.2.jar), 
	simplyswords:mythicmetals_compat/steel/steel_sai (from simplyswords-forge-1.47.0-1.19.2.jar), 
	simplyswords:mythicmetals_compat/steel/steel_spear (from simplyswords-forge-1.47.0-1.19.2.jar), 
	simplyswords:mythicmetals_compat/steel/steel_twinblade (from simplyswords-forge-1.47.0-1.19.2.jar), 
	simplyswords:mythicmetals_compat/steel/steel_warglaive (from simplyswords-forge-1.47.0-1.19.2.jar), 
	simplyswords:mythicmetals_compat/steel/steel_greathammer (from simplyswords-forge-1.47.0-1.19.2.jar), 
	simplyswords:mythicmetals_compat/steel/steel_greataxe (from simplyswords-forge-1.47.0-1.19.2.jar), 
	simplyswords:mythicmetals_compat/steel/steel_chakram (from simplyswords-forge-1.47.0-1.19.2.jar), 
	simplyswords:mythicmetals_compat/steel/steel_scythe (from simplyswords-forge-1.47.0-1.19.2.jar), 
	simplyswords:mythicmetals_compat/steel/steel_halberd (from simplyswords-forge-1.47.0-1.19.2.jar)
[28Aug2026 00:20:22.945] [Worker-Main5/ERROR] [net.minecraft.tags.TagLoader/]: Couldn't load tag [enlightened_end:starsteel_pickaxe (from enlightend-5.0.12-1.19.2.jar), enlightened_end:tenebrium_pickaxe (from enlightend-5.0.12-1.19.2.jar)] as it is missing following references: enlightened_end:starsteel_pickaxe (from enlightend-5.0.12-1.19.2.jar), 
	enlightened_end:tenebrium_pickaxe (from enlightend-5.0.12-1.19.2.jar)
[28Aug2026 00:20:22.946] [Worker-Main5/ERROR] [net.minecraft.tags.TagLoader/]: Couldn't load tag [simplyswords:mythicmetals_compat/copper/copper_longsword (from simplyswords-forge-1.47.0-1.19.2.jar)] as it is missing following references: simplyswords:mythicmetals_compat/copper/copper_longsword (from simplyswords-forge-1.47.0-1.19.2.jar)
[28Aug2026 00:20:22.949] [Worker-Main5/ERROR] [net.minecraft.tags.TagLoader/]: Couldn't load tag [simplyswords:mythicmetals_compat/star_platinum/star_platinum_claymore (from simplyswords-forge-1.47.0-1.19.2.jar), simplyswords:mythicmetals_compat/star_platinum/star_platinum_cutlass (from simplyswords-forge-1.47.0-1.19.2.jar), simplyswords:mythicmetals_compat/star_platinum/star_platinum_glaive (from simplyswords-forge-1.47.0-1.19.2.jar), simplyswords:mythicmetals_compat/star_platinum/star_platinum_katana (from simplyswords-forge-1.47.0-1.19.2.jar), simplyswords:mythicmetals_compat/star_platinum/star_platinum_longsword (from simplyswords-forge-1.47.0-1.19.2.jar), simplyswords:mythicmetals_compat/star_platinum/star_platinum_rapier (from simplyswords-forge-1.47.0-1.19.2.jar), simplyswords:mythicmetals_compat/star_platinum/star_platinum_sai (from simplyswords-forge-1.47.0-1.19.2.jar), simplyswords:mythicmetals_compat/star_platinum/star_platinum_spear (from simplyswords-forge-1.47.0-1.19.2.jar), simplyswords:mythicmetals_compat/star_platinum/star_platinum_twinblade (from simplyswords-forge-1.47.0-1.19.2.jar), simplyswords:mythicmetals_compat/star_platinum/star_platinum_warglaive (from simplyswords-forge-1.47.0-1.19.2.jar), simplyswords:mythicmetals_compat/star_platinum/star_platinum_greathammer (from simplyswords-forge-1.47.0-1.19.2.jar), simplyswords:mythicmetals_compat/star_platinum/star_platinum_greataxe (from simplyswords-forge-1.47.0-1.19.2.jar), simplyswords:mythicmetals_compat/star_platinum/star_platinum_chakram (from simplyswords-forge-1.47.0-1.19.2.jar), simplyswords:mythicmetals_compat/star_platinum/star_platinum_scythe (from simplyswords-forge-1.47.0-1.19.2.jar), simplyswords:mythicmetals_compat/star_platinum/star_platinum_halberd (from simplyswords-forge-1.47.0-1.19.2.jar)] as it is missing following references: simplyswords:mythicmetals_compat/star_platinum/star_platinum_claymore (from simplyswords-forge-1.47.0-1.19.2.jar), 
	simplyswords:mythicmetals_compat/star_platinum/star_platinum_cutlass (from simplyswords-forge-1.47.0-1.19.2.jar), 
	simplyswords:mythicmetals_compat/star_platinum/star_platinum_glaive (from simplyswords-forge-1.47.0-1.19.2.jar), 
	simplyswords:mythicmetals_compat/star_platinum/star_platinum_katana (from simplyswords-forge-1.47.0-1.19.2.jar), 
	simplyswords:mythicmetals_compat/star_platinum/star_platinum_longsword (from simplyswords-forge-1.47.0-1.19.2.jar), 
	simplyswords:mythicmetals_compat/star_platinum/star_platinum_rapier (from simplyswords-forge-1.47.0-1.19.2.jar), 
	simplyswords:mythicmetals_compat/star_platinum/star_platinum_sai (from simplyswords-forge-1.47.0-1.19.2.jar), 
	simplyswords:mythicmetals_compat/star_platinum/star_platinum_spear (from simplyswords-forge-1.47.0-1.19.2.jar), 
	simplyswords:mythicmetals_compat/star_platinum/star_platinum_twinblade (from simplyswords-forge-1.47.0-1.19.2.jar), 
	simplyswords:mythicmetals_compat/star_platinum/star_platinum_warglaive (from simplyswords-forge-1.47.0-1.19.2.jar), 
	simplyswords:mythicmetals_compat/star_platinum/star_platinum_greathammer (from simplyswords-forge-1.47.0-1.19.2.jar), 
	simplyswords:mythicmetals_compat/star_platinum/star_platinum_greataxe (from simplyswords-forge-1.47.0-1.19.2.jar), 
	simplyswords:mythicmetals_compat/star_platinum/star_platinum_chakram (from simplyswords-forge-1.47.0-1.19.2.jar), 
	simplyswords:mythicmetals_compat/star_platinum/star_platinum_scythe (from simplyswords-forge-1.47.0-1.19.2.jar), 
	simplyswords:mythicmetals_compat/star_platinum/star_platinum_halberd (from simplyswords-forge-1.47.0-1.19.2.jar)
[28Aug2026 00:20:22.949] [Worker-Main5/ERROR] [net.minecraft.tags.TagLoader/]: Couldn't load tag [simplyswords:mythicmetals_compat/stormyx/stormyx_claymore (from simplyswords-forge-1.47.0-1.19.2.jar), simplyswords:mythicmetals_compat/stormyx/stormyx_cutlass (from simplyswords-forge-1.47.0-1.19.2.jar), simplyswords:mythicmetals_compat/stormyx/stormyx_glaive (from simplyswords-forge-1.47.0-1.19.2.jar), simplyswords:mythicmetals_compat/stormyx/stormyx_katana (from simplyswords-forge-1.47.0-1.19.2.jar), simplyswords:mythicmetals_compat/stormyx/stormyx_longsword (from simplyswords-forge-1.47.0-1.19.2.jar), simplyswords:mythicmetals_compat/stormyx/stormyx_rapier (from simplyswords-forge-1.47.0-1.19.2.jar), simplyswords:mythicmetals_compat/stormyx/stormyx_sai (from simplyswords-forge-1.47.0-1.19.2.jar), simplyswords:mythicmetals_compat/stormyx/stormyx_spear (from simplyswords-forge-1.47.0-1.19.2.jar), simplyswords:mythicmetals_compat/stormyx/stormyx_twinblade (from simplyswords-forge-1.47.0-1.19.2.jar), simplyswords:mythicmetals_compat/stormyx/stormyx_warglaive (from simplyswords-forge-1.47.0-1.19.2.jar), simplyswords:mythicmetals_compat/stormyx/stormyx_greathammer (from simplyswords-forge-1.47.0-1.19.2.jar), simplyswords:mythicmetals_compat/stormyx/stormyx_greataxe (from simplyswords-forge-1.47.0-1.19.2.jar), simplyswords:mythicmetals_compat/stormyx/stormyx_chakram (from simplyswords-forge-1.47.0-1.19.2.jar), simplyswords:mythicmetals_compat/stormyx/stormyx_scythe (from simplyswords-forge-1.47.0-1.19.2.jar), simplyswords:mythicmetals_compat/stormyx/stormyx_halberd (from simplyswords-forge-1.47.0-1.19.2.jar)] as it is missing following references: simplyswords:mythicmetals_compat/stormyx/stormyx_claymore (from simplyswords-forge-1.47.0-1.19.2.jar), 
	simplyswords:mythicmetals_compat/stormyx/stormyx_cutlass (from simplyswords-forge-1.47.0-1.19.2.jar), 
	simplyswords:mythicmetals_compat/stormyx/stormyx_glaive (from simplyswords-forge-1.47.0-1.19.2.jar), 
	simplyswords:mythicmetals_compat/stormyx/stormyx_katana (from simplyswords-forge-1.47.0-1.19.2.jar), 
	simplyswords:mythicmetals_compat/stormyx/stormyx_longsword (from simplyswords-forge-1.47.0-1.19.2.jar), 
	simplyswords:mythicmetals_compat/stormyx/stormyx_rapier (from simplyswords-forge-1.47.0-1.19.2.jar), 
	simplyswords:mythicmetals_compat/stormyx/stormyx_sai (from simplyswords-forge-1.47.0-1.19.2.jar), 
	simplyswords:mythicmetals_compat/stormyx/stormyx_spear (from simplyswords-forge-1.47.0-1.19.2.jar), 
	simplyswords:mythicmetals_compat/stormyx/stormyx_twinblade (from simplyswords-forge-1.47.0-1.19.2.jar), 
	simplyswords:mythicmetals_compat/stormyx/stormyx_warglaive (from simplyswords-forge-1.47.0-1.19.2.jar), 
	simplyswords:mythicmetals_compat/stormyx/stormyx_greathammer (from simplyswords-forge-1.47.0-1.19.2.jar), 
	simplyswords:mythicmetals_compat/stormyx/stormyx_greataxe (from simplyswords-forge-1.47.0-1.19.2.jar), 
	simplyswords:mythicmetals_compat/stormyx/stormyx_chakram (from simplyswords-forge-1.47.0-1.19.2.jar), 
	simplyswords:mythicmetals_compat/stormyx/stormyx_scythe (from simplyswords-forge-1.47.0-1.19.2.jar), 
	simplyswords:mythicmetals_compat/stormyx/stormyx_halberd (from simplyswords-forge-1.47.0-1.19.2.jar)
[28Aug2026 00:20:22.951] [Worker-Main5/ERROR] [net.minecraft.tags.TagLoader/]: Couldn't load tag [simplyswords:mythicmetals_compat/prometheum/prometheum_claymore (from simplyswords-forge-1.47.0-1.19.2.jar), simplyswords:mythicmetals_compat/prometheum/prometheum_cutlass (from simplyswords-forge-1.47.0-1.19.2.jar), simplyswords:mythicmetals_compat/prometheum/prometheum_glaive (from simplyswords-forge-1.47.0-1.19.2.jar), simplyswords:mythicmetals_compat/prometheum/prometheum_katana (from simplyswords-forge-1.47.0-1.19.2.jar), simplyswords:mythicmetals_compat/prometheum/prometheum_longsword (from simplyswords-forge-1.47.0-1.19.2.jar), simplyswords:mythicmetals_compat/prometheum/prometheum_rapier (from simplyswords-forge-1.47.0-1.19.2.jar), simplyswords:mythicmetals_compat/prometheum/prometheum_sai (from simplyswords-forge-1.47.0-1.19.2.jar), simplyswords:mythicmetals_compat/prometheum/prometheum_spear (from simplyswords-forge-1.47.0-1.19.2.jar), simplyswords:mythicmetals_compat/prometheum/prometheum_twinblade (from simplyswords-forge-1.47.0-1.19.2.jar), simplyswords:mythicmetals_compat/prometheum/prometheum_warglaive (from simplyswords-forge-1.47.0-1.19.2.jar), simplyswords:mythicmetals_compat/prometheum/prometheum_greathammer (from simplyswords-forge-1.47.0-1.19.2.jar), simplyswords:mythicmetals_compat/prometheum/prometheum_greataxe (from simplyswords-forge-1.47.0-1.19.2.jar), simplyswords:mythicmetals_compat/prometheum/prometheum_chakram (from simplyswords-forge-1.47.0-1.19.2.jar), simplyswords:mythicmetals_compat/prometheum/prometheum_scythe (from simplyswords-forge-1.47.0-1.19.2.jar), simplyswords:mythicmetals_compat/prometheum/prometheum_halberd (from simplyswords-forge-1.47.0-1.19.2.jar)] as it is missing following references: simplyswords:mythicmetals_compat/prometheum/prometheum_claymore (from simplyswords-forge-1.47.0-1.19.2.jar), 
	simplyswords:mythicmetals_compat/prometheum/prometheum_cutlass (from simplyswords-forge-1.47.0-1.19.2.jar), 
	simplyswords:mythicmetals_compat/prometheum/prometheum_glaive (from simplyswords-forge-1.47.0-1.19.2.jar), 
	simplyswords:mythicmetals_compat/prometheum/prometheum_katana (from simplyswords-forge-1.47.0-1.19.2.jar), 
	simplyswords:mythicmetals_compat/prometheum/prometheum_longsword (from simplyswords-forge-1.47.0-1.19.2.jar), 
	simplyswords:mythicmetals_compat/prometheum/prometheum_rapier (from simplyswords-forge-1.47.0-1.19.2.jar), 
	simplyswords:mythicmetals_compat/prometheum/prometheum_sai (from simplyswords-forge-1.47.0-1.19.2.jar), 
	simplyswords:mythicmetals_compat/prometheum/prometheum_spear (from simplyswords-forge-1.47.0-1.19.2.jar), 
	simplyswords:mythicmetals_compat/prometheum/prometheum_twinblade (from simplyswords-forge-1.47.0-1.19.2.jar), 
	simplyswords:mythicmetals_compat/prometheum/prometheum_warglaive (from simplyswords-forge-1.47.0-1.19.2.jar), 
	simplyswords:mythicmetals_compat/prometheum/prometheum_greathammer (from simplyswords-forge-1.47.0-1.19.2.jar), 
	simplyswords:mythicmetals_compat/prometheum/prometheum_greataxe (from simplyswords-forge-1.47.0-1.19.2.jar), 
	simplyswords:mythicmetals_compat/prometheum/prometheum_chakram (from simplyswords-forge-1.47.0-1.19.2.jar), 
	simplyswords:mythicmetals_compat/prometheum/prometheum_scythe (from simplyswords-forge-1.47.0-1.19.2.jar), 
	simplyswords:mythicmetals_compat/prometheum/prometheum_halberd (from simplyswords-forge-1.47.0-1.19.2.jar)
[28Aug2026 00:20:22.955] [Worker-Main5/ERROR] [net.minecraft.tags.TagLoader/]: Couldn't load tag [simplyswords:mythicmetals_compat/bronze/bronze_claymore (from simplyswords-forge-1.47.0-1.19.2.jar), simplyswords:mythicmetals_compat/bronze/bronze_cutlass (from simplyswords-forge-1.47.0-1.19.2.jar), simplyswords:mythicmetals_compat/bronze/bronze_glaive (from simplyswords-forge-1.47.0-1.19.2.jar), simplyswords:mythicmetals_compat/bronze/bronze_katana (from simplyswords-forge-1.47.0-1.19.2.jar), simplyswords:mythicmetals_compat/bronze/bronze_longsword (from simplyswords-forge-1.47.0-1.19.2.jar), simplyswords:mythicmetals_compat/bronze/bronze_rapier (from simplyswords-forge-1.47.0-1.19.2.jar), simplyswords:mythicmetals_compat/bronze/bronze_sai (from simplyswords-forge-1.47.0-1.19.2.jar), simplyswords:mythicmetals_compat/bronze/bronze_spear (from simplyswords-forge-1.47.0-1.19.2.jar), simplyswords:mythicmetals_compat/bronze/bronze_twinblade (from simplyswords-forge-1.47.0-1.19.2.jar), simplyswords:mythicmetals_compat/bronze/bronze_warglaive (from simplyswords-forge-1.47.0-1.19.2.jar), simplyswords:mythicmetals_compat/bronze/bronze_greathammer (from simplyswords-forge-1.47.0-1.19.2.jar), simplyswords:mythicmetals_compat/bronze/bronze_greataxe (from simplyswords-forge-1.47.0-1.19.2.jar), simplyswords:mythicmetals_compat/bronze/bronze_chakram (from simplyswords-forge-1.47.0-1.19.2.jar), simplyswords:mythicmetals_compat/bronze/bronze_scythe (from simplyswords-forge-1.47.0-1.19.2.jar), simplyswords:mythicmetals_compat/bronze/bronze_halberd (from simplyswords-forge-1.47.0-1.19.2.jar)] as it is missing following references: simplyswords:mythicmetals_compat/bronze/bronze_claymore (from simplyswords-forge-1.47.0-1.19.2.jar), 
	simplyswords:mythicmetals_compat/bronze/bronze_cutlass (from simplyswords-forge-1.47.0-1.19.2.jar), 
	simplyswords:mythicmetals_compat/bronze/bronze_glaive (from simplyswords-forge-1.47.0-1.19.2.jar), 
	simplyswords:mythicmetals_compat/bronze/bronze_katana (from simplyswords-forge-1.47.0-1.19.2.jar), 
	simplyswords:mythicmetals_compat/bronze/bronze_longsword (from simplyswords-forge-1.47.0-1.19.2.jar), 
	simplyswords:mythicmetals_compat/bronze/bronze_rapier (from simplyswords-forge-1.47.0-1.19.2.jar), 
	simplyswords:mythicmetals_compat/bronze/bronze_sai (from simplyswords-forge-1.47.0-1.19.2.jar), 
	simplyswords:mythicmetals_compat/bronze/bronze_spear (from simplyswords-forge-1.47.0-1.19.2.jar), 
	simplyswords:mythicmetals_compat/bronze/bronze_twinblade (from simplyswords-forge-1.47.0-1.19.2.jar), 
	simplyswords:mythicmetals_compat/bronze/bronze_warglaive (from simplyswords-forge-1.47.0-1.19.2.jar), 
	simplyswords:mythicmetals_compat/bronze/bronze_greathammer (from simplyswords-forge-1.47.0-1.19.2.jar), 
	simplyswords:mythicmetals_compat/bronze/bronze_greataxe (from simplyswords-forge-1.47.0-1.19.2.jar), 
	simplyswords:mythicmetals_compat/bronze/bronze_chakram (from simplyswords-forge-1.47.0-1.19.2.jar), 
	simplyswords:mythicmetals_compat/bronze/bronze_scythe (from simplyswords-forge-1.47.0-1.19.2.jar), 
	simplyswords:mythicmetals_compat/bronze/bronze_halberd (from simplyswords-forge-1.47.0-1.19.2.jar)
[28Aug2026 00:20:22.957] [Worker-Main5/ERROR] [net.minecraft.tags.TagLoader/]: Couldn't load tag [simplyswords:mythicmetals_compat/quadrillum/quadrillum_claymore (from simplyswords-forge-1.47.0-1.19.2.jar), simplyswords:mythicmetals_compat/quadrillum/quadrillum_cutlass (from simplyswords-forge-1.47.0-1.19.2.jar), simplyswords:mythicmetals_compat/quadrillum/quadrillum_glaive (from simplyswords-forge-1.47.0-1.19.2.jar), simplyswords:mythicmetals_compat/quadrillum/quadrillum_katana (from simplyswords-forge-1.47.0-1.19.2.jar), simplyswords:mythicmetals_compat/quadrillum/quadrillum_longsword (from simplyswords-forge-1.47.0-1.19.2.jar), simplyswords:mythicmetals_compat/quadrillum/quadrillum_rapier (from simplyswords-forge-1.47.0-1.19.2.jar), simplyswords:mythicmetals_compat/quadrillum/quadrillum_sai (from simplyswords-forge-1.47.0-1.19.2.jar), simplyswords:mythicmetals_compat/quadrillum/quadrillum_spear (from simplyswords-forge-1.47.0-1.19.2.jar), simplyswords:mythicmetals_compat/quadrillum/quadrillum_twinblade (from simplyswords-forge-1.47.0-1.19.2.jar), simplyswords:mythicmetals_compat/quadrillum/quadrillum_warglaive (from simplyswords-forge-1.47.0-1.19.2.jar), simplyswords:mythicmetals_compat/quadrillum/quadrillum_greathammer (from simplyswords-forge-1.47.0-1.19.2.jar), simplyswords:mythicmetals_compat/quadrillum/quadrillum_greataxe (from simplyswords-forge-1.47.0-1.19.2.jar), simplyswords:mythicmetals_compat/quadrillum/quadrillum_chakram (from simplyswords-forge-1.47.0-1.19.2.jar), simplyswords:mythicmetals_compat/quadrillum/quadrillum_scythe (from simplyswords-forge-1.47.0-1.19.2.jar), simplyswords:mythicmetals_compat/quadrillum/quadrillum_halberd (from simplyswords-forge-1.47.0-1.19.2.jar)] as it is missing following references: simplyswords:mythicmetals_compat/quadrillum/quadrillum_claymore (from simplyswords-forge-1.47.0-1.19.2.jar), 
	simplyswords:mythicmetals_compat/quadrillum/quadrillum_cutlass (from simplyswords-forge-1.47.0-1.19.2.jar), 
	simplyswords:mythicmetals_compat/quadrillum/quadrillum_glaive (from simplyswords-forge-1.47.0-1.19.2.jar), 
	simplyswords:mythicmetals_compat/quadrillum/quadrillum_katana (from simplyswords-forge-1.47.0-1.19.2.jar), 
	simplyswords:mythicmetals_compat/quadrillum/quadrillum_longsword (from simplyswords-forge-1.47.0-1.19.2.jar), 
	simplyswords:mythicmetals_compat/quadrillum/quadrillum_rapier (from simplyswords-forge-1.47.0-1.19.2.jar), 
	simplyswords:mythicmetals_compat/quadrillum/quadrillum_sai (from simplyswords-forge-1.47.0-1.19.2.jar), 
	simplyswords:mythicmetals_compat/quadrillum/quadrillum_spear (from simplyswords-forge-1.47.0-1.19.2.jar), 
	simplyswords:mythicmetals_compat/quadrillum/quadrillum_twinblade (from simplyswords-forge-1.47.0-1.19.2.jar), 
	simplyswords:mythicmetals_compat/quadrillum/quadrillum_warglaive (from simplyswords-forge-1.47.0-1.19.2.jar), 
	simplyswords:mythicmetals_compat/quadrillum/quadrillum_greathammer (from simplyswords-forge-1.47.0-1.19.2.jar), 
	simplyswords:mythicmetals_compat/quadrillum/quadrillum_greataxe (from simplyswords-forge-1.47.0-1.19.2.jar), 
	simplyswords:mythicmetals_compat/quadrillum/quadrillum_chakram (from simplyswords-forge-1.47.0-1.19.2.jar), 
	simplyswords:mythicmetals_compat/quadrillum/quadrillum_scythe (from simplyswords-forge-1.47.0-1.19.2.jar), 
	simplyswords:mythicmetals_compat/quadrillum/quadrillum_halberd (from simplyswords-forge-1.47.0-1.19.2.jar)
[28Aug2026 00:20:22.959] [Worker-Main5/ERROR] [net.minecraft.tags.TagLoader/]: Couldn't load tag [minecraft:carrots (from collection-of-singiro-1.19.x-1.1.4.jar), minecraft:potatoes (from collection-of-singiro-1.19.x-1.1.4.jar), minecraft:beetroots (from collection-of-singiro-1.19.x-1.1.4.jar), minecraft:cocao (from collection-of-singiro-1.19.x-1.1.4.jar), minecraft:sweet_berry_bush (from collection-of-singiro-1.19.x-1.1.4.jar)] as it is missing following references: minecraft:carrots (from collection-of-singiro-1.19.x-1.1.4.jar), 
	minecraft:potatoes (from collection-of-singiro-1.19.x-1.1.4.jar), 
	minecraft:beetroots (from collection-of-singiro-1.19.x-1.1.4.jar), 
	minecraft:cocao (from collection-of-singiro-1.19.x-1.1.4.jar), 
	minecraft:sweet_berry_bush (from collection-of-singiro-1.19.x-1.1.4.jar)
[28Aug2026 00:20:22.965] [Worker-Main5/ERROR] [net.minecraft.tags.TagLoader/]: Couldn't load tag [mythicmetals:mythicmetals_compat/carmot/carmot_claymore (from simplyswords-forge-1.47.0-1.19.2.jar), mythicmetals:mythicmetals_compat/carmot/carmot_cutlass (from simplyswords-forge-1.47.0-1.19.2.jar), mythicmetals:mythicmetals_compat/carmot/carmot_glaive (from simplyswords-forge-1.47.0-1.19.2.jar), mythicmetals:mythicmetals_compat/carmot/carmot_katana (from simplyswords-forge-1.47.0-1.19.2.jar), mythicmetals:mythicmetals_compat/carmot/carmot_longsword (from simplyswords-forge-1.47.0-1.19.2.jar), mythicmetals:mythicmetals_compat/carmot/carmot_rapier (from simplyswords-forge-1.47.0-1.19.2.jar), mythicmetals:mythicmetals_compat/carmot/carmot_sai (from simplyswords-forge-1.47.0-1.19.2.jar), mythicmetals:mythicmetals_compat/carmot/carmot_spear (from simplyswords-forge-1.47.0-1.19.2.jar), mythicmetals:mythicmetals_compat/carmot/carmot_twinblade (from simplyswords-forge-1.47.0-1.19.2.jar), mythicmetals:mythicmetals_compat/carmot/carmot_warglaive (from simplyswords-forge-1.47.0-1.19.2.jar), mythicmetals:mythicmetals_compat/carmot/carmot_greathammer (from simplyswords-forge-1.47.0-1.19.2.jar), mythicmetals:mythicmetals_compat/carmot/carmot_greataxe (from simplyswords-forge-1.47.0-1.19.2.jar), mythicmetals:mythicmetals_compat/carmot/carmot_chakram (from simplyswords-forge-1.47.0-1.19.2.jar), mythicmetals:mythicmetals_compat/carmot/carmot_scythe (from simplyswords-forge-1.47.0-1.19.2.jar), mythicmetals:mythicmetals_compat/carmot/carmot_halberd (from simplyswords-forge-1.47.0-1.19.2.jar)] as it is missing following references: mythicmetals:mythicmetals_compat/carmot/carmot_claymore (from simplyswords-forge-1.47.0-1.19.2.jar), 
	mythicmetals:mythicmetals_compat/carmot/carmot_cutlass (from simplyswords-forge-1.47.0-1.19.2.jar), 
	mythicmetals:mythicmetals_compat/carmot/carmot_glaive (from simplyswords-forge-1.47.0-1.19.2.jar), 
	mythicmetals:mythicmetals_compat/carmot/carmot_katana (from simplyswords-forge-1.47.0-1.19.2.jar), 
	mythicmetals:mythicmetals_compat/carmot/carmot_longsword (from simplyswords-forge-1.47.0-1.19.2.jar), 
	mythicmetals:mythicmetals_compat/carmot/carmot_rapier (from simplyswords-forge-1.47.0-1.19.2.jar), 
	mythicmetals:mythicmetals_compat/carmot/carmot_sai (from simplyswords-forge-1.47.0-1.19.2.jar), 
	mythicmetals:mythicmetals_compat/carmot/carmot_spear (from simplyswords-forge-1.47.0-1.19.2.jar), 
	mythicmetals:mythicmetals_compat/carmot/carmot_twinblade (from simplyswords-forge-1.47.0-1.19.2.jar), 
	mythicmetals:mythicmetals_compat/carmot/carmot_warglaive (from simplyswords-forge-1.47.0-1.19.2.jar), 
	mythicmetals:mythicmetals_compat/carmot/carmot_greathammer (from simplyswords-forge-1.47.0-1.19.2.jar), 
	mythicmetals:mythicmetals_compat/carmot/carmot_greataxe (from simplyswords-forge-1.47.0-1.19.2.jar), 
	mythicmetals:mythicmetals_compat/carmot/carmot_chakram (from simplyswords-forge-1.47.0-1.19.2.jar), 
	mythicmetals:mythicmetals_compat/carmot/carmot_scythe (from simplyswords-forge-1.47.0-1.19.2.jar), 
	mythicmetals:mythicmetals_compat/carmot/carmot_halberd (from simplyswords-forge-1.47.0-1.19.2.jar)
[28Aug2026 00:20:22.981] [Worker-Main5/ERROR] [net.minecraft.tags.TagLoader/]: Couldn't load tag [simplyswords:mythicmetals_compat/adamantite/adamantite_claymore (from simplyswords-forge-1.47.0-1.19.2.jar), simplyswords:mythicmetals_compat/adamantite/adamantite_cutlass (from simplyswords-forge-1.47.0-1.19.2.jar), simplyswords:mythicmetals_compat/adamantite/adamantite_glaive (from simplyswords-forge-1.47.0-1.19.2.jar), simplyswords:mythicmetals_compat/adamantite/adamantite_katana (from simplyswords-forge-1.47.0-1.19.2.jar), simplyswords:mythicmetals_compat/adamantite/adamantite_longsword (from simplyswords-forge-1.47.0-1.19.2.jar), simplyswords:mythicmetals_compat/adamantite/adamantite_rapier (from simplyswords-forge-1.47.0-1.19.2.jar), simplyswords:mythicmetals_compat/adamantite/adamantite_sai (from simplyswords-forge-1.47.0-1.19.2.jar), simplyswords:mythicmetals_compat/adamantite/adamantite_spear (from simplyswords-forge-1.47.0-1.19.2.jar), simplyswords:mythicmetals_compat/adamantite/adamantite_twinblade (from simplyswords-forge-1.47.0-1.19.2.jar), simplyswords:mythicmetals_compat/adamantite/adamantite_warglaive (from simplyswords-forge-1.47.0-1.19.2.jar), simplyswords:mythicmetals_compat/adamantite/adamantite_greathammer (from simplyswords-forge-1.47.0-1.19.2.jar), simplyswords:mythicmetals_compat/adamantite/adamantite_greataxe (from simplyswords-forge-1.47.0-1.19.2.jar), simplyswords:mythicmetals_compat/adamantite/adamantite_chakram (from simplyswords-forge-1.47.0-1.19.2.jar), simplyswords:mythicmetals_compat/adamantite/adamantite_scythe (from simplyswords-forge-1.47.0-1.19.2.jar), simplyswords:mythicmetals_compat/adamantite/adamantite_halberd (from simplyswords-forge-1.47.0-1.19.2.jar)] as it is missing following references: simplyswords:mythicmetals_compat/adamantite/adamantite_claymore (from simplyswords-forge-1.47.0-1.19.2.jar), 
	simplyswords:mythicmetals_compat/adamantite/adamantite_cutlass (from simplyswords-forge-1.47.0-1.19.2.jar), 
	simplyswords:mythicmetals_compat/adamantite/adamantite_glaive (from simplyswords-forge-1.47.0-1.19.2.jar), 
	simplyswords:mythicmetals_compat/adamantite/adamantite_katana (from simplyswords-forge-1.47.0-1.19.2.jar), 
	simplyswords:mythicmetals_compat/adamantite/adamantite_longsword (from simplyswords-forge-1.47.0-1.19.2.jar), 
	simplyswords:mythicmetals_compat/adamantite/adamantite_rapier (from simplyswords-forge-1.47.0-1.19.2.jar), 
	simplyswords:mythicmetals_compat/adamantite/adamantite_sai (from simplyswords-forge-1.47.0-1.19.2.jar), 
	simplyswords:mythicmetals_compat/adamantite/adamantite_spear (from simplyswords-forge-1.47.0-1.19.2.jar), 
	simplyswords:mythicmetals_compat/adamantite/adamantite_twinblade (from simplyswords-forge-1.47.0-1.19.2.jar), 
	simplyswords:mythicmetals_compat/adamantite/adamantite_warglaive (from simplyswords-forge-1.47.0-1.19.2.jar), 
	simplyswords:mythicmetals_compat/adamantite/adamantite_greathammer (from simplyswords-forge-1.47.0-1.19.2.jar), 
	simplyswords:mythicmetals_compat/adamantite/adamantite_greataxe (from simplyswords-forge-1.47.0-1.19.2.jar), 
	simplyswords:mythicmetals_compat/adamantite/adamantite_chakram (from simplyswords-forge-1.47.0-1.19.2.jar), 
	simplyswords:mythicmetals_compat/adamantite/adamantite_scythe (from simplyswords-forge-1.47.0-1.19.2.jar), 
	simplyswords:mythicmetals_compat/adamantite/adamantite_halberd (from simplyswords-forge-1.47.0-1.19.2.jar)
[28Aug2026 00:20:22.981] [Worker-Main5/ERROR] [net.minecraft.tags.TagLoader/]: Couldn't load tag [simplyswords:mythicmetals_compat/mythril/mythril_claymore (from simplyswords-forge-1.47.0-1.19.2.jar), simplyswords:mythicmetals_compat/mythril/mythril_cutlass (from simplyswords-forge-1.47.0-1.19.2.jar), simplyswords:mythicmetals_compat/mythril/mythril_glaive (from simplyswords-forge-1.47.0-1.19.2.jar), simplyswords:mythicmetals_compat/mythril/mythril_katana (from simplyswords-forge-1.47.0-1.19.2.jar), simplyswords:mythicmetals_compat/mythril/mythril_longsword (from simplyswords-forge-1.47.0-1.19.2.jar), simplyswords:mythicmetals_compat/mythril/mythril_rapier (from simplyswords-forge-1.47.0-1.19.2.jar), simplyswords:mythicmetals_compat/mythril/mythril_sai (from simplyswords-forge-1.47.0-1.19.2.jar), simplyswords:mythicmetals_compat/mythril/mythril_spear (from simplyswords-forge-1.47.0-1.19.2.jar), simplyswords:mythicmetals_compat/mythril/mythril_twinblade (from simplyswords-forge-1.47.0-1.19.2.jar), simplyswords:mythicmetals_compat/mythril/mythril_warglaive (from simplyswords-forge-1.47.0-1.19.2.jar), simplyswords:mythicmetals_compat/mythril/mythril_greathammer (from simplyswords-forge-1.47.0-1.19.2.jar), simplyswords:mythicmetals_compat/mythril/mythril_greataxe (from simplyswords-forge-1.47.0-1.19.2.jar), simplyswords:mythicmetals_compat/mythril/mythril_chakram (from simplyswords-forge-1.47.0-1.19.2.jar), simplyswords:mythicmetals_compat/mythril/mythril_scythe (from simplyswords-forge-1.47.0-1.19.2.jar), simplyswords:mythicmetals_compat/mythril/mythril_halberd (from simplyswords-forge-1.47.0-1.19.2.jar)] as it is missing following references: simplyswords:mythicmetals_compat/mythril/mythril_claymore (from simplyswords-forge-1.47.0-1.19.2.jar), 
	simplyswords:mythicmetals_compat/mythril/mythril_cutlass (from simplyswords-forge-1.47.0-1.19.2.jar), 
	simplyswords:mythicmetals_compat/mythril/mythril_glaive (from simplyswords-forge-1.47.0-1.19.2.jar), 
	simplyswords:mythicmetals_compat/mythril/mythril_katana (from simplyswords-forge-1.47.0-1.19.2.jar), 
	simplyswords:mythicmetals_compat/mythril/mythril_longsword (from simplyswords-forge-1.47.0-1.19.2.jar), 
	simplyswords:mythicmetals_compat/mythril/mythril_rapier (from simplyswords-forge-1.47.0-1.19.2.jar), 
	simplyswords:mythicmetals_compat/mythril/mythril_sai (from simplyswords-forge-1.47.0-1.19.2.jar), 
	simplyswords:mythicmetals_compat/mythril/mythril_spear (from simplyswords-forge-1.47.0-1.19.2.jar), 
	simplyswords:mythicmetals_compat/mythril/mythril_twinblade (from simplyswords-forge-1.47.0-1.19.2.jar), 
	simplyswords:mythicmetals_compat/mythril/mythril_warglaive (from simplyswords-forge-1.47.0-1.19.2.jar), 
	simplyswords:mythicmetals_compat/mythril/mythril_greathammer (from simplyswords-forge-1.47.0-1.19.2.jar), 
	simplyswords:mythicmetals_compat/mythril/mythril_greataxe (from simplyswords-forge-1.47.0-1.19.2.jar), 
	simplyswords:mythicmetals_compat/mythril/mythril_chakram (from simplyswords-forge-1.47.0-1.19.2.jar), 
	simplyswords:mythicmetals_compat/mythril/mythril_scythe (from simplyswords-forge-1.47.0-1.19.2.jar), 
	simplyswords:mythicmetals_compat/mythril/mythril_halberd (from simplyswords-forge-1.47.0-1.19.2.jar)
[28Aug2026 00:20:22.988] [Worker-Main5/ERROR] [net.minecraft.tags.TagLoader/]: Couldn't load tag [simplyswords:mythicmetals_compat/osmium/osmium_claymore (from simplyswords-forge-1.47.0-1.19.2.jar), simplyswords:mythicmetals_compat/osmium/osmium_cutlass (from simplyswords-forge-1.47.0-1.19.2.jar), simplyswords:mythicmetals_compat/osmium/osmium_glaive (from simplyswords-forge-1.47.0-1.19.2.jar), simplyswords:mythicmetals_compat/osmium/osmium_katana (from simplyswords-forge-1.47.0-1.19.2.jar), simplyswords:mythicmetals_compat/osmium/osmium_longsword (from simplyswords-forge-1.47.0-1.19.2.jar), simplyswords:mythicmetals_compat/osmium/osmium_rapier (from simplyswords-forge-1.47.0-1.19.2.jar), simplyswords:mythicmetals_compat/osmium/osmium_sai (from simplyswords-forge-1.47.0-1.19.2.jar), simplyswords:mythicmetals_compat/osmium/osmium_spear (from simplyswords-forge-1.47.0-1.19.2.jar), simplyswords:mythicmetals_compat/osmium/osmium_twinblade (from simplyswords-forge-1.47.0-1.19.2.jar), simplyswords:mythicmetals_compat/osmium/osmium_warglaive (from simplyswords-forge-1.47.0-1.19.2.jar), simplyswords:mythicmetals_compat/osmium/osmium_greathammer (from simplyswords-forge-1.47.0-1.19.2.jar), simplyswords:mythicmetals_compat/osmium/osmium_greataxe (from simplyswords-forge-1.47.0-1.19.2.jar), simplyswords:mythicmetals_compat/osmium/osmium_chakram (from simplyswords-forge-1.47.0-1.19.2.jar), simplyswords:mythicmetals_compat/osmium/osmium_scythe (from simplyswords-forge-1.47.0-1.19.2.jar), simplyswords:mythicmetals_compat/osmium/osmium_halberd (from simplyswords-forge-1.47.0-1.19.2.jar)] as it is missing following references: simplyswords:mythicmetals_compat/osmium/osmium_claymore (from simplyswords-forge-1.47.0-1.19.2.jar), 
	simplyswords:mythicmetals_compat/osmium/osmium_cutlass (from simplyswords-forge-1.47.0-1.19.2.jar), 
	simplyswords:mythicmetals_compat/osmium/osmium_glaive (from simplyswords-forge-1.47.0-1.19.2.jar), 
	simplyswords:mythicmetals_compat/osmium/osmium_katana (from simplyswords-forge-1.47.0-1.19.2.jar), 
	simplyswords:mythicmetals_compat/osmium/osmium_longsword (from simplyswords-forge-1.47.0-1.19.2.jar), 
	simplyswords:mythicmetals_compat/osmium/osmium_rapier (from simplyswords-forge-1.47.0-1.19.2.jar), 
	simplyswords:mythicmetals_compat/osmium/osmium_sai (from simplyswords-forge-1.47.0-1.19.2.jar), 
	simplyswords:mythicmetals_compat/osmium/osmium_spear (from simplyswords-forge-1.47.0-1.19.2.jar), 
	simplyswords:mythicmetals_compat/osmium/osmium_twinblade (from simplyswords-forge-1.47.0-1.19.2.jar), 
	simplyswords:mythicmetals_compat/osmium/osmium_warglaive (from simplyswords-forge-1.47.0-1.19.2.jar), 
	simplyswords:mythicmetals_compat/osmium/osmium_greathammer (from simplyswords-forge-1.47.0-1.19.2.jar), 
	simplyswords:mythicmetals_compat/osmium/osmium_greataxe (from simplyswords-forge-1.47.0-1.19.2.jar), 
	simplyswords:mythicmetals_compat/osmium/osmium_chakram (from simplyswords-forge-1.47.0-1.19.2.jar), 
	simplyswords:mythicmetals_compat/osmium/osmium_scythe (from simplyswords-forge-1.47.0-1.19.2.jar), 
	simplyswords:mythicmetals_compat/osmium/osmium_halberd (from simplyswords-forge-1.47.0-1.19.2.jar)
[28Aug2026 00:20:22.988] [Worker-Main5/ERROR] [net.minecraft.tags.TagLoader/]: Couldn't load tag [simplyswords:mythicmetals_compat/runite/runite_claymore (from simplyswords-forge-1.47.0-1.19.2.jar), simplyswords:mythicmetals_compat/runite/runite_cutlass (from simplyswords-forge-1.47.0-1.19.2.jar), simplyswords:mythicmetals_compat/runite/runite_glaive (from simplyswords-forge-1.47.0-1.19.2.jar), simplyswords:mythicmetals_compat/runite/runite_katana (from simplyswords-forge-1.47.0-1.19.2.jar), simplyswords:mythicmetals_compat/runite/runite_longsword (from simplyswords-forge-1.47.0-1.19.2.jar), simplyswords:mythicmetals_compat/runite/runite_rapier (from simplyswords-forge-1.47.0-1.19.2.jar), simplyswords:mythicmetals_compat/runite/runite_sai (from simplyswords-forge-1.47.0-1.19.2.jar), simplyswords:mythicmetals_compat/runite/runite_spear (from simplyswords-forge-1.47.0-1.19.2.jar), simplyswords:mythicmetals_compat/runite/runite_twinblade (from simplyswords-forge-1.47.0-1.19.2.jar), simplyswords:mythicmetals_compat/runite/runite_warglaive (from simplyswords-forge-1.47.0-1.19.2.jar), simplyswords:mythicmetals_compat/runite/runite_greathammer (from simplyswords-forge-1.47.0-1.19.2.jar), simplyswords:mythicmetals_compat/runite/runite_greataxe (from simplyswords-forge-1.47.0-1.19.2.jar), simplyswords:mythicmetals_compat/runite/runite_chakram (from simplyswords-forge-1.47.0-1.19.2.jar), simplyswords:mythicmetals_compat/runite/runite_scythe (from simplyswords-forge-1.47.0-1.19.2.jar), simplyswords:mythicmetals_compat/runite/runite_halberd (from simplyswords-forge-1.47.0-1.19.2.jar)] as it is missing following references: simplyswords:mythicmetals_compat/runite/runite_claymore (from simplyswords-forge-1.47.0-1.19.2.jar), 
	simplyswords:mythicmetals_compat/runite/runite_cutlass (from simplyswords-forge-1.47.0-1.19.2.jar), 
	simplyswords:mythicmetals_compat/runite/runite_glaive (from simplyswords-forge-1.47.0-1.19.2.jar), 
	simplyswords:mythicmetals_compat/runite/runite_katana (from simplyswords-forge-1.47.0-1.19.2.jar), 
	simplyswords:mythicmetals_compat/runite/runite_longsword (from simplyswords-forge-1.47.0-1.19.2.jar), 
	simplyswords:mythicmetals_compat/runite/runite_rapier (from simplyswords-forge-1.47.0-1.19.2.jar), 
	simplyswords:mythicmetals_compat/runite/runite_sai (from simplyswords-forge-1.47.0-1.19.2.jar), 
	simplyswords:mythicmetals_compat/runite/runite_spear (from simplyswords-forge-1.47.0-1.19.2.jar), 
	simplyswords:mythicmetals_compat/runite/runite_twinblade (from simplyswords-forge-1.47.0-1.19.2.jar), 
	simplyswords:mythicmetals_compat/runite/runite_warglaive (from simplyswords-forge-1.47.0-1.19.2.jar), 
	simplyswords:mythicmetals_compat/runite/runite_greathammer (from simplyswords-forge-1.47.0-1.19.2.jar), 
	simplyswords:mythicmetals_compat/runite/runite_greataxe (from simplyswords-forge-1.47.0-1.19.2.jar), 
	simplyswords:mythicmetals_compat/runite/runite_chakram (from simplyswords-forge-1.47.0-1.19.2.jar), 
	simplyswords:mythicmetals_compat/runite/runite_scythe (from simplyswords-forge-1.47.0-1.19.2.jar), 
	simplyswords:mythicmetals_compat/runite/runite_halberd (from simplyswords-forge-1.47.0-1.19.2.jar)
[28Aug2026 00:20:22.990] [Worker-Main5/ERROR] [net.minecraft.tags.TagLoader/]: Couldn't load tag [simplyswords:mythicmetals_compat/palladium/palladium_claymore (from simplyswords-forge-1.47.0-1.19.2.jar), simplyswords:mythicmetals_compat/palladium/palladium_cutlass (from simplyswords-forge-1.47.0-1.19.2.jar), simplyswords:mythicmetals_compat/palladium/palladium_glaive (from simplyswords-forge-1.47.0-1.19.2.jar), simplyswords:mythicmetals_compat/palladium/palladium_katana (from simplyswords-forge-1.47.0-1.19.2.jar), simplyswords:mythicmetals_compat/palladium/palladium_longsword (from simplyswords-forge-1.47.0-1.19.2.jar), simplyswords:mythicmetals_compat/palladium/palladium_rapier (from simplyswords-forge-1.47.0-1.19.2.jar), simplyswords:mythicmetals_compat/palladium/palladium_sai (from simplyswords-forge-1.47.0-1.19.2.jar), simplyswords:mythicmetals_compat/palladium/palladium_spear (from simplyswords-forge-1.47.0-1.19.2.jar), simplyswords:mythicmetals_compat/palladium/palladium_twinblade (from simplyswords-forge-1.47.0-1.19.2.jar), simplyswords:mythicmetals_compat/palladium/palladium_warglaive (from simplyswords-forge-1.47.0-1.19.2.jar), simplyswords:mythicmetals_compat/palladium/palladium_greathammer (from simplyswords-forge-1.47.0-1.19.2.jar), simplyswords:mythicmetals_compat/palladium/palladium_greataxe (from simplyswords-forge-1.47.0-1.19.2.jar), simplyswords:mythicmetals_compat/palladium/palladium_chakram (from simplyswords-forge-1.47.0-1.19.2.jar), simplyswords:mythicmetals_compat/palladium/palladium_scythe (from simplyswords-forge-1.47.0-1.19.2.jar), simplyswords:mythicmetals_compat/palladium/palladium_halberd (from simplyswords-forge-1.47.0-1.19.2.jar)] as it is missing following references: simplyswords:mythicmetals_compat/palladium/palladium_claymore (from simplyswords-forge-1.47.0-1.19.2.jar), 
	simplyswords:mythicmetals_compat/palladium/palladium_cutlass (from simplyswords-forge-1.47.0-1.19.2.jar), 
	simplyswords:mythicmetals_compat/palladium/palladium_glaive (from simplyswords-forge-1.47.0-1.19.2.jar), 
	simplyswords:mythicmetals_compat/palladium/palladium_katana (from simplyswords-forge-1.47.0-1.19.2.jar), 
	simplyswords:mythicmetals_compat/palladium/palladium_longsword (from simplyswords-forge-1.47.0-1.19.2.jar), 
	simplyswords:mythicmetals_compat/palladium/palladium_rapier (from simplyswords-forge-1.47.0-1.19.2.jar), 
	simplyswords:mythicmetals_compat/palladium/palladium_sai (from simplyswords-forge-1.47.0-1.19.2.jar), 
	simplyswords:mythicmetals_compat/palladium/palladium_spear (from simplyswords-forge-1.47.0-1.19.2.jar), 
	simplyswords:mythicmetals_compat/palladium/palladium_twinblade (from simplyswords-forge-1.47.0-1.19.2.jar), 
	simplyswords:mythicmetals_compat/palladium/palladium_warglaive (from simplyswords-forge-1.47.0-1.19.2.jar), 
	simplyswords:mythicmetals_compat/palladium/palladium_greathammer (from simplyswords-forge-1.47.0-1.19.2.jar), 
	simplyswords:mythicmetals_compat/palladium/palladium_greataxe (from simplyswords-forge-1.47.0-1.19.2.jar), 
	simplyswords:mythicmetals_compat/palladium/palladium_chakram (from simplyswords-forge-1.47.0-1.19.2.jar), 
	simplyswords:mythicmetals_compat/palladium/palladium_scythe (from simplyswords-forge-1.47.0-1.19.2.jar), 
	simplyswords:mythicmetals_compat/palladium/palladium_halberd (from simplyswords-forge-1.47.0-1.19.2.jar)
[28Aug2026 00:20:22.992] [Worker-Main5/ERROR] [net.minecraft.tags.TagLoader/]: Couldn't load tag [simplyswords:mythicmetals_compat/durasteel/durasteel_greathammer (from simplyswords-forge-1.47.0-1.19.2.jar)] as it is missing following references: simplyswords:mythicmetals_compat/durasteel/durasteel_greathammer (from simplyswords-forge-1.47.0-1.19.2.jar)
[28Aug2026 00:20:22.992] [Worker-Main5/ERROR] [net.minecraft.tags.TagLoader/]: Couldn't load tag [simplyswords:mythicmetals_compat/prometheum/prometheum_claymore (from simplyswords-forge-1.47.0-1.19.2.jar), simplyswords:mythicmetals_compat/prometheum/prometheum_cutlass (from simplyswords-forge-1.47.0-1.19.2.jar), simplyswords:mythicmetals_compat/prometheum/prometheum_glaive (from simplyswords-forge-1.47.0-1.19.2.jar), simplyswords:mythicmetals_compat/prometheum/prometheum_katana (from simplyswords-forge-1.47.0-1.19.2.jar), simplyswords:mythicmetals_compat/prometheum/prometheum_longsword (from simplyswords-forge-1.47.0-1.19.2.jar), simplyswords:mythicmetals_compat/prometheum/prometheum_rapier (from simplyswords-forge-1.47.0-1.19.2.jar), simplyswords:mythicmetals_compat/prometheum/prometheum_sai (from simplyswords-forge-1.47.0-1.19.2.jar), simplyswords:mythicmetals_compat/prometheum/prometheum_spear (from simplyswords-forge-1.47.0-1.19.2.jar), simplyswords:mythicmetals_compat/prometheum/prometheum_twinblade (from simplyswords-forge-1.47.0-1.19.2.jar), simplyswords:mythicmetals_compat/prometheum/prometheum_warglaive (from simplyswords-forge-1.47.0-1.19.2.jar), simplyswords:mythicmetals_compat/prometheum/prometheum_greathammer (from simplyswords-forge-1.47.0-1.19.2.jar), simplyswords:mythicmetals_compat/prometheum/prometheum_greataxe (from simplyswords-forge-1.47.0-1.19.2.jar), simplyswords:mythicmetals_compat/prometheum/prometheum_chakram (from simplyswords-forge-1.47.0-1.19.2.jar), simplyswords:mythicmetals_compat/prometheum/prometheum_scythe (from simplyswords-forge-1.47.0-1.19.2.jar), simplyswords:mythicmetals_compat/prometheum/prometheum_halberd (from simplyswords-forge-1.47.0-1.19.2.jar)] as it is missing following references: simplyswords:mythicmetals_compat/prometheum/prometheum_claymore (from simplyswords-forge-1.47.0-1.19.2.jar), 
	simplyswords:mythicmetals_compat/prometheum/prometheum_cutlass (from simplyswords-forge-1.47.0-1.19.2.jar), 
	simplyswords:mythicmetals_compat/prometheum/prometheum_glaive (from simplyswords-forge-1.47.0-1.19.2.jar), 
	simplyswords:mythicmetals_compat/prometheum/prometheum_katana (from simplyswords-forge-1.47.0-1.19.2.jar), 
	simplyswords:mythicmetals_compat/prometheum/prometheum_longsword (from simplyswords-forge-1.47.0-1.19.2.jar), 
	simplyswords:mythicmetals_compat/prometheum/prometheum_rapier (from simplyswords-forge-1.47.0-1.19.2.jar), 
	simplyswords:mythicmetals_compat/prometheum/prometheum_sai (from simplyswords-forge-1.47.0-1.19.2.jar), 
	simplyswords:mythicmetals_compat/prometheum/prometheum_spear (from simplyswords-forge-1.47.0-1.19.2.jar), 
	simplyswords:mythicmetals_compat/prometheum/prometheum_twinblade (from simplyswords-forge-1.47.0-1.19.2.jar), 
	simplyswords:mythicmetals_compat/prometheum/prometheum_warglaive (from simplyswords-forge-1.47.0-1.19.2.jar), 
	simplyswords:mythicmetals_compat/prometheum/prometheum_greathammer (from simplyswords-forge-1.47.0-1.19.2.jar), 
	simplyswords:mythicmetals_compat/prometheum/prometheum_greataxe (from simplyswords-forge-1.47.0-1.19.2.jar), 
	simplyswords:mythicmetals_compat/prometheum/prometheum_chakram (from simplyswords-forge-1.47.0-1.19.2.jar), 
	simplyswords:mythicmetals_compat/prometheum/prometheum_scythe (from simplyswords-forge-1.47.0-1.19.2.jar), 
	simplyswords:mythicmetals_compat/prometheum/prometheum_halberd (from simplyswords-forge-1.47.0-1.19.2.jar)
[28Aug2026 00:20:22.994] [Worker-Main5/ERROR] [net.minecraft.tags.TagLoader/]: Couldn't load tag [simplyswords:mythicmetals_compat/kyber/kyber_claymore (from simplyswords-forge-1.47.0-1.19.2.jar), simplyswords:mythicmetals_compat/kyber/kyber_cutlass (from simplyswords-forge-1.47.0-1.19.2.jar), simplyswords:mythicmetals_compat/kyber/kyber_glaive (from simplyswords-forge-1.47.0-1.19.2.jar), simplyswords:mythicmetals_compat/kyber/kyber_katana (from simplyswords-forge-1.47.0-1.19.2.jar), simplyswords:mythicmetals_compat/kyber/kyber_longsword (from simplyswords-forge-1.47.0-1.19.2.jar), simplyswords:mythicmetals_compat/kyber/kyber_rapier (from simplyswords-forge-1.47.0-1.19.2.jar), simplyswords:mythicmetals_compat/kyber/kyber_sai (from simplyswords-forge-1.47.0-1.19.2.jar), simplyswords:mythicmetals_compat/kyber/kyber_spear (from simplyswords-forge-1.47.0-1.19.2.jar), simplyswords:mythicmetals_compat/kyber/kyber_twinblade (from simplyswords-forge-1.47.0-1.19.2.jar), simplyswords:mythicmetals_compat/kyber/kyber_warglaive (from simplyswords-forge-1.47.0-1.19.2.jar), simplyswords:mythicmetals_compat/kyber/kyber_greathammer (from simplyswords-forge-1.47.0-1.19.2.jar), simplyswords:mythicmetals_compat/kyber/kyber_greataxe (from simplyswords-forge-1.47.0-1.19.2.jar), simplyswords:mythicmetals_compat/kyber/kyber_chakram (from simplyswords-forge-1.47.0-1.19.2.jar), simplyswords:mythicmetals_compat/kyber/kyber_scythe (from simplyswords-forge-1.47.0-1.19.2.jar), simplyswords:mythicmetals_compat/kyber/kyber_halberd (from simplyswords-forge-1.47.0-1.19.2.jar)] as it is missing following references: simplyswords:mythicmetals_compat/kyber/kyber_claymore (from simplyswords-forge-1.47.0-1.19.2.jar), 
	simplyswords:mythicmetals_compat/kyber/kyber_cutlass (from simplyswords-forge-1.47.0-1.19.2.jar), 
	simplyswords:mythicmetals_compat/kyber/kyber_glaive (from simplyswords-forge-1.47.0-1.19.2.jar), 
	simplyswords:mythicmetals_compat/kyber/kyber_katana (from simplyswords-forge-1.47.0-1.19.2.jar), 
	simplyswords:mythicmetals_compat/kyber/kyber_longsword (from simplyswords-forge-1.47.0-1.19.2.jar), 
	simplyswords:mythicmetals_compat/kyber/kyber_rapier (from simplyswords-forge-1.47.0-1.19.2.jar), 
	simplyswords:mythicmetals_compat/kyber/kyber_sai (from simplyswords-forge-1.47.0-1.19.2.jar), 
	simplyswords:mythicmetals_compat/kyber/kyber_spear (from simplyswords-forge-1.47.0-1.19.2.jar), 
	simplyswords:mythicmetals_compat/kyber/kyber_twinblade (from simplyswords-forge-1.47.0-1.19.2.jar), 
	simplyswords:mythicmetals_compat/kyber/kyber_warglaive (from simplyswords-forge-1.47.0-1.19.2.jar), 
	simplyswords:mythicmetals_compat/kyber/kyber_greathammer (from simplyswords-forge-1.47.0-1.19.2.jar), 
	simplyswords:mythicmetals_compat/kyber/kyber_greataxe (from simplyswords-forge-1.47.0-1.19.2.jar), 
	simplyswords:mythicmetals_compat/kyber/kyber_chakram (from simplyswords-forge-1.47.0-1.19.2.jar), 
	simplyswords:mythicmetals_compat/kyber/kyber_scythe (from simplyswords-forge-1.47.0-1.19.2.jar), 
	simplyswords:mythicmetals_compat/kyber/kyber_halberd (from simplyswords-forge-1.47.0-1.19.2.jar)
[28Aug2026 00:20:22.994] [Worker-Main5/ERROR] [net.minecraft.tags.TagLoader/]: Couldn't load tag [minecraft:sinister_sword (from collection-of-singiro-1.19.x-1.1.4.jar), dungeons_gear:rapier (from collection-of-singiro-1.19.x-1.1.4.jar), dungeons_gear:gold_sword (from collection-of-singiro-1.19.x-1.1.4.jar)] as it is missing following references: minecraft:sinister_sword (from collection-of-singiro-1.19.x-1.1.4.jar), 
	dungeons_gear:rapier (from collection-of-singiro-1.19.x-1.1.4.jar), 
	dungeons_gear:gold_sword (from collection-of-singiro-1.19.x-1.1.4.jar)
[28Aug2026 00:20:22.994] [Worker-Main5/ERROR] [net.minecraft.tags.TagLoader/]: Couldn't load tag [simplyswords:mythicmetals_compat/metallurgium/metallurgium_claymore (from simplyswords-forge-1.47.0-1.19.2.jar), simplyswords:mythicmetals_compat/metallurgium/metallurgium_cutlass (from simplyswords-forge-1.47.0-1.19.2.jar), simplyswords:mythicmetals_compat/metallurgium/metallurgium_glaive (from simplyswords-forge-1.47.0-1.19.2.jar), simplyswords:mythicmetals_compat/metallurgium/metallurgium_katana (from simplyswords-forge-1.47.0-1.19.2.jar), simplyswords:mythicmetals_compat/metallurgium/metallurgium_longsword (from simplyswords-forge-1.47.0-1.19.2.jar), simplyswords:mythicmetals_compat/metallurgium/metallurgium_rapier (from simplyswords-forge-1.47.0-1.19.2.jar), simplyswords:mythicmetals_compat/metallurgium/metallurgium_sai (from simplyswords-forge-1.47.0-1.19.2.jar), simplyswords:mythicmetals_compat/metallurgium/metallurgium_spear (from simplyswords-forge-1.47.0-1.19.2.jar), simplyswords:mythicmetals_compat/metallurgium/metallurgium_twinblade (from simplyswords-forge-1.47.0-1.19.2.jar), simplyswords:mythicmetals_compat/metallurgium/metallurgium_warglaive (from simplyswords-forge-1.47.0-1.19.2.jar), simplyswords:mythicmetals_compat/metallurgium/metallurgium_greathammer (from simplyswords-forge-1.47.0-1.19.2.jar), simplyswords:mythicmetals_compat/metallurgium/metallurgium_greataxe (from simplyswords-forge-1.47.0-1.19.2.jar), simplyswords:mythicmetals_compat/metallurgium/metallurgium_chakram (from simplyswords-forge-1.47.0-1.19.2.jar), simplyswords:mythicmetals_compat/metallurgium/metallurgium_scythe (from simplyswords-forge-1.47.0-1.19.2.jar), simplyswords:mythicmetals_compat/metallurgium/metallurgium_halberd (from simplyswords-forge-1.47.0-1.19.2.jar)] as it is missing following references: simplyswords:mythicmetals_compat/metallurgium/metallurgium_claymore (from simplyswords-forge-1.47.0-1.19.2.jar), 
	simplyswords:mythicmetals_compat/metallurgium/metallurgium_cutlass (from simplyswords-forge-1.47.0-1.19.2.jar), 
	simplyswords:mythicmetals_compat/metallurgium/metallurgium_glaive (from simplyswords-forge-1.47.0-1.19.2.jar), 
	simplyswords:mythicmetals_compat/metallurgium/metallurgium_katana (from simplyswords-forge-1.47.0-1.19.2.jar), 
	simplyswords:mythicmetals_compat/metallurgium/metallurgium_longsword (from simplyswords-forge-1.47.0-1.19.2.jar), 
	simplyswords:mythicmetals_compat/metallurgium/metallurgium_rapier (from simplyswords-forge-1.47.0-1.19.2.jar), 
	simplyswords:mythicmetals_compat/metallurgium/metallurgium_sai (from simplyswords-forge-1.47.0-1.19.2.jar), 
	simplyswords:mythicmetals_compat/metallurgium/metallurgium_spear (from simplyswords-forge-1.47.0-1.19.2.jar), 
	simplyswords:mythicmetals_compat/metallurgium/metallurgium_twinblade (from simplyswords-forge-1.47.0-1.19.2.jar), 
	simplyswords:mythicmetals_compat/metallurgium/metallurgium_warglaive (from simplyswords-forge-1.47.0-1.19.2.jar), 
	simplyswords:mythicmetals_compat/metallurgium/metallurgium_greathammer (from simplyswords-forge-1.47.0-1.19.2.jar), 
	simplyswords:mythicmetals_compat/metallurgium/metallurgium_greataxe (from simplyswords-forge-1.47.0-1.19.2.jar), 
	simplyswords:mythicmetals_compat/metallurgium/metallurgium_chakram (from simplyswords-forge-1.47.0-1.19.2.jar), 
	simplyswords:mythicmetals_compat/metallurgium/metallurgium_scythe (from simplyswords-forge-1.47.0-1.19.2.jar), 
	simplyswords:mythicmetals_compat/metallurgium/metallurgium_halberd (from simplyswords-forge-1.47.0-1.19.2.jar)
[28Aug2026 00:20:22.995] [Worker-Main5/ERROR] [net.minecraft.tags.TagLoader/]: Couldn't load tag [simplyswords:mythicmetals_compat/orichalcum/orichalcum_claymore (from simplyswords-forge-1.47.0-1.19.2.jar), simplyswords:mythicmetals_compat/orichalcum/orichalcum_cutlass (from simplyswords-forge-1.47.0-1.19.2.jar), simplyswords:mythicmetals_compat/orichalcum/orichalcum_glaive (from simplyswords-forge-1.47.0-1.19.2.jar), simplyswords:mythicmetals_compat/orichalcum/orichalcum_katana (from simplyswords-forge-1.47.0-1.19.2.jar), simplyswords:mythicmetals_compat/orichalcum/orichalcum_longsword (from simplyswords-forge-1.47.0-1.19.2.jar), simplyswords:mythicmetals_compat/orichalcum/orichalcum_rapier (from simplyswords-forge-1.47.0-1.19.2.jar), simplyswords:mythicmetals_compat/orichalcum/orichalcum_sai (from simplyswords-forge-1.47.0-1.19.2.jar), simplyswords:mythicmetals_compat/orichalcum/orichalcum_spear (from simplyswords-forge-1.47.0-1.19.2.jar), simplyswords:mythicmetals_compat/orichalcum/orichalcum_twinblade (from simplyswords-forge-1.47.0-1.19.2.jar), simplyswords:mythicmetals_compat/orichalcum/orichalcum_warglaive (from simplyswords-forge-1.47.0-1.19.2.jar), simplyswords:mythicmetals_compat/orichalcum/orichalcum_greathammer (from simplyswords-forge-1.47.0-1.19.2.jar), simplyswords:mythicmetals_compat/orichalcum/orichalcum_greataxe (from simplyswords-forge-1.47.0-1.19.2.jar), simplyswords:mythicmetals_compat/orichalcum/orichalcum_chakram (from simplyswords-forge-1.47.0-1.19.2.jar), simplyswords:mythicmetals_compat/orichalcum/orichalcum_scythe (from simplyswords-forge-1.47.0-1.19.2.jar), simplyswords:mythicmetals_compat/orichalcum/orichalcum_halberd (from simplyswords-forge-1.47.0-1.19.2.jar)] as it is missing following references: simplyswords:mythicmetals_compat/orichalcum/orichalcum_claymore (from simplyswords-forge-1.47.0-1.19.2.jar), 
	simplyswords:mythicmetals_compat/orichalcum/orichalcum_cutlass (from simplyswords-forge-1.47.0-1.19.2.jar), 
	simplyswords:mythicmetals_compat/orichalcum/orichalcum_glaive (from simplyswords-forge-1.47.0-1.19.2.jar), 
	simplyswords:mythicmetals_compat/orichalcum/orichalcum_katana (from simplyswords-forge-1.47.0-1.19.2.jar), 
	simplyswords:mythicmetals_compat/orichalcum/orichalcum_longsword (from simplyswords-forge-1.47.0-1.19.2.jar), 
	simplyswords:mythicmetals_compat/orichalcum/orichalcum_rapier (from simplyswords-forge-1.47.0-1.19.2.jar), 
	simplyswords:mythicmetals_compat/orichalcum/orichalcum_sai (from simplyswords-forge-1.47.0-1.19.2.jar), 
	simplyswords:mythicmetals_compat/orichalcum/orichalcum_spear (from simplyswords-forge-1.47.0-1.19.2.jar), 
	simplyswords:mythicmetals_compat/orichalcum/orichalcum_twinblade (from simplyswords-forge-1.47.0-1.19.2.jar), 
	simplyswords:mythicmetals_compat/orichalcum/orichalcum_warglaive (from simplyswords-forge-1.47.0-1.19.2.jar), 
	simplyswords:mythicmetals_compat/orichalcum/orichalcum_greathammer (from simplyswords-forge-1.47.0-1.19.2.jar), 
	simplyswords:mythicmetals_compat/orichalcum/orichalcum_greataxe (from simplyswords-forge-1.47.0-1.19.2.jar), 
	simplyswords:mythicmetals_compat/orichalcum/orichalcum_chakram (from simplyswords-forge-1.47.0-1.19.2.jar), 
	simplyswords:mythicmetals_compat/orichalcum/orichalcum_scythe (from simplyswords-forge-1.47.0-1.19.2.jar), 
	simplyswords:mythicmetals_compat/orichalcum/orichalcum_halberd (from simplyswords-forge-1.47.0-1.19.2.jar)
[28Aug2026 00:20:22.999] [Worker-Main5/ERROR] [net.minecraft.tags.TagLoader/]: Couldn't load tag [simplyswords:mythicmetals_compat/celestium/celestium_claymore (from simplyswords-forge-1.47.0-1.19.2.jar), simplyswords:mythicmetals_compat/celestium/celestium_cutlass (from simplyswords-forge-1.47.0-1.19.2.jar), simplyswords:mythicmetals_compat/celestium/celestium_glaive (from simplyswords-forge-1.47.0-1.19.2.jar), simplyswords:mythicmetals_compat/celestium/celestium_katana (from simplyswords-forge-1.47.0-1.19.2.jar), simplyswords:mythicmetals_compat/celestium/celestium_longsword (from simplyswords-forge-1.47.0-1.19.2.jar), simplyswords:mythicmetals_compat/celestium/celestium_rapier (from simplyswords-forge-1.47.0-1.19.2.jar), simplyswords:mythicmetals_compat/celestium/celestium_sai (from simplyswords-forge-1.47.0-1.19.2.jar), simplyswords:mythicmetals_compat/celestium/celestium_spear (from simplyswords-forge-1.47.0-1.19.2.jar), simplyswords:mythicmetals_compat/celestium/celestium_twinblade (from simplyswords-forge-1.47.0-1.19.2.jar), simplyswords:mythicmetals_compat/celestium/celestium_warglaive (from simplyswords-forge-1.47.0-1.19.2.jar), simplyswords:mythicmetals_compat/celestium/celestium_greathammer (from simplyswords-forge-1.47.0-1.19.2.jar), simplyswords:mythicmetals_compat/celestium/celestium_greataxe (from simplyswords-forge-1.47.0-1.19.2.jar), simplyswords:mythicmetals_compat/celestium/celestium_chakram (from simplyswords-forge-1.47.0-1.19.2.jar), simplyswords:mythicmetals_compat/celestium/celestium_scythe (from simplyswords-forge-1.47.0-1.19.2.jar), simplyswords:mythicmetals_compat/celestium/celestium_halberd (from simplyswords-forge-1.47.0-1.19.2.jar)] as it is missing following references: simplyswords:mythicmetals_compat/celestium/celestium_claymore (from simplyswords-forge-1.47.0-1.19.2.jar), 
	simplyswords:mythicmetals_compat/celestium/celestium_cutlass (from simplyswords-forge-1.47.0-1.19.2.jar), 
	simplyswords:mythicmetals_compat/celestium/celestium_glaive (from simplyswords-forge-1.47.0-1.19.2.jar), 
	simplyswords:mythicmetals_compat/celestium/celestium_katana (from simplyswords-forge-1.47.0-1.19.2.jar), 
	simplyswords:mythicmetals_compat/celestium/celestium_longsword (from simplyswords-forge-1.47.0-1.19.2.jar), 
	simplyswords:mythicmetals_compat/celestium/celestium_rapier (from simplyswords-forge-1.47.0-1.19.2.jar), 
	simplyswords:mythicmetals_compat/celestium/celestium_sai (from simplyswords-forge-1.47.0-1.19.2.jar), 
	simplyswords:mythicmetals_compat/celestium/celestium_spear (from simplyswords-forge-1.47.0-1.19.2.jar), 
	simplyswords:mythicmetals_compat/celestium/celestium_twinblade (from simplyswords-forge-1.47.0-1.19.2.jar), 
	simplyswords:mythicmetals_compat/celestium/celestium_warglaive (from simplyswords-forge-1.47.0-1.19.2.jar), 
	simplyswords:mythicmetals_compat/celestium/celestium_greathammer (from simplyswords-forge-1.47.0-1.19.2.jar), 
	simplyswords:mythicmetals_compat/celestium/celestium_greataxe (from simplyswords-forge-1.47.0-1.19.2.jar), 
	simplyswords:mythicmetals_compat/celestium/celestium_chakram (from simplyswords-forge-1.47.0-1.19.2.jar), 
	simplyswords:mythicmetals_compat/celestium/celestium_scythe (from simplyswords-forge-1.47.0-1.19.2.jar), 
	simplyswords:mythicmetals_compat/celestium/celestium_halberd (from simplyswords-forge-1.47.0-1.19.2.jar)
[28Aug2026 00:20:22.999] [Worker-Main5/ERROR] [net.minecraft.tags.TagLoader/]: Couldn't load tag [simplyswords:mythicmetals_compat/aquarium/aquarium_claymore (from simplyswords-forge-1.47.0-1.19.2.jar), simplyswords:mythicmetals_compat/aquarium/aquarium_cutlass (from simplyswords-forge-1.47.0-1.19.2.jar), simplyswords:mythicmetals_compat/aquarium/aquarium_glaive (from simplyswords-forge-1.47.0-1.19.2.jar), simplyswords:mythicmetals_compat/aquarium/aquarium_katana (from simplyswords-forge-1.47.0-1.19.2.jar), simplyswords:mythicmetals_compat/aquarium/aquarium_longsword (from simplyswords-forge-1.47.0-1.19.2.jar), simplyswords:mythicmetals_compat/aquarium/aquarium_rapier (from simplyswords-forge-1.47.0-1.19.2.jar), simplyswords:mythicmetals_compat/aquarium/aquarium_sai (from simplyswords-forge-1.47.0-1.19.2.jar), simplyswords:mythicmetals_compat/aquarium/aquarium_spear (from simplyswords-forge-1.47.0-1.19.2.jar), simplyswords:mythicmetals_compat/aquarium/aquarium_twinblade (from simplyswords-forge-1.47.0-1.19.2.jar), simplyswords:mythicmetals_compat/aquarium/aquarium_warglaive (from simplyswords-forge-1.47.0-1.19.2.jar), simplyswords:mythicmetals_compat/aquarium/aquarium_greathammer (from simplyswords-forge-1.47.0-1.19.2.jar), simplyswords:mythicmetals_compat/aquarium/aquarium_greataxe (from simplyswords-forge-1.47.0-1.19.2.jar), simplyswords:mythicmetals_compat/aquarium/aquarium_chakram (from simplyswords-forge-1.47.0-1.19.2.jar), simplyswords:mythicmetals_compat/aquarium/aquarium_scythe (from simplyswords-forge-1.47.0-1.19.2.jar), simplyswords:mythicmetals_compat/aquarium/aquarium_halberd (from simplyswords-forge-1.47.0-1.19.2.jar)] as it is missing following references: simplyswords:mythicmetals_compat/aquarium/aquarium_claymore (from simplyswords-forge-1.47.0-1.19.2.jar), 
	simplyswords:mythicmetals_compat/aquarium/aquarium_cutlass (from simplyswords-forge-1.47.0-1.19.2.jar), 
	simplyswords:mythicmetals_compat/aquarium/aquarium_glaive (from simplyswords-forge-1.47.0-1.19.2.jar), 
	simplyswords:mythicmetals_compat/aquarium/aquarium_katana (from simplyswords-forge-1.47.0-1.19.2.jar), 
	simplyswords:mythicmetals_compat/aquarium/aquarium_longsword (from simplyswords-forge-1.47.0-1.19.2.jar), 
	simplyswords:mythicmetals_compat/aquarium/aquarium_rapier (from simplyswords-forge-1.47.0-1.19.2.jar), 
	simplyswords:mythicmetals_compat/aquarium/aquarium_sai (from simplyswords-forge-1.47.0-1.19.2.jar), 
	simplyswords:mythicmetals_compat/aquarium/aquarium_spear (from simplyswords-forge-1.47.0-1.19.2.jar), 
	simplyswords:mythicmetals_compat/aquarium/aquarium_twinblade (from simplyswords-forge-1.47.0-1.19.2.jar), 
	simplyswords:mythicmetals_compat/aquarium/aquarium_warglaive (from simplyswords-forge-1.47.0-1.19.2.jar), 
	simplyswords:mythicmetals_compat/aquarium/aquarium_greathammer (from simplyswords-forge-1.47.0-1.19.2.jar), 
	simplyswords:mythicmetals_compat/aquarium/aquarium_greataxe (from simplyswords-forge-1.47.0-1.19.2.jar), 
	simplyswords:mythicmetals_compat/aquarium/aquarium_chakram (from simplyswords-forge-1.47.0-1.19.2.jar), 
	simplyswords:mythicmetals_compat/aquarium/aquarium_scythe (from simplyswords-forge-1.47.0-1.19.2.jar), 
	simplyswords:mythicmetals_compat/aquarium/aquarium_halberd (from simplyswords-forge-1.47.0-1.19.2.jar)
[28Aug2026 00:20:23.001] [Worker-Main5/ERROR] [net.minecraft.tags.TagLoader/]: Couldn't load tag [enlightened_end:cerulean_stalk_block (from enlightend-5.0.12-1.19.2.jar)] as it is missing following references: enlightened_end:cerulean_stalk_block (from enlightend-5.0.12-1.19.2.jar)
[28Aug2026 00:20:24.198] [Worker-Main2/INFO] [com.teampotato.redirector.Redirector/]: Redirecting com/mrcrayfish/goblintraders/trades/TradeRarity
[28Aug2026 00:20:24.330] [Worker-Main6/ERROR] [Calio/]: Couldn't parse data file medievalorigins:daemon/hellborne from medievalorigins:powers/daemon/hellborne.json
com.google.gson.JsonParseException: com.google.gson.stream.MalformedJsonException: Expected name at line 3 column 2 path $.type
	at net.minecraft.util.GsonHelper.m_13780_(GsonHelper.java:512) ~[server-1.19.2-20220805.130853-srg.jar%23717!/:?]
	at net.minecraft.util.GsonHelper.m_13776_(GsonHelper.java:549) ~[server-1.19.2-20220805.130853-srg.jar%23717!/:?]
	at io.github.edwinmindcraft.calio.common.registry.CalioDynamicRegistryManager$ReloadFactory.prepare(CalioDynamicRegistryManager.java:357) ~[calio-forge-1.19.2-1.7.0.4.jar%23803!/:1.19.2-1.7.0.4]
	at io.github.edwinmindcraft.calio.common.registry.CalioDynamicRegistryManager.lambda$prepare$3(CalioDynamicRegistryManager.java:111) ~[calio-forge-1.19.2-1.7.0.4.jar%23803!/:1.19.2-1.7.0.4]
	at java.util.concurrent.CompletableFuture$AsyncRun.run(CompletableFuture.java:1804) [?:?]
	at java.util.concurrent.CompletableFuture$AsyncRun.exec(CompletableFuture.java:1796) [?:?]
	at java.util.concurrent.ForkJoinTask.doExec(ForkJoinTask.java:373) [?:?]
	at java.util.concurrent.ForkJoinPool$WorkQueue.topLevelExec(ForkJoinPool.java:1182) [?:?]
	at java.util.concurrent.ForkJoinPool.scan(ForkJoinPool.java:1655) [?:?]
	at java.util.concurrent.ForkJoinPool.runWorker(ForkJoinPool.java:1622) [?:?]
	at java.util.concurrent.ForkJoinWorkerThread.run(ForkJoinWorkerThread.java:165) [?:?]
Caused by: com.google.gson.stream.MalformedJsonException: Expected name at line 3 column 2 path $.type
	at com.google.gson.stream.JsonReader.syntaxError(JsonReader.java:1562) ~[gson-2.8.9.jar%2370!/:?]
	at com.google.gson.stream.JsonReader.doPeek(JsonReader.java:504) ~[gson-2.8.9.jar%2370!/:?]
	at com.google.gson.stream.JsonReader.hasNext(JsonReader.java:413) ~[gson-2.8.9.jar%2370!/:?]
	at com.google.gson.internal.bind.TypeAdapters$27.read(TypeAdapters.java:683) ~[gson-2.8.9.jar%2370!/:?]
	at com.google.gson.internal.bind.TypeAdapters$27.read(TypeAdapters.java:655) ~[gson-2.8.9.jar%2370!/:?]
	at com.google.gson.internal.bind.TypeAdapters$33$1.read(TypeAdapters.java:866) ~[gson-2.8.9.jar%2370!/:?]
	at net.minecraft.util.GsonHelper.m_13780_(GsonHelper.java:510) ~[server-1.19.2-20220805.130853-srg.jar%23717!/:?]
	... 10 more
[28Aug2026 00:20:25.002] [Worker-Main8/ERROR] [net.minecraft.server.packs.resources.SimpleJsonResourceReloadListener/]: Couldn't parse data file nova_structures:chests/water_supply from nova_structures:loot_tables/chests/water_supply.json
com.google.gson.JsonParseException: com.google.gson.stream.MalformedJsonException: Unterminated array at line 17 column 10 path $.pools[0].entries[1]
	at net.minecraft.util.GsonHelper.m_13780_(GsonHelper.java:512) ~[server-1.19.2-20220805.130853-srg.jar%23717!/:?]
	at net.minecraft.util.GsonHelper.m_13776_(GsonHelper.java:549) ~[server-1.19.2-20220805.130853-srg.jar%23717!/:?]
	at net.minecraft.server.packs.resources.SimpleJsonResourceReloadListener.m_5944_(SimpleJsonResourceReloadListener.java:43) ~[server-1.19.2-20220805.130853-srg.jar%23717!/:?]
	at net.minecraft.server.packs.resources.SimpleJsonResourceReloadListener.m_5944_(SimpleJsonResourceReloadListener.java:16) ~[server-1.19.2-20220805.130853-srg.jar%23717!/:?]
	at net.minecraft.server.packs.resources.SimplePreparableReloadListener.m_10786_(SimplePreparableReloadListener.java:11) ~[server-1.19.2-20220805.130853-srg.jar%23717!/:?]
	at java.util.concurrent.CompletableFuture$AsyncSupply.run(CompletableFuture.java:1768) [?:?]
	at java.util.concurrent.CompletableFuture$AsyncSupply.exec(CompletableFuture.java:1760) [?:?]
	at java.util.concurrent.ForkJoinTask.doExec(ForkJoinTask.java:373) [?:?]
	at java.util.concurrent.ForkJoinPool$WorkQueue.topLevelExec(ForkJoinPool.java:1182) [?:?]
	at java.util.concurrent.ForkJoinPool.scan(ForkJoinPool.java:1655) [?:?]
	at java.util.concurrent.ForkJoinPool.runWorker(ForkJoinPool.java:1622) [?:?]
	at java.util.concurrent.ForkJoinWorkerThread.run(ForkJoinWorkerThread.java:165) [?:?]
Caused by: com.google.gson.stream.MalformedJsonException: Unterminated array at line 17 column 10 path $.pools[0].entries[1]
	at com.google.gson.stream.JsonReader.syntaxError(JsonReader.java:1562) ~[gson-2.8.9.jar%2370!/:?]
	at com.google.gson.stream.JsonReader.doPeek(JsonReader.java:475) ~[gson-2.8.9.jar%2370!/:?]
	at com.google.gson.stream.JsonReader.hasNext(JsonReader.java:413) ~[gson-2.8.9.jar%2370!/:?]
	at com.google.gson.internal.bind.TypeAdapters$27.read(TypeAdapters.java:675) ~[gson-2.8.9.jar%2370!/:?]
	at com.google.gson.internal.bind.TypeAdapters$27.read(TypeAdapters.java:684) ~[gson-2.8.9.jar%2370!/:?]
	at com.google.gson.internal.bind.TypeAdapters$27.read(TypeAdapters.java:676) ~[gson-2.8.9.jar%2370!/:?]
	at com.google.gson.internal.bind.TypeAdapters$27.read(TypeAdapters.java:684) ~[gson-2.8.9.jar%2370!/:?]
	at com.google.gson.internal.bind.TypeAdapters$27.read(TypeAdapters.java:655) ~[gson-2.8.9.jar%2370!/:?]
	at com.google.gson.internal.bind.TypeAdapters$33$1.read(TypeAdapters.java:866) ~[gson-2.8.9.jar%2370!/:?]
	at net.minecraft.util.GsonHelper.m_13780_(GsonHelper.java:510) ~[server-1.19.2-20220805.130853-srg.jar%23717!/:?]
	... 11 more
[28Aug2026 00:20:25.866] [main/INFO] [net.minecraft.world.item.crafting.RecipeManager/]: Skipping loading recipe woodworks:autumnity/maple_stairs_from_maple_logs_sawing as it's serializer returned null
[28Aug2026 00:20:25.872] [main/INFO] [net.minecraft.world.item.crafting.RecipeManager/]: Skipping loading recipe undergarden:gloomgourd_pie as it's serializer returned null
[28Aug2026 00:20:25.876] [main/INFO] [net.minecraft.world.item.crafting.RecipeManager/]: Skipping loading recipe woodworks:environmental/wisteria_ladder_from_wisteria_logs_sawing as it's serializer returned null
[28Aug2026 00:20:25.881] [main/INFO] [net.minecraft.world.item.crafting.RecipeManager/]: Skipping loading recipe woodworks:caverns_and_chasms/azalea_ladder_from_azalea_planks_sawing as it's serializer returned null
[28Aug2026 00:20:25.927] [main/INFO] [net.minecraft.world.item.crafting.RecipeManager/]: Skipping loading recipe delightful:knives/osmium_knife as it's serializer returned null
[28Aug2026 00:20:25.936] [main/INFO] [net.minecraft.world.item.crafting.RecipeManager/]: Skipping loading recipe delightful:knives/smelting/bone/bone_meal_from_smelting_axe as it's serializer returned null
[28Aug2026 00:20:25.937] [main/INFO] [net.minecraft.world.item.crafting.RecipeManager/]: Skipping loading recipe delightful:integration/biomesoplenty/lavender_tea as it's serializer returned null
[28Aug2026 00:20:25.940] [main/INFO] [com.teampotato.redirector.Redirector/]: Redirecting umpaz/farmersrespite/client/recipebook/KettleRecipeBookTab
[28Aug2026 00:20:25.941] [main/INFO] [net.minecraft.world.item.crafting.RecipeManager/]: Skipping loading recipe woodworks:autumnity/maple_boards_from_maple_logs_sawing as it's serializer returned null
[28Aug2026 00:20:25.955] [main/INFO] [com.teampotato.redirector.Redirector/]: Redirecting umpaz/brewinandchewin/client/recipebook/KegRecipeBookTab
[28Aug2026 00:20:25.957] [main/WARN] [com.simibubi.create.Create/]: Your custom createaddition:rolling/aluminum_plate recipe (createaddition:rolling/aluminum_plate) specified a duration. Durations have no impact on this type of recipe.
[28Aug2026 00:20:25.959] [main/INFO] [net.minecraft.world.item.crafting.RecipeManager/]: Skipping loading recipe delightful:integration/windswept/goat_shanks_windswept as it's serializer returned null
[28Aug2026 00:20:25.967] [main/INFO] [net.minecraft.world.item.crafting.RecipeManager/]: Skipping loading recipe woodworks:caverns_and_chasms/azalea_stairs_from_azalea_logs_sawing as it's serializer returned null
[28Aug2026 00:20:25.967] [main/INFO] [net.minecraft.world.item.crafting.RecipeManager/]: Skipping loading recipe woodworks:environmental/willow_ladder_from_willow_logs_sawing as it's serializer returned null
[28Aug2026 00:20:25.968] [main/INFO] [net.minecraft.world.item.crafting.RecipeManager/]: Skipping loading recipe delightful:knives/smelting/lead_thermal as it's serializer returned null
[28Aug2026 00:20:25.970] [main/INFO] [net.minecraft.world.item.crafting.RecipeManager/]: Skipping loading recipe delightful:integration/biomemakeover/cactus_flesh_from_barrel_cactus_flowered as it's serializer returned null
[28Aug2026 00:20:25.977] [main/INFO] [com.teampotato.redirector.Redirector/]: Redirecting com/stal111/forbidden_arcanus/common/block/entity/clibano/ClibanoFireType
[28Aug2026 00:20:25.978] [main/INFO] [net.minecraft.world.item.crafting.RecipeManager/]: Skipping loading recipe woodworks:upgrade_aquatic/driftwood_fence_gate_from_driftwood_logs_sawing as it's serializer returned null
[28Aug2026 00:20:25.980] [main/ERROR] [net.minecraft.world.item.crafting.RecipeManager/]: Parsing error loading recipe legendary_monsters:ender_hammer: com.google.gson.JsonSyntaxException: Unknown item 'legendary_monsters:ender_hammer'
[28Aug2026 00:20:25.981] [main/INFO] [net.minecraft.world.item.crafting.RecipeManager/]: Skipping loading recipe clayworks:nether_extension/cracked_ashen_nether_bricks_from_baking as it's serializer returned null
[28Aug2026 00:20:25.988] [main/INFO] [net.minecraft.world.item.crafting.RecipeManager/]: Skipping loading recipe delightful:knives/smelting/bone/bone_meal_from_smelting_chestplate as it's serializer returned null
[28Aug2026 00:20:25.988] [main/INFO] [net.minecraft.world.item.crafting.RecipeManager/]: Skipping loading recipe delightful:knives/blasting/tin_thermal as it's serializer returned null
[28Aug2026 00:20:26.001] [main/INFO] [net.minecraft.world.item.crafting.RecipeManager/]: Skipping loading recipe delightful:knives/smelting/nickel_thermal as it's serializer returned null
[28Aug2026 00:20:26.002] [main/INFO] [net.minecraft.world.item.crafting.RecipeManager/]: Skipping loading recipe sprout:water_sausage as it's serializer returned null
[28Aug2026 00:20:26.003] [main/INFO] [net.minecraft.world.item.crafting.RecipeManager/]: Skipping loading recipe delightful:integration/biomemakeover/cactus_flesh_from_saguaro_cactus as it's serializer returned null
[28Aug2026 00:20:26.003] [main/INFO] [net.minecraft.world.item.crafting.RecipeManager/]: Skipping loading recipe woodworks:endergetic/poise_planks_from_poise_stems_sawing as it's serializer returned null
[28Aug2026 00:20:26.005] [main/INFO] [net.minecraft.world.item.crafting.RecipeManager/]: Skipping loading recipe woodworks:environmental/pine_planks_from_pine_logs_sawing as it's serializer returned null
[28Aug2026 00:20:26.016] [main/INFO] [net.minecraft.world.item.crafting.RecipeManager/]: Skipping loading recipe frozenup:truffle_cake_from_chocolate as it's serializer returned null
[28Aug2026 00:20:26.017] [main/INFO] [net.minecraft.world.item.crafting.RecipeManager/]: Skipping loading recipe delightful:knives/smelting/bronze_thermal as it's serializer returned null
[28Aug2026 00:20:26.017] [main/INFO] [net.minecraft.world.item.crafting.RecipeManager/]: Skipping loading recipe woodworks:upgrade_aquatic/river_slab_from_river_planks_sawing as it's serializer returned null
[28Aug2026 00:20:26.020] [main/INFO] [net.minecraft.world.item.crafting.RecipeManager/]: Skipping loading recipe woodworks:environmental/wisteria_stairs_from_wisteria_logs_sawing as it's serializer returned null
[28Aug2026 00:20:26.020] [main/INFO] [net.minecraft.world.item.crafting.RecipeManager/]: Skipping loading recipe woodworks:caverns_and_chasms/azalea_pressure_plate_from_azalea_logs_sawing as it's serializer returned null
[28Aug2026 00:20:26.021] [main/INFO] [net.minecraft.world.item.crafting.RecipeManager/]: Skipping loading recipe woodworks:autumnity/maple_ladder_from_maple_planks_sawing as it's serializer returned null
[28Aug2026 00:20:26.021] [main/INFO] [net.minecraft.world.item.crafting.RecipeManager/]: Skipping loading recipe woodworks:environmental/wisteria_door_from_wisteria_logs_sawing as it's serializer returned null
[28Aug2026 00:20:26.034] [main/INFO] [net.minecraft.world.item.crafting.RecipeManager/]: Skipping loading recipe woodworks:caverns_and_chasms/azalea_stairs_from_azalea_planks_sawing as it's serializer returned null
[28Aug2026 00:20:26.035] [main/INFO] [net.minecraft.world.item.crafting.RecipeManager/]: Skipping loading recipe twilightforest:jeed/hunger as it's serializer returned null
[28Aug2026 00:20:26.036] [main/INFO] [net.minecraft.world.item.crafting.RecipeManager/]: Skipping loading recipe woodworks:autumnity/maple_sign_from_maple_logs_sawing as it's serializer returned null
[28Aug2026 00:20:26.036] [main/WARN] [com.simibubi.create.Create/]: Your custom createaddition:rolling/brass_ingot recipe (createaddition:rolling/brass_ingot) specified a duration. Durations have no impact on this type of recipe.
[28Aug2026 00:20:26.037] [main/INFO] [net.minecraft.world.item.crafting.RecipeManager/]: Skipping loading recipe atmospheric:large_laurel_boat as it's serializer returned null
[28Aug2026 00:20:26.040] [main/INFO] [net.minecraft.world.item.crafting.RecipeManager/]: Skipping loading recipe wildberries:cutting/blackberry_pie as it's serializer returned null
[28Aug2026 00:20:26.043] [main/INFO] [net.minecraft.world.item.crafting.RecipeManager/]: Skipping loading recipe duckling:cake as it's serializer returned null
[28Aug2026 00:20:26.044] [main/INFO] [net.minecraft.world.item.crafting.RecipeManager/]: Skipping loading recipe woodworks:environmental/cherry_fence_from_cherry_logs_sawing as it's serializer returned null
[28Aug2026 00:20:26.054] [main/INFO] [net.minecraft.world.item.crafting.RecipeManager/]: Skipping loading recipe delightful:integration/rottenleather/chunkwich as it's serializer returned null
[28Aug2026 00:20:26.055] [main/INFO] [net.minecraft.world.item.crafting.RecipeManager/]: Skipping loading recipe delightful:knives/thyrium_knife as it's serializer returned null
[28Aug2026 00:20:26.055] [main/INFO] [net.minecraft.world.item.crafting.RecipeManager/]: Skipping loading recipe wildberries:glow_berry_pie_from_slices as it's serializer returned null
[28Aug2026 00:20:26.056] [main/INFO] [net.minecraft.world.item.crafting.RecipeManager/]: Skipping loading recipe delightful:knives/blasting/constantan_thermal as it's serializer returned null
[28Aug2026 00:20:26.071] [main/INFO] [net.minecraft.world.item.crafting.RecipeManager/]: Skipping loading recipe clayworks:environmental/smooth_mud_from_baking as it's serializer returned null
[28Aug2026 00:20:26.071] [main/INFO] [net.minecraft.world.item.crafting.RecipeManager/]: Skipping loading recipe woodworks:environmental/willow_stairs_from_willow_logs_sawing as it's serializer returned null
[28Aug2026 00:20:26.075] [main/INFO] [net.minecraft.world.item.crafting.RecipeManager/]: Skipping loading recipe woodworks:environmental/pine_stairs_from_pine_logs_sawing as it's serializer returned null
[28Aug2026 00:20:26.076] [main/INFO] [net.minecraft.world.item.crafting.RecipeManager/]: Skipping loading recipe woodworks:upgrade_aquatic/driftwood_button_from_driftwood_logs_sawing as it's serializer returned null
[28Aug2026 00:20:26.080] [main/INFO] [net.minecraft.world.item.crafting.RecipeManager/]: Skipping loading recipe woodworks:autumnity/maple_fence_from_maple_planks_sawing as it's serializer returned null
[28Aug2026 00:20:26.083] [main/INFO] [net.minecraft.world.item.crafting.RecipeManager/]: Skipping loading recipe woodworks:endergetic/poise_fence_gate_from_poise_stems_sawing as it's serializer returned null
[28Aug2026 00:20:26.084] [main/INFO] [net.minecraft.world.item.crafting.RecipeManager/]: Skipping loading recipe woodworks:environmental/willow_boards_from_willow_logs_sawing as it's serializer returned null
[28Aug2026 00:20:26.085] [main/INFO] [net.minecraft.world.item.crafting.RecipeManager/]: Skipping loading recipe ars_elemental:jeed/life_link as it's serializer returned null
[28Aug2026 00:20:26.089] [main/INFO] [net.minecraft.world.item.crafting.RecipeManager/]: Skipping loading recipe duckling:holiday_fruit_cake as it's serializer returned null
[28Aug2026 00:20:26.090] [main/WARN] [com.simibubi.create.Create/]: Your custom createaddition:rolling/copper_ingot recipe (createaddition:rolling/copper_ingot) specified a duration. Durations have no impact on this type of recipe.
[28Aug2026 00:20:26.092] [main/ERROR] [net.minecraft.world.item.crafting.RecipeManager/]: Parsing error loading recipe dramaticdoors:short_stripped_bamboo_door: com.google.gson.JsonSyntaxException: Unknown item 'twigs:stripped_bamboo_door'
[28Aug2026 00:20:26.093] [main/INFO] [net.minecraft.world.item.crafting.RecipeManager/]: Skipping loading recipe atmospheric:yucca_furnace_boat as it's serializer returned null
[28Aug2026 00:20:26.093] [main/INFO] [net.minecraft.world.item.crafting.RecipeManager/]: Skipping loading recipe delightful:food/cooking/sinigang as it's serializer returned null
[28Aug2026 00:20:26.094] [main/INFO] [net.minecraft.world.item.crafting.RecipeManager/]: Skipping loading recipe woodworks:environmental/pine_door_from_pine_logs_sawing as it's serializer returned null
[28Aug2026 00:20:26.094] [main/INFO] [net.minecraft.world.item.crafting.RecipeManager/]: Skipping loading recipe atmospheric:large_kousa_boat as it's serializer returned null
[28Aug2026 00:20:26.094] [main/ERROR] [net.minecraft.world.item.crafting.RecipeManager/]: Parsing error loading recipe betterwithminecolonies:create/stupid_blaze_powder: com.google.gson.JsonSyntaxException: Missing type, expected to find a string
[28Aug2026 00:20:26.095] [main/INFO] [net.minecraft.world.item.crafting.RecipeManager/]: Skipping loading recipe atmospheric:large_rosewood_boat as it's serializer returned null
[28Aug2026 00:20:26.095] [main/INFO] [net.minecraft.world.item.crafting.RecipeManager/]: Skipping loading recipe clayworks:endergetic/cracked_eumus_bricks_from_baking as it's serializer returned null
[28Aug2026 00:20:26.096] [main/INFO] [net.minecraft.world.item.crafting.RecipeManager/]: Skipping loading recipe woodworks:environmental/willow_door_from_willow_logs_sawing as it's serializer returned null
[28Aug2026 00:20:26.096] [main/INFO] [net.minecraft.world.item.crafting.RecipeManager/]: Skipping loading recipe delightful:knives/smelting/tin_thermal as it's serializer returned null
[28Aug2026 00:20:26.096] [main/INFO] [net.minecraft.world.item.crafting.RecipeManager/]: Skipping loading recipe ars_elemental:jeed/entrhalled as it's serializer returned null
[28Aug2026 00:20:26.096] [main/INFO] [net.minecraft.world.item.crafting.RecipeManager/]: Skipping loading recipe delightful:integration/naturalist/cooked_venison_naturalist as it's serializer returned null
[28Aug2026 00:20:26.102] [main/INFO] [net.minecraft.world.item.crafting.RecipeManager/]: Skipping loading recipe delightful:knives/blasting/bone/bone_meal_from_blasting_chestplate as it's serializer returned null
[28Aug2026 00:20:26.102] [main/ERROR] [net.minecraft.world.item.crafting.RecipeManager/]: Parsing error loading recipe dramaticdoors:short_quark_blossom_door: com.google.gson.JsonSyntaxException: Unknown item 'quark:mystical_oak_door'
[28Aug2026 00:20:26.103] [main/INFO] [net.minecraft.world.item.crafting.RecipeManager/]: Skipping loading recipe woodworks:autumnity/maple_button_from_maple_planks_sawing as it's serializer returned null
[28Aug2026 00:20:26.103] [main/INFO] [net.minecraft.world.item.crafting.RecipeManager/]: Skipping loading recipe woodworks:endergetic/poise_slab_from_poise_planks_sawing as it's serializer returned null
[28Aug2026 00:20:26.104] [main/INFO] [net.minecraft.world.item.crafting.RecipeManager/]: Skipping loading recipe woodworks:upgrade_aquatic/river_pressure_plate_from_river_logs_sawing as it's serializer returned null
[28Aug2026 00:20:26.104] [main/INFO] [net.minecraft.world.item.crafting.RecipeManager/]: Skipping loading recipe woodworks:environmental/cherry_fence_gate_from_cherry_logs_sawing as it's serializer returned null
[28Aug2026 00:20:26.108] [main/INFO] [net.minecraft.world.item.crafting.RecipeManager/]: Skipping loading recipe delightful:knives/smithing/enderite_knife as it's serializer returned null
[28Aug2026 00:20:26.109] [main/INFO] [net.minecraft.world.item.crafting.RecipeManager/]: Skipping loading recipe woodworks:upgrade_aquatic/driftwood_button_from_driftwood_planks_sawing as it's serializer returned null
[28Aug2026 00:20:26.110] [main/INFO] [net.minecraft.world.item.crafting.RecipeManager/]: Skipping loading recipe woodworks:upgrade_aquatic/river_fence_gate_from_river_logs_sawing as it's serializer returned null
[28Aug2026 00:20:26.110] [main/INFO] [net.minecraft.world.item.crafting.RecipeManager/]: Skipping loading recipe minecraft:pumpkin_pie as it's serializer returned null
[28Aug2026 00:20:26.110] [main/INFO] [net.minecraft.world.item.crafting.RecipeManager/]: Skipping loading recipe delightful:knives/kiwano_knife as it's serializer returned null
[28Aug2026 00:20:26.112] [main/INFO] [net.minecraft.world.item.crafting.RecipeManager/]: Skipping loading recipe woodworks:caverns_and_chasms/azalea_button_from_azalea_logs_sawing as it's serializer returned null
[28Aug2026 00:20:26.112] [main/INFO] [net.minecraft.world.item.crafting.RecipeManager/]: Skipping loading recipe delightful:knives/smelting/bone/bone_meal_from_smelting_leggings as it's serializer returned null
[28Aug2026 00:20:26.112] [main/INFO] [net.minecraft.world.item.crafting.RecipeManager/]: Skipping loading recipe delightful:food/matcha_latte as it's serializer returned null
[28Aug2026 00:20:26.124] [main/INFO] [net.minecraft.world.item.crafting.RecipeManager/]: Skipping loading recipe woodworks:caverns_and_chasms/azalea_ladder_from_azalea_logs_sawing as it's serializer returned null
[28Aug2026 00:20:26.124] [main/INFO] [net.minecraft.world.item.crafting.RecipeManager/]: Skipping loading recipe frozenup:mug_of_truffle_hot_chocolate as it's serializer returned null
[28Aug2026 00:20:26.126] [main/INFO] [net.minecraft.world.item.crafting.RecipeManager/]: Skipping loading recipe wildberries:cutting/raspberry_pie as it's serializer returned null
[28Aug2026 00:20:26.126] [main/ERROR] [net.minecraft.world.item.crafting.RecipeManager/]: Parsing error loading recipe dramaticdoors:tall_chestnut_door: com.google.gson.JsonSyntaxException: Unknown item 'dramaticdoors:tall_chestnut_door'
[28Aug2026 00:20:26.127] [main/INFO] [net.minecraft.world.item.crafting.RecipeManager/]: Skipping loading recipe woodworks:endergetic/poise_ladder_from_poise_stems_sawing as it's serializer returned null
[28Aug2026 00:20:26.135] [main/INFO] [net.minecraft.world.item.crafting.RecipeManager/]: Skipping loading recipe delightful:knives/smelting/osmium_mekanism as it's serializer returned null
[28Aug2026 00:20:26.136] [main/INFO] [net.minecraft.world.item.crafting.RecipeManager/]: Skipping loading recipe woodworks:environmental/wisteria_fence_from_wisteria_logs_sawing as it's serializer returned null
[28Aug2026 00:20:26.137] [main/INFO] [net.minecraft.world.item.crafting.RecipeManager/]: Skipping loading recipe create:mixing/tea as it's serializer returned null
[28Aug2026 00:20:26.138] [main/INFO] [net.minecraft.world.item.crafting.RecipeManager/]: Skipping loading recipe woodworks:environmental/pine_fence_from_pine_logs_sawing as it's serializer returned null
[28Aug2026 00:20:26.138] [main/INFO] [net.minecraft.world.item.crafting.RecipeManager/]: Skipping loading recipe atmospheric:aspen_furnace_boat as it's serializer returned null
[28Aug2026 00:20:26.139] [main/WARN] [com.simibubi.create.Create/]: Your custom createaddition:rolling/steel_plate recipe (createaddition:rolling/steel_plate) specified a duration. Durations have no impact on this type of recipe.
[28Aug2026 00:20:26.139] [main/INFO] [net.minecraft.world.item.crafting.RecipeManager/]: Skipping loading recipe delightful:knives/copper_knife as it's serializer returned null
[28Aug2026 00:20:26.139] [main/INFO] [net.minecraft.world.item.crafting.RecipeManager/]: Skipping loading recipe woodworks:environmental/willow_button_from_willow_planks_sawing as it's serializer returned null
[28Aug2026 00:20:26.139] [main/INFO] [net.minecraft.world.item.crafting.RecipeManager/]: Skipping loading recipe delightful:knives/blasting/emerald_emeraldequipment as it's serializer returned null
[28Aug2026 00:20:26.141] [main/INFO] [net.minecraft.world.item.crafting.RecipeManager/]: Skipping loading recipe woodworks:environmental/cherry_stairs_from_cherry_logs_sawing as it's serializer returned null
[28Aug2026 00:20:26.141] [main/INFO] [net.minecraft.world.item.crafting.RecipeManager/]: Skipping loading recipe woodworks:environmental/pine_fence_gate_from_pine_logs_sawing as it's serializer returned null
[28Aug2026 00:20:26.149] [main/ERROR] [net.minecraft.world.item.crafting.RecipeManager/]: Parsing error loading recipe create:milling/compat/byg/compat/byg/white_sage: com.google.gson.JsonSyntaxException: Unknown item 'byg:compat/byg/white_sage'
[28Aug2026 00:20:26.154] [main/INFO] [net.minecraft.world.item.crafting.RecipeManager/]: Skipping loading recipe frozenup:mug_of_chocolate_milk_from_chocolate as it's serializer returned null
[28Aug2026 00:20:26.155] [main/INFO] [net.minecraft.world.item.crafting.RecipeManager/]: Skipping loading recipe woodworks:caverns_and_chasms/azalea_slab_from_azalea_logs_sawing as it's serializer returned null
[28Aug2026 00:20:26.157] [main/ERROR] [net.minecraft.world.item.crafting.RecipeManager/]: Parsing error loading recipe enlightened_end:blast_void_shale_bismuth_ore: com.google.gson.JsonSyntaxException: Unknown item 'enlightened_end:deleted_mod_element'
[28Aug2026 00:20:26.159] [main/INFO] [net.minecraft.world.item.crafting.RecipeManager/]: Skipping loading recipe woodworks:endergetic/poise_boards_from_poise_planks_sawing as it's serializer returned null
[28Aug2026 00:20:26.160] [main/INFO] [net.minecraft.world.item.crafting.RecipeManager/]: Skipping loading recipe woodworks:endergetic/poise_slab_from_poise_stems_sawing as it's serializer returned null
[28Aug2026 00:20:26.160] [main/INFO] [net.minecraft.world.item.crafting.RecipeManager/]: Skipping loading recipe delightful:knives/amethyst_knife as it's serializer returned null
[28Aug2026 00:20:26.164] [main/ERROR] [net.minecraft.world.item.crafting.RecipeManager/]: Parsing error loading recipe dramaticdoors:tall_holly_door: com.google.gson.JsonSyntaxException: Unknown item 'dramaticdoors:tall_holly_door'
[28Aug2026 00:20:26.165] [main/INFO] [net.minecraft.world.item.crafting.RecipeManager/]: Skipping loading recipe delightful:knives/blasting/bone/knife_minecraft as it's serializer returned null
[28Aug2026 00:20:26.165] [main/INFO] [net.minecraft.world.item.crafting.RecipeManager/]: Skipping loading recipe wildberries:cranberry_pie as it's serializer returned null
[28Aug2026 00:20:26.167] [main/INFO] [net.minecraft.world.item.crafting.RecipeManager/]: Skipping loading recipe woodworks:upgrade_aquatic/river_stairs_from_river_planks_sawing as it's serializer returned null
[28Aug2026 00:20:26.167] [main/INFO] [net.minecraft.world.item.crafting.RecipeManager/]: Skipping loading recipe delightful:knives/smelting/bone/bone_meal_from_smelting_pickaxe as it's serializer returned null
[28Aug2026 00:20:26.169] [main/INFO] [net.minecraft.world.item.crafting.RecipeManager/]: Skipping loading recipe woodworks:autumnity/maple_ladder_from_maple_logs_sawing as it's serializer returned null
[28Aug2026 00:20:26.169] [main/INFO] [net.minecraft.world.item.crafting.RecipeManager/]: Skipping loading recipe delightful:food/gloomgourd_pie_from_slices as it's serializer returned null
[28Aug2026 00:20:26.169] [main/INFO] [net.minecraft.world.item.crafting.RecipeManager/]: Skipping loading recipe twilightforest:jeed/poison as it's serializer returned null
[28Aug2026 00:20:26.170] [main/INFO] [net.minecraft.world.item.crafting.RecipeManager/]: Skipping loading recipe woodworks:environmental/pine_slab_from_pine_logs_sawing as it's serializer returned null
[28Aug2026 00:20:26.171] [main/INFO] [net.minecraft.world.item.crafting.RecipeManager/]: Skipping loading recipe delightful:integration/biomesoplenty/clover as it's serializer returned null
[28Aug2026 00:20:26.171] [main/ERROR] [net.minecraft.world.item.crafting.RecipeManager/]: Parsing error loading recipe unusualend:chorus_petals_via_cutting: com.google.gson.JsonSyntaxException: Expected tool to be a JsonObject, was an array ([{"t..."}])
[28Aug2026 00:20:26.172] [main/INFO] [net.minecraft.world.item.crafting.RecipeManager/]: Skipping loading recipe woodworks:upgrade_aquatic/river_button_from_river_planks_sawing as it's serializer returned null
[28Aug2026 00:20:26.174] [main/INFO] [net.minecraft.world.item.crafting.RecipeManager/]: Skipping loading recipe woodworks:environmental/wisteria_boards_from_wisteria_logs_sawing as it's serializer returned null
[28Aug2026 00:20:26.177] [main/INFO] [net.minecraft.world.item.crafting.RecipeManager/]: Skipping loading recipe woodworks:upgrade_aquatic/river_boards_from_river_planks_sawing as it's serializer returned null
[28Aug2026 00:20:26.188] [main/ERROR] [net.minecraft.world.item.crafting.RecipeManager/]: Parsing error loading recipe create:pressing/compat/byg/lush_grass_path: com.google.gson.JsonSyntaxException: Unknown item 'byg:lush_grass'
[28Aug2026 00:20:26.189] [main/WARN] [com.simibubi.create.Create/]: Your custom createaddition:rolling/steel_ingot recipe (createaddition:rolling/steel_ingot) specified a duration. Durations have no impact on this type of recipe.
[28Aug2026 00:20:26.190] [main/INFO] [net.minecraft.world.item.crafting.RecipeManager/]: Skipping loading recipe woodworks:environmental/pine_boards_from_pine_logs_sawing as it's serializer returned null
[28Aug2026 00:20:26.190] [main/INFO] [net.minecraft.world.item.crafting.RecipeManager/]: Skipping loading recipe woodworks:upgrade_aquatic/driftwood_sign_from_driftwood_logs_sawing as it's serializer returned null
[28Aug2026 00:20:26.190] [main/INFO] [net.minecraft.world.item.crafting.RecipeManager/]: Skipping loading recipe woodworks:endergetic/poise_fence_from_poise_planks_sawing as it's serializer returned null
[28Aug2026 00:20:26.190] [main/INFO] [net.minecraft.world.item.crafting.RecipeManager/]: Skipping loading recipe delightful:knives/terra_knife as it's serializer returned null
[28Aug2026 00:20:26.193] [main/INFO] [net.minecraft.world.item.crafting.RecipeManager/]: Skipping loading recipe woodworks:endergetic/poise_fence_from_poise_stems_sawing as it's serializer returned null
[28Aug2026 00:20:26.194] [main/INFO] [net.minecraft.world.item.crafting.RecipeManager/]: Skipping loading recipe wildberries:blackberry_pie_from_slices as it's serializer returned null
[28Aug2026 00:20:26.200] [main/INFO] [net.minecraft.world.item.crafting.RecipeManager/]: Skipping loading recipe clayworks:nether_extension/cracked_crimson_nether_bricks_from_baking as it's serializer returned null
[28Aug2026 00:20:26.201] [main/INFO] [net.minecraft.world.item.crafting.RecipeManager/]: Skipping loading recipe delightful:knives/emerald_knife as it's serializer returned null
[28Aug2026 00:20:26.201] [main/INFO] [net.minecraft.world.item.crafting.RecipeManager/]: Skipping loading recipe delightful:knives/blasting/bronze_thermal as it's serializer returned null
[28Aug2026 00:20:26.211] [main/INFO] [net.minecraft.world.item.crafting.RecipeManager/]: Skipping loading recipe delightful:knives/blasting/copper_copperized as it's serializer returned null
[28Aug2026 00:20:26.218] [main/INFO] [net.minecraft.world.item.crafting.RecipeManager/]: Skipping loading recipe delightful:knives/refined_glowstone_knife as it's serializer returned null
[28Aug2026 00:20:26.219] [main/INFO] [net.minecraft.world.item.crafting.RecipeManager/]: Skipping loading recipe ars_additions:ritual_chunk_loading as it's serializer returned null
[28Aug2026 00:20:26.221] [main/INFO] [net.minecraft.world.item.crafting.RecipeManager/]: Skipping loading recipe delightful:food/berry_matcha_latte as it's serializer returned null
[28Aug2026 00:20:26.222] [main/INFO] [net.minecraft.world.item.crafting.RecipeManager/]: Skipping loading recipe delightful:knives/blasting/bone/bone_meal_from_blasting_pickaxe as it's serializer returned null
[28Aug2026 00:20:26.222] [main/INFO] [net.minecraft.world.item.crafting.RecipeManager/]: Skipping loading recipe minecraft:chest as it's serializer returned null
[28Aug2026 00:20:26.223] [main/INFO] [net.minecraft.world.item.crafting.RecipeManager/]: Skipping loading recipe ars_elemental:jeed/watery_grave as it's serializer returned null
[28Aug2026 00:20:26.223] [main/INFO] [net.minecraft.world.item.crafting.RecipeManager/]: Skipping loading recipe delightful:integration/windswept/cooked_goat_shanks_windswept as it's serializer returned null
[28Aug2026 00:20:26.224] [main/INFO] [net.minecraft.world.item.crafting.RecipeManager/]: Skipping loading recipe frozenup:truffle_cake as it's serializer returned null
[28Aug2026 00:20:26.224] [main/INFO] [net.minecraft.world.item.crafting.RecipeManager/]: Skipping loading recipe frozenup:mug_of_truffle_hot_chocolate_from_chocolate as it's serializer returned null
[28Aug2026 00:20:26.225] [main/INFO] [net.minecraft.world.item.crafting.RecipeManager/]: Skipping loading recipe wildberries:cutting/cranberry_pie as it's serializer returned null
[28Aug2026 00:20:26.225] [main/INFO] [net.minecraft.world.item.crafting.RecipeManager/]: Skipping loading recipe delightful:knives/bone_knife as it's serializer returned null
[28Aug2026 00:20:26.225] [main/INFO] [net.minecraft.world.item.crafting.RecipeManager/]: Skipping loading recipe wildberries:cutting/glow_berry_pie_slice as it's serializer returned null
[28Aug2026 00:20:26.226] [main/INFO] [net.minecraft.world.item.crafting.RecipeManager/]: Skipping loading recipe atmospheric:morado_furnace_boat as it's serializer returned null
[28Aug2026 00:20:26.226] [main/WARN] [com.simibubi.create.Create/]: Your custom createaddition:rolling/electrum_plate recipe (createaddition:rolling/electrum_plate) specified a duration. Durations have no impact on this type of recipe.
[28Aug2026 00:20:26.226] [main/INFO] [net.minecraft.world.item.crafting.RecipeManager/]: Skipping loading recipe atmospheric:large_aspen_boat as it's serializer returned null
[28Aug2026 00:20:26.227] [main/ERROR] [net.minecraft.world.item.crafting.RecipeManager/]: Parsing error loading recipe create:milling/compat/byg/purple_rose: com.google.gson.JsonSyntaxException: Unknown item 'byg:purple_rose'
[28Aug2026 00:20:26.228] [main/WARN] [com.simibubi.create.Create/]: Your custom createaddition:rolling/aluminum_ingot recipe (createaddition:rolling/aluminum_ingot) specified a duration. Durations have no impact on this type of recipe.
[28Aug2026 00:20:26.228] [main/INFO] [net.minecraft.world.item.crafting.RecipeManager/]: Skipping loading recipe woodworks:environmental/wisteria_slab_from_wisteria_planks_sawing as it's serializer returned null
[28Aug2026 00:20:26.229] [main/INFO] [net.minecraft.world.item.crafting.RecipeManager/]: Skipping loading recipe delightful:knives/smelting/steel_mekanism as it's serializer returned null
[28Aug2026 00:20:26.233] [main/INFO] [net.minecraft.world.item.crafting.RecipeManager/]: Skipping loading recipe delightful:knives/smelting/bone/bone_meal_from_smelting_hoe as it's serializer returned null
[28Aug2026 00:20:26.233] [main/INFO] [net.minecraft.world.item.crafting.RecipeManager/]: Skipping loading recipe woodworks:upgrade_aquatic/driftwood_fence_from_driftwood_logs_sawing as it's serializer returned null
[28Aug2026 00:20:26.235] [main/INFO] [net.minecraft.world.item.crafting.RecipeManager/]: Skipping loading recipe delightful:integration/naturalist/venison_naturalist as it's serializer returned null
[28Aug2026 00:20:26.235] [main/INFO] [net.minecraft.world.item.crafting.RecipeManager/]: Skipping loading recipe delightful:knives/smithing/rose_gold_knife as it's serializer returned null
[28Aug2026 00:20:26.235] [main/INFO] [net.minecraft.world.item.crafting.RecipeManager/]: Skipping loading recipe woodworks:caverns_and_chasms/azalea_trapdoor_from_azalea_logs_sawing as it's serializer returned null
[28Aug2026 00:20:26.238] [main/INFO] [net.minecraft.world.item.crafting.RecipeManager/]: Skipping loading recipe woodworks:environmental/wisteria_slab_from_wisteria_logs_sawing as it's serializer returned null
[28Aug2026 00:20:26.239] [main/INFO] [net.minecraft.world.item.crafting.RecipeManager/]: Skipping loading recipe woodworks:upgrade_aquatic/river_fence_from_river_logs_sawing as it's serializer returned null
[28Aug2026 00:20:26.242] [main/ERROR] [net.minecraft.world.item.crafting.RecipeManager/]: Parsing error loading recipe dramaticdoors:tall_congealed_door: com.google.gson.JsonSyntaxException: Unknown item 'enlightened_end:ebony_door'
[28Aug2026 00:20:26.243] [main/INFO] [net.minecraft.world.item.crafting.RecipeManager/]: Skipping loading recipe delightful:knives/smelting/copper_thermal as it's serializer returned null
[28Aug2026 00:20:26.243] [main/INFO] [net.minecraft.world.item.crafting.RecipeManager/]: Skipping loading recipe delightful:knives/tin_knife as it's serializer returned null
[28Aug2026 00:20:26.244] [main/INFO] [net.minecraft.world.item.crafting.RecipeManager/]: Skipping loading recipe delightful:knives/smelting/constantan_thermal as it's serializer returned null
[28Aug2026 00:20:26.257] [main/INFO] [net.minecraft.world.item.crafting.RecipeManager/]: Skipping loading recipe delightful:knives/blasting/bone/bone_meal_from_blasting_helmet as it's serializer returned null
[28Aug2026 00:20:26.258] [main/INFO] [net.minecraft.world.item.crafting.RecipeManager/]: Skipping loading recipe woodworks:upgrade_aquatic/river_boards_from_river_logs_sawing as it's serializer returned null
[28Aug2026 00:20:26.267] [main/INFO] [net.minecraft.world.item.crafting.RecipeManager/]: Skipping loading recipe delightful:knives/smelting/copper_immersiveengineering as it's serializer returned null
[28Aug2026 00:20:26.268] [main/INFO] [net.minecraft.world.item.crafting.RecipeManager/]: Skipping loading recipe delightful:integration/ecologics/azalea_tea as it's serializer returned null
[28Aug2026 00:20:26.269] [main/INFO] [net.minecraft.world.item.crafting.RecipeManager/]: Skipping loading recipe woodworks:environmental/cherry_slab_from_cherry_logs_sawing as it's serializer returned null
[28Aug2026 00:20:26.270] [main/INFO] [net.minecraft.world.item.crafting.RecipeManager/]: Skipping loading recipe woodworks:endergetic/poise_pressure_plate_from_poise_stems_sawing as it's serializer returned null
[28Aug2026 00:20:26.271] [main/INFO] [net.minecraft.world.item.crafting.RecipeManager/]: Skipping loading recipe supplementaries:inspirations/flag_clear as it's serializer returned null
[28Aug2026 00:20:26.281] [main/WARN] [com.simibubi.create.Create/]: Your custom createaddition:rolling/iron_plate recipe (createaddition:rolling/iron_plate) specified a duration. Durations have no impact on this type of recipe.
[28Aug2026 00:20:26.287] [main/INFO] [net.minecraft.world.item.crafting.RecipeManager/]: Skipping loading recipe woodworks:upgrade_aquatic/driftwood_slab_from_driftwood_logs_sawing as it's serializer returned null
[28Aug2026 00:20:26.289] [main/INFO] [net.minecraft.world.item.crafting.RecipeManager/]: Skipping loading recipe woodworks:environmental/pine_slab_from_pine_planks_sawing as it's serializer returned null
[28Aug2026 00:20:26.290] [main/INFO] [net.minecraft.world.item.crafting.RecipeManager/]: Skipping loading recipe delightful:smelting/cooked_goat as it's serializer returned null
[28Aug2026 00:20:26.290] [main/INFO] [net.minecraft.world.item.crafting.RecipeManager/]: Skipping loading recipe ars_elemental:jeed/mana_shield as it's serializer returned null
[28Aug2026 00:20:26.291] [main/INFO] [net.minecraft.world.item.crafting.RecipeManager/]: Skipping loading recipe minecraft:bookshelf as it's serializer returned null
[28Aug2026 00:20:26.296] [main/ERROR] [net.minecraft.world.item.crafting.RecipeManager/]: Parsing error loading recipe create:milling/compat/byg/lolipop_flower: com.google.gson.JsonSyntaxException: Unknown item 'byg:lolipop_flower'
[28Aug2026 00:20:26.297] [main/ERROR] [net.minecraft.world.item.crafting.RecipeManager/]: Parsing error loading recipe dramaticdoors:short_ee_ebony_door: com.google.gson.JsonSyntaxException: Unknown item 'enlightened_end:congealed_door'
[28Aug2026 00:20:26.297] [main/WARN] [com.simibubi.create.Create/]: Your custom createaddition:rolling/lead_plate recipe (createaddition:rolling/lead_plate) specified a duration. Durations have no impact on this type of recipe.
[28Aug2026 00:20:26.299] [main/INFO] [net.minecraft.world.item.crafting.RecipeManager/]: Skipping loading recipe woodworks:environmental/willow_fence_from_willow_planks_sawing as it's serializer returned null
[28Aug2026 00:20:26.299] [main/INFO] [net.minecraft.world.item.crafting.RecipeManager/]: Skipping loading recipe delightful:knives/blasting/electrum_thermal as it's serializer returned null
[28Aug2026 00:20:26.299] [main/INFO] [net.minecraft.world.item.crafting.RecipeManager/]: Skipping loading recipe delightful:knives/necronium_knife as it's serializer returned null
[28Aug2026 00:20:26.303] [main/INFO] [net.minecraft.world.item.crafting.RecipeManager/]: Skipping loading recipe wildberries:blueberry_pie as it's serializer returned null
[28Aug2026 00:20:26.305] [main/INFO] [net.minecraft.world.item.crafting.RecipeManager/]: Skipping loading recipe delightful:knives/smelting/silver_thermal as it's serializer returned null
[28Aug2026 00:20:26.307] [main/INFO] [net.minecraft.world.item.crafting.RecipeManager/]: Skipping loading recipe delightful:knives/smelting/bone/bone_meal_from_smelting_helmet as it's serializer returned null
[28Aug2026 00:20:26.307] [main/INFO] [net.minecraft.world.item.crafting.RecipeManager/]: Skipping loading recipe woodworks:upgrade_aquatic/driftwood_pressure_plate_from_driftwood_logs_sawing as it's serializer returned null
[28Aug2026 00:20:26.308] [main/INFO] [net.minecraft.world.item.crafting.RecipeManager/]: Skipping loading recipe delightful:knives/cloggrum_knife as it's serializer returned null
[28Aug2026 00:20:26.312] [main/INFO] [net.minecraft.world.item.crafting.RecipeManager/]: Skipping loading recipe woodworks:environmental/cherry_door_from_cherry_logs_sawing as it's serializer returned null
[28Aug2026 00:20:26.314] [main/INFO] [net.minecraft.world.item.crafting.RecipeManager/]: Skipping loading recipe twilightforest:jeed/regeneration as it's serializer returned null
[28Aug2026 00:20:26.315] [main/INFO] [net.minecraft.world.item.crafting.RecipeManager/]: Skipping loading recipe woodworks:endergetic/poise_boards_from_poise_stems_sawing as it's serializer returned null
[28Aug2026 00:20:26.315] [main/INFO] [net.minecraft.world.item.crafting.RecipeManager/]: Skipping loading recipe delightful:knives/smelting/emerald_emeraldequipment as it's serializer returned null
[28Aug2026 00:20:26.316] [main/WARN] [com.simibubi.create.Create/]: Your custom createaddition:rolling/gold_plate recipe (createaddition:rolling/gold_plate) specified a duration. Durations have no impact on this type of recipe.
[28Aug2026 00:20:26.316] [main/INFO] [net.minecraft.world.item.crafting.RecipeManager/]: Skipping loading recipe woodworks:environmental/pine_sign_from_pine_logs_sawing as it's serializer returned null
[28Aug2026 00:20:26.317] [main/INFO] [net.minecraft.world.item.crafting.RecipeManager/]: Skipping loading recipe delightful:knives/blasting/bone/bone_meal_from_blasting_boots as it's serializer returned null
[28Aug2026 00:20:26.325] [main/INFO] [net.minecraft.world.item.crafting.RecipeManager/]: Skipping loading recipe delightful:knives/smelting/diamond_diamond_nuggets as it's serializer returned null
[28Aug2026 00:20:26.325] [main/INFO] [net.minecraft.world.item.crafting.RecipeManager/]: Skipping loading recipe twilightforest:jeed/fire_resistance as it's serializer returned null
[28Aug2026 00:20:26.325] [main/INFO] [net.minecraft.world.item.crafting.RecipeManager/]: Skipping loading recipe delightful:knives/smelting/bone/bone_meal_from_smelting_sword as it's serializer returned null
[28Aug2026 00:20:26.326] [main/INFO] [net.minecraft.world.item.crafting.RecipeManager/]: Skipping loading recipe delightful:knives/blasting/copper_immersiveengineering as it's serializer returned null
[28Aug2026 00:20:26.326] [main/INFO] [net.minecraft.world.item.crafting.RecipeManager/]: Skipping loading recipe woodworks:endergetic/poise_stairs_from_poise_planks_sawing as it's serializer returned null
[28Aug2026 00:20:26.340] [main/INFO] [net.minecraft.world.item.crafting.RecipeManager/]: Skipping loading recipe delightful:knives/blasting/copper_thermal as it's serializer returned null
[28Aug2026 00:20:26.340] [main/WARN] [com.simibubi.create.Create/]: Your custom createaddition:rolling/electrum_ingot recipe (createaddition:rolling/electrum_ingot) specified a duration. Durations have no impact on this type of recipe.
[28Aug2026 00:20:26.341] [main/INFO] [net.minecraft.world.item.crafting.RecipeManager/]: Skipping loading recipe delightful:knives/mechanical_crafting/gilded_quartz_knife as it's serializer returned null
[28Aug2026 00:20:26.342] [main/INFO] [net.minecraft.world.item.crafting.RecipeManager/]: Skipping loading recipe minecraft:ladder as it's serializer returned null
[28Aug2026 00:20:26.342] [main/ERROR] [net.minecraft.world.item.crafting.RecipeManager/]: Parsing error loading recipe betterwithminecolonies:create/stupid_dragon_breath: com.google.gson.JsonSyntaxException: Missing type, expected to find a string
[28Aug2026 00:20:26.342] [main/INFO] [net.minecraft.world.item.crafting.RecipeManager/]: Skipping loading recipe woodworks:environmental/willow_slab_from_willow_planks_sawing as it's serializer returned null
[28Aug2026 00:20:26.343] [main/INFO] [net.minecraft.world.item.crafting.RecipeManager/]: Skipping loading recipe atmospheric:large_morado_boat as it's serializer returned null
[28Aug2026 00:20:26.344] [main/INFO] [net.minecraft.world.item.crafting.RecipeManager/]: Skipping loading recipe woodworks:environmental/pine_fence_from_pine_planks_sawing as it's serializer returned null
[28Aug2026 00:20:26.344] [main/INFO] [net.minecraft.world.item.crafting.RecipeManager/]: Skipping loading recipe woodworks:environmental/wisteria_ladder_from_wisteria_planks_sawing as it's serializer returned null
[28Aug2026 00:20:26.344] [main/INFO] [net.minecraft.world.item.crafting.RecipeManager/]: Skipping loading recipe delightful:integration/goodall/cooked_venison_goodall as it's serializer returned null
[28Aug2026 00:20:26.345] [main/INFO] [net.minecraft.world.item.crafting.RecipeManager/]: Skipping loading recipe ars_elemental:jeed/hellfire_burn as it's serializer returned null
[28Aug2026 00:20:26.346] [main/INFO] [net.minecraft.world.item.crafting.RecipeManager/]: Skipping loading recipe supplementaries:inspirations/blackboard_clear as it's serializer returned null
[28Aug2026 00:20:26.353] [main/INFO] [net.minecraft.world.item.crafting.RecipeManager/]: Skipping loading recipe wildberries:cutting/blueberry_pie as it's serializer returned null
[28Aug2026 00:20:26.353] [main/INFO] [net.minecraft.world.item.crafting.RecipeManager/]: Skipping loading recipe minecraft:trapped_chest as it's serializer returned null
[28Aug2026 00:20:26.354] [main/INFO] [net.minecraft.world.item.crafting.RecipeManager/]: Skipping loading recipe delightful:cutting/gloomgourd_pie as it's serializer returned null
[28Aug2026 00:20:26.354] [main/INFO] [net.minecraft.world.item.crafting.RecipeManager/]: Skipping loading recipe delightful:knives/blasting/bone/bone_meal_from_blasting_axe as it's serializer returned null
[28Aug2026 00:20:26.356] [main/INFO] [net.minecraft.world.item.crafting.RecipeManager/]: Skipping loading recipe delightful:knives/blasting/invar_thermal as it's serializer returned null
[28Aug2026 00:20:26.356] [main/ERROR] [net.minecraft.world.item.crafting.RecipeManager/]: Parsing error loading recipe irons_spellbooks:curios/concentration_amulet: com.google.gson.JsonSyntaxException: Unknown item 'irons_spellbooks:mithril_ingot'
[28Aug2026 00:20:26.366] [main/INFO] [net.minecraft.world.item.crafting.RecipeManager/]: Skipping loading recipe woodworks:endergetic/poise_button_from_poise_planks_sawing as it's serializer returned null
[28Aug2026 00:20:26.372] [main/INFO] [net.minecraft.world.item.crafting.RecipeManager/]: Skipping loading recipe woodworks:upgrade_aquatic/driftwood_stairs_from_driftwood_planks_sawing as it's serializer returned null
[28Aug2026 00:20:26.375] [main/INFO] [net.minecraft.world.item.crafting.RecipeManager/]: Skipping loading recipe woodworks:upgrade_aquatic/river_slab_from_river_logs_sawing as it's serializer returned null
[28Aug2026 00:20:26.376] [main/INFO] [net.minecraft.world.item.crafting.RecipeManager/]: Skipping loading recipe woodworks:environmental/cherry_boards_from_cherry_planks_sawing as it's serializer returned null
[28Aug2026 00:20:26.383] [main/INFO] [net.minecraft.world.item.crafting.RecipeManager/]: Skipping loading recipe woodworks:caverns_and_chasms/azalea_fence_from_azalea_planks_sawing as it's serializer returned null
[28Aug2026 00:20:26.384] [main/INFO] [net.minecraft.world.item.crafting.RecipeManager/]: Skipping loading recipe delightful:knives/onyx_knife as it's serializer returned null
[28Aug2026 00:20:26.384] [main/INFO] [net.minecraft.world.item.crafting.RecipeManager/]: Skipping loading recipe woodworks:environmental/cherry_pressure_plate_from_cherry_logs_sawing as it's serializer returned null
[28Aug2026 00:20:26.386] [main/ERROR] [net.minecraft.world.item.crafting.RecipeManager/]: Parsing error loading recipe iter_rpg:the_rock_recipe: com.google.gson.JsonSyntaxException: Unknown item 'iter_rpg:deleted_mod_element'
[28Aug2026 00:20:26.387] [main/INFO] [net.minecraft.world.item.crafting.RecipeManager/]: Skipping loading recipe delightful:knives/lapis_lazuli_knife as it's serializer returned null
[28Aug2026 00:20:26.388] [main/INFO] [net.minecraft.world.item.crafting.RecipeManager/]: Skipping loading recipe wildberries:cutting/sweet_berry_pie as it's serializer returned null
[28Aug2026 00:20:26.388] [main/INFO] [net.minecraft.world.item.crafting.RecipeManager/]: Skipping loading recipe delightful:knives/blasting/tin_mekanism as it's serializer returned null
[28Aug2026 00:20:26.389] [main/INFO] [net.minecraft.world.item.crafting.RecipeManager/]: Skipping loading recipe delightful:knives/blasting/diamond_diamond_nuggets as it's serializer returned null
[28Aug2026 00:20:26.389] [main/INFO] [net.minecraft.world.item.crafting.RecipeManager/]: Skipping loading recipe delightful:knives/smelting/copper_copperized as it's serializer returned null
[28Aug2026 00:20:26.390] [main/INFO] [net.minecraft.world.item.crafting.RecipeManager/]: Skipping loading recipe woodworks:environmental/pine_ladder_from_pine_logs_sawing as it's serializer returned null
[28Aug2026 00:20:26.390] [main/INFO] [net.minecraft.world.item.crafting.RecipeManager/]: Skipping loading recipe twilightforest:jeed/frosted as it's serializer returned null
[28Aug2026 00:20:26.398] [main/INFO] [net.minecraft.world.item.crafting.RecipeManager/]: Skipping loading recipe supplementaries:inspirations/flag_dye as it's serializer returned null
[28Aug2026 00:20:26.398] [main/INFO] [net.minecraft.world.item.crafting.RecipeManager/]: Skipping loading recipe woodworks:environmental/pine_pressure_plate_from_pine_logs_sawing as it's serializer returned null
[28Aug2026 00:20:26.399] [main/INFO] [net.minecraft.world.item.crafting.RecipeManager/]: Skipping loading recipe delightful:knives/mythril_knife as it's serializer returned null
[28Aug2026 00:20:26.406] [main/INFO] [net.minecraft.world.item.crafting.RecipeManager/]: Skipping loading recipe atmospheric:large_yucca_boat as it's serializer returned null
[28Aug2026 00:20:26.407] [main/ERROR] [net.minecraft.world.item.crafting.RecipeManager/]: Parsing error loading recipe iter_rpg:bonb_recipe: com.google.gson.JsonSyntaxException: Unknown item 'iter_rpg:deleted_mod_element'
[28Aug2026 00:20:26.407] [main/INFO] [net.minecraft.world.item.crafting.RecipeManager/]: Skipping loading recipe woodworks:caverns_and_chasms/azalea_door_from_azalea_logs_sawing as it's serializer returned null
[28Aug2026 00:20:26.408] [main/INFO] [net.minecraft.world.item.crafting.RecipeManager/]: Skipping loading recipe woodworks:environmental/wisteria_button_from_wisteria_planks_sawing as it's serializer returned null
[28Aug2026 00:20:26.408] [main/INFO] [net.minecraft.world.item.crafting.RecipeManager/]: Skipping loading recipe wildberries:cranberry_pie_from_slices as it's serializer returned null
[28Aug2026 00:20:26.409] [main/INFO] [net.minecraft.world.item.crafting.RecipeManager/]: Skipping loading recipe woodworks:environmental/willow_boards_from_willow_planks_sawing as it's serializer returned null
[28Aug2026 00:20:26.409] [main/INFO] [net.minecraft.world.item.crafting.RecipeManager/]: Skipping loading recipe woodworks:endergetic/poise_door_from_poise_stems_sawing as it's serializer returned null
[28Aug2026 00:20:26.411] [main/INFO] [net.minecraft.world.item.crafting.RecipeManager/]: Skipping loading recipe clayworks:endergetic/cracked_purpur_block_from_baking as it's serializer returned null
[28Aug2026 00:20:26.411] [main/ERROR] [net.minecraft.world.item.crafting.RecipeManager/]: Parsing error loading recipe create:milling/compat/byg/orchid: com.google.gson.JsonSyntaxException: Unknown item 'byg:orchid'
[28Aug2026 00:20:26.411] [main/INFO] [net.minecraft.world.item.crafting.RecipeManager/]: Skipping loading recipe woodworks:upgrade_aquatic/river_door_from_river_logs_sawing as it's serializer returned null
[28Aug2026 00:20:26.411] [main/INFO] [net.minecraft.world.item.crafting.RecipeManager/]: Skipping loading recipe woodworks:environmental/wisteria_button_from_wisteria_logs_sawing as it's serializer returned null
[28Aug2026 00:20:26.412] [main/INFO] [net.minecraft.world.item.crafting.RecipeManager/]: Skipping loading recipe duckling:pumpkin_pie as it's serializer returned null
[28Aug2026 00:20:26.413] [main/INFO] [net.minecraft.world.item.crafting.RecipeManager/]: Skipping loading recipe woodworks:caverns_and_chasms/azalea_button_from_azalea_planks_sawing as it's serializer returned null
[28Aug2026 00:20:26.413] [main/ERROR] [net.minecraft.world.item.crafting.RecipeManager/]: Parsing error loading recipe alexsdelight:barbecue_on_a_stick: com.google.gson.JsonSyntaxException: Unknown item 'amfd:singular_cooked_moose_rib'
[28Aug2026 00:20:26.415] [main/INFO] [net.minecraft.world.item.crafting.RecipeManager/]: Skipping loading recipe botany_pots:ars_elemental/flashing_archwood as it's serializer returned null
[28Aug2026 00:20:26.416] [main/INFO] [net.minecraft.world.item.crafting.RecipeManager/]: Skipping loading recipe woodworks:upgrade_aquatic/river_ladder_from_river_logs_sawing as it's serializer returned null
[28Aug2026 00:20:26.425] [main/INFO] [net.minecraft.world.item.crafting.RecipeManager/]: Skipping loading recipe woodworks:endergetic/poise_trapdoor_from_poise_stems_sawing as it's serializer returned null
[28Aug2026 00:20:26.427] [main/INFO] [net.minecraft.world.item.crafting.RecipeManager/]: Skipping loading recipe woodworks:environmental/cherry_planks_from_cherry_logs_sawing as it's serializer returned null
[28Aug2026 00:20:26.429] [main/ERROR] [net.minecraft.world.item.crafting.RecipeManager/]: Parsing error loading recipe dramaticdoors:tall_ee_ebony_door: com.google.gson.JsonSyntaxException: Unknown item 'enlightened_end:congealed_door'
[28Aug2026 00:20:26.430] [main/INFO] [net.minecraft.world.item.crafting.RecipeManager/]: Skipping loading recipe delightful:integration/rottenleather/chunkwich_from_bun as it's serializer returned null
[28Aug2026 00:20:26.430] [main/INFO] [net.minecraft.world.item.crafting.RecipeManager/]: Skipping loading recipe delightful:integration/biomemakeover/cactus_flesh_from_barrel_cactus as it's serializer returned null
[28Aug2026 00:20:26.430] [main/INFO] [net.minecraft.world.item.crafting.RecipeManager/]: Skipping loading recipe woodworks:environmental/wisteria_planks_from_wisteria_logs_sawing as it's serializer returned null
[28Aug2026 00:20:26.431] [main/INFO] [net.minecraft.world.item.crafting.RecipeManager/]: Skipping loading recipe woodworks:environmental/wisteria_trapdoor_from_wisteria_logs_sawing as it's serializer returned null
[28Aug2026 00:20:26.432] [main/INFO] [net.minecraft.world.item.crafting.RecipeManager/]: Skipping loading recipe woodworks:environmental/cherry_trapdoor_from_cherry_logs_sawing as it's serializer returned null
[28Aug2026 00:20:26.433] [main/WARN] [com.simibubi.create.Create/]: Your custom createaddition:rolling/iron_ingot recipe (createaddition:rolling/iron_ingot) specified a duration. Durations have no impact on this type of recipe.
[28Aug2026 00:20:26.433] [main/INFO] [net.minecraft.world.item.crafting.RecipeManager/]: Skipping loading recipe delightful:knives/smelting/invar_thermal as it's serializer returned null
[28Aug2026 00:20:26.433] [main/INFO] [net.minecraft.world.item.crafting.RecipeManager/]: Skipping loading recipe wildberries:raspberry_pie_from_slices as it's serializer returned null
[28Aug2026 00:20:26.435] [main/INFO] [net.minecraft.world.item.crafting.RecipeManager/]: Skipping loading recipe delightful:knives/blasting/bone/bone_meal_from_blasting_shovel as it's serializer returned null
[28Aug2026 00:20:26.436] [main/INFO] [net.minecraft.world.item.crafting.RecipeManager/]: Skipping loading recipe woodworks:upgrade_aquatic/driftwood_door_from_driftwood_logs_sawing as it's serializer returned null
[28Aug2026 00:20:26.437] [main/INFO] [net.minecraft.world.item.crafting.RecipeManager/]: Skipping loading recipe delightful:food/marshmallow_stick_create_confectionery as it's serializer returned null
[28Aug2026 00:20:26.458] [main/INFO] [net.minecraft.world.item.crafting.RecipeManager/]: Skipping loading recipe woodworks:environmental/pine_button_from_pine_logs_sawing as it's serializer returned null
[28Aug2026 00:20:26.459] [main/ERROR] [net.minecraft.world.item.crafting.RecipeManager/]: Parsing error loading recipe legendary_monsters:ancient_dripstone_brick_stairs_left: com.google.gson.JsonSyntaxException: Unknown item 'legendary_monsters:ancient_dripstone_brick'
[28Aug2026 00:20:26.461] [main/INFO] [net.minecraft.world.item.crafting.RecipeManager/]: Skipping loading recipe woodworks:upgrade_aquatic/driftwood_stairs_from_driftwood_logs_sawing as it's serializer returned null
[28Aug2026 00:20:26.461] [main/INFO] [net.minecraft.world.item.crafting.RecipeManager/]: Skipping loading recipe woodworks:upgrade_aquatic/river_trapdoor_from_river_logs_sawing as it's serializer returned null
[28Aug2026 00:20:26.462] [main/INFO] [net.minecraft.world.item.crafting.RecipeManager/]: Skipping loading recipe delightful:knives/blasting/bone/bone_meal_from_blasting_leggings as it's serializer returned null
[28Aug2026 00:20:26.462] [main/ERROR] [net.minecraft.world.item.crafting.RecipeManager/]: Parsing error loading recipe create:milling/compat/byg/compat/byg/winter_cyclamen: com.google.gson.JsonSyntaxException: Unknown item 'byg:compat/byg/winter_cyclamen'
[28Aug2026 00:20:26.463] [main/INFO] [net.minecraft.world.item.crafting.RecipeManager/]: Skipping loading recipe delightful:matcha_ice_cream_block as it's serializer returned null
[28Aug2026 00:20:26.464] [main/INFO] [net.minecraft.world.item.crafting.RecipeManager/]: Skipping loading recipe clayworks:endergetic/cracked_end_stone_bricks_from_baking as it's serializer returned null
[28Aug2026 00:20:26.465] [main/INFO] [net.minecraft.world.item.crafting.RecipeManager/]: Skipping loading recipe woodworks:environmental/willow_trapdoor_from_willow_logs_sawing as it's serializer returned null
[28Aug2026 00:20:26.465] [main/INFO] [net.minecraft.world.item.crafting.RecipeManager/]: Skipping loading recipe delightful:knives/smithing/obsidian_infused_enderite_knife as it's serializer returned null
[28Aug2026 00:20:26.465] [main/INFO] [net.minecraft.world.item.crafting.RecipeManager/]: Skipping loading recipe clayworks:endergetic/eumus_brick_from_baking as it's serializer returned null
[28Aug2026 00:20:26.465] [main/INFO] [net.minecraft.world.item.crafting.RecipeManager/]: Skipping loading recipe delightful:knives/utherium_knife as it's serializer returned null
[28Aug2026 00:20:26.466] [main/INFO] [net.minecraft.world.item.crafting.RecipeManager/]: Skipping loading recipe woodworks:autumnity/maple_door_from_maple_logs_sawing as it's serializer returned null
[28Aug2026 00:20:26.466] [main/INFO] [net.minecraft.world.item.crafting.RecipeManager/]: Skipping loading recipe frozenup:mug_of_milk as it's serializer returned null
[28Aug2026 00:20:26.466] [main/INFO] [net.minecraft.world.item.crafting.RecipeManager/]: Skipping loading recipe woodworks:environmental/wisteria_pressure_plate_from_wisteria_logs_sawing as it's serializer returned null
[28Aug2026 00:20:26.467] [main/ERROR] [net.minecraft.world.item.crafting.RecipeManager/]: Parsing error loading recipe legendary_monsters:dinosaur_bone_meal: com.google.gson.JsonSyntaxException: Unknown item 'legendary_monsters:dinosaur_bone_meal'
[28Aug2026 00:20:26.472] [main/INFO] [net.minecraft.world.item.crafting.RecipeManager/]: Skipping loading recipe delightful:knives/leaf_knife as it's serializer returned null
[28Aug2026 00:20:26.474] [main/INFO] [net.minecraft.world.item.crafting.RecipeManager/]: Skipping loading recipe woodworks:caverns_and_chasms/azalea_slab_from_azalea_planks_sawing as it's serializer returned null
[28Aug2026 00:20:26.475] [main/INFO] [net.minecraft.world.item.crafting.RecipeManager/]: Skipping loading recipe woodworks:environmental/pine_trapdoor_from_pine_logs_sawing as it's serializer returned null
[28Aug2026 00:20:26.475] [main/INFO] [net.minecraft.world.item.crafting.RecipeManager/]: Skipping loading recipe woodworks:environmental/willow_slab_from_willow_logs_sawing as it's serializer returned null
[28Aug2026 00:20:26.476] [main/INFO] [net.minecraft.world.item.crafting.RecipeManager/]: Skipping loading recipe delightful:knives/smelting/bone/bone_meal_from_smelting_shovel as it's serializer returned null
[28Aug2026 00:20:26.476] [main/INFO] [net.minecraft.world.item.crafting.RecipeManager/]: Skipping loading recipe woodworks:endergetic/poise_ladder_from_poise_planks_sawing as it's serializer returned null
[28Aug2026 00:20:26.476] [main/INFO] [net.minecraft.world.item.crafting.RecipeManager/]: Skipping loading recipe woodworks:autumnity/maple_slab_from_maple_logs_sawing as it's serializer returned null
[28Aug2026 00:20:26.478] [main/INFO] [net.minecraft.world.item.crafting.RecipeManager/]: Skipping loading recipe woodworks:upgrade_aquatic/driftwood_fence_from_driftwood_planks_sawing as it's serializer returned null
[28Aug2026 00:20:26.478] [main/INFO] [net.minecraft.world.item.crafting.RecipeManager/]: Skipping loading recipe woodworks:caverns_and_chasms/azalea_fence_from_azalea_logs_sawing as it's serializer returned null
[28Aug2026 00:20:26.479] [main/INFO] [net.minecraft.world.item.crafting.RecipeManager/]: Skipping loading recipe woodworks:endergetic/poise_button_from_poise_stems_sawing as it's serializer returned null
[28Aug2026 00:20:26.484] [main/INFO] [net.minecraft.world.item.crafting.RecipeManager/]: Skipping loading recipe delightful:knives/invar_knife as it's serializer returned null
[28Aug2026 00:20:26.490] [main/INFO] [net.minecraft.world.item.crafting.RecipeManager/]: Skipping loading recipe woodworks:autumnity/maple_trapdoor_from_maple_logs_sawing as it's serializer returned null
[28Aug2026 00:20:26.496] [main/WARN] [com.simibubi.create.Create/]: Your custom createaddition:rolling/gold_ingot recipe (createaddition:rolling/gold_ingot) specified a duration. Durations have no impact on this type of recipe.
[28Aug2026 00:20:26.497] [main/INFO] [net.minecraft.world.item.crafting.RecipeManager/]: Skipping loading recipe twilightforest:jeed/blindness as it's serializer returned null
[28Aug2026 00:20:26.498] [main/WARN] [com.simibubi.create.Create/]: Your custom createaddition:rolling/straw recipe (createaddition:rolling/straw) specified a duration. Durations have no impact on this type of recipe.
[28Aug2026 00:20:26.498] [main/INFO] [net.minecraft.world.item.crafting.RecipeManager/]: Skipping loading recipe delightful:knives/bronze_knife as it's serializer returned null
[28Aug2026 00:20:26.506] [main/INFO] [net.minecraft.world.item.crafting.RecipeManager/]: Skipping loading recipe woodworks:environmental/cherry_sign_from_cherry_logs_sawing as it's serializer returned null
[28Aug2026 00:20:26.507] [main/INFO] [net.minecraft.world.item.crafting.RecipeManager/]: Skipping loading recipe delightful:food/kettle/matcha_latte_neapolitan as it's serializer returned null
[28Aug2026 00:20:26.507] [main/INFO] [net.minecraft.world.item.crafting.RecipeManager/]: Skipping loading recipe woodworks:environmental/pine_stairs_from_pine_planks_sawing as it's serializer returned null
[28Aug2026 00:20:26.508] [main/INFO] [net.minecraft.world.item.crafting.RecipeManager/]: Skipping loading recipe wildberries:blackberry_pie as it's serializer returned null
[28Aug2026 00:20:26.508] [main/INFO] [net.minecraft.world.item.crafting.RecipeManager/]: Skipping loading recipe delightful:knives/black_opal_knife as it's serializer returned null
[28Aug2026 00:20:26.508] [main/INFO] [net.minecraft.world.item.crafting.RecipeManager/]: Skipping loading recipe woodworks:environmental/cherry_boards_from_cherry_logs_sawing as it's serializer returned null
[28Aug2026 00:20:26.520] [main/INFO] [net.minecraft.world.item.crafting.RecipeManager/]: Skipping loading recipe woodworks:environmental/cherry_slab_from_cherry_planks_sawing as it's serializer returned null
[28Aug2026 00:20:26.522] [main/INFO] [net.minecraft.world.item.crafting.RecipeManager/]: Skipping loading recipe delightful:knives/blasting/bone/bone_meal_from_blasting_hoe as it's serializer returned null
[28Aug2026 00:20:26.522] [main/INFO] [net.minecraft.world.item.crafting.RecipeManager/]: Skipping loading recipe woodworks:environmental/wisteria_stairs_from_wisteria_planks_sawing as it's serializer returned null
[28Aug2026 00:20:26.522] [main/INFO] [net.minecraft.world.item.crafting.RecipeManager/]: Skipping loading recipe woodworks:environmental/pine_boards_from_pine_planks_sawing as it's serializer returned null
[28Aug2026 00:20:26.523] [main/INFO] [net.minecraft.world.item.crafting.RecipeManager/]: Skipping loading recipe delightful:integration/goodall/venison_goodall as it's serializer returned null
[28Aug2026 00:20:26.523] [main/INFO] [net.minecraft.world.item.crafting.RecipeManager/]: Skipping loading recipe delightful:knives/smelting/tin_mekanism as it's serializer returned null
[28Aug2026 00:20:26.523] [main/INFO] [net.minecraft.world.item.crafting.RecipeManager/]: Skipping loading recipe woodworks:autumnity/maple_fence_from_maple_logs_sawing as it's serializer returned null
[28Aug2026 00:20:26.524] [main/INFO] [net.minecraft.world.item.crafting.RecipeManager/]: Skipping loading recipe woodworks:caverns_and_chasms/azalea_boards_from_azalea_planks_sawing as it's serializer returned null
[28Aug2026 00:20:26.525] [main/INFO] [net.minecraft.world.item.crafting.RecipeManager/]: Skipping loading recipe delightful:knives/smithing/alf_knife as it's serializer returned null
[28Aug2026 00:20:26.525] [main/INFO] [net.minecraft.world.item.crafting.RecipeManager/]: Skipping loading recipe woodworks:autumnity/maple_slab_from_maple_planks_sawing as it's serializer returned null
[28Aug2026 00:20:26.526] [main/INFO] [net.minecraft.world.item.crafting.RecipeManager/]: Skipping loading recipe woodworks:environmental/willow_button_from_willow_logs_sawing as it's serializer returned null
[28Aug2026 00:20:26.527] [main/INFO] [net.minecraft.world.item.crafting.RecipeManager/]: Skipping loading recipe delightful:knives/froststeel_knife as it's serializer returned null
[28Aug2026 00:20:26.527] [main/INFO] [net.minecraft.world.item.crafting.RecipeManager/]: Skipping loading recipe woodworks:upgrade_aquatic/driftwood_boards_from_driftwood_planks_sawing as it's serializer returned null
[28Aug2026 00:20:26.527] [main/INFO] [net.minecraft.world.item.crafting.RecipeManager/]: Skipping loading recipe woodworks:environmental/cherry_ladder_from_cherry_planks_sawing as it's serializer returned null
[28Aug2026 00:20:26.528] [main/INFO] [net.minecraft.world.item.crafting.RecipeManager/]: Skipping loading recipe woodworks:environmental/willow_stairs_from_willow_planks_sawing as it's serializer returned null
[28Aug2026 00:20:26.529] [main/INFO] [net.minecraft.world.item.crafting.RecipeManager/]: Skipping loading recipe delightful:knives/large_amethyst_knife as it's serializer returned null
[28Aug2026 00:20:26.529] [main/INFO] [net.minecraft.world.item.crafting.RecipeManager/]: Skipping loading recipe woodworks:environmental/willow_fence_from_willow_logs_sawing as it's serializer returned null
[28Aug2026 00:20:26.529] [main/INFO] [net.minecraft.world.item.crafting.RecipeManager/]: Skipping loading recipe wildberries:raspberry_pie as it's serializer returned null
[28Aug2026 00:20:26.530] [main/INFO] [net.minecraft.world.item.crafting.RecipeManager/]: Skipping loading recipe delightful:integration/farmersrespite/green_tea_leaves_from_green_tea_leaf as it's serializer returned null
[28Aug2026 00:20:26.531] [main/INFO] [net.minecraft.world.item.crafting.RecipeManager/]: Skipping loading recipe woodworks:caverns_and_chasms/azalea_boards_from_azalea_logs_sawing as it's serializer returned null
[28Aug2026 00:20:26.531] [main/INFO] [net.minecraft.world.item.crafting.RecipeManager/]: Skipping loading recipe delightful:knives/experience_knife as it's serializer returned null
[28Aug2026 00:20:26.539] [main/INFO] [net.minecraft.world.item.crafting.RecipeManager/]: Skipping loading recipe woodworks:environmental/willow_fence_gate_from_willow_logs_sawing as it's serializer returned null
[28Aug2026 00:20:26.540] [main/INFO] [net.minecraft.world.item.crafting.RecipeManager/]: Skipping loading recipe woodworks:environmental/willow_sign_from_willow_logs_sawing as it's serializer returned null
[28Aug2026 00:20:26.542] [main/INFO] [net.minecraft.world.item.crafting.RecipeManager/]: Skipping loading recipe woodworks:upgrade_aquatic/river_fence_from_river_planks_sawing as it's serializer returned null
[28Aug2026 00:20:26.543] [main/INFO] [net.minecraft.world.item.crafting.RecipeManager/]: Skipping loading recipe frozenup:mug_of_chocolate_milk as it's serializer returned null
[28Aug2026 00:20:26.549] [main/INFO] [net.minecraft.world.item.crafting.RecipeManager/]: Skipping loading recipe atmospheric:laurel_furnace_boat as it's serializer returned null
[28Aug2026 00:20:26.550] [main/INFO] [net.minecraft.world.item.crafting.RecipeManager/]: Skipping loading recipe delightful:campfire/cooked_goat as it's serializer returned null
[28Aug2026 00:20:26.551] [main/INFO] [net.minecraft.world.item.crafting.RecipeManager/]: Skipping loading recipe woodworks:upgrade_aquatic/driftwood_boards_from_driftwood_logs_sawing as it's serializer returned null
[28Aug2026 00:20:26.556] [main/INFO] [net.minecraft.world.item.crafting.RecipeManager/]: Skipping loading recipe woodworks:upgrade_aquatic/river_planks_from_river_logs_sawing as it's serializer returned null
[28Aug2026 00:20:26.557] [main/INFO] [net.minecraft.world.item.crafting.RecipeManager/]: Skipping loading recipe delightful:food/clover_honey as it's serializer returned null
[28Aug2026 00:20:26.557] [main/INFO] [net.minecraft.world.item.crafting.RecipeManager/]: Skipping loading recipe delightful:knives/blasting/osmium_mekanism as it's serializer returned null
[28Aug2026 00:20:26.558] [main/INFO] [net.minecraft.world.item.crafting.RecipeManager/]: Skipping loading recipe delightful:knives/smelting/bone/bone_meal_from_smelting_boots as it's serializer returned null
[28Aug2026 00:20:26.558] [main/INFO] [net.minecraft.world.item.crafting.RecipeManager/]: Skipping loading recipe delightful:knives/soul_steel_knife as it's serializer returned null
[28Aug2026 00:20:26.558] [main/INFO] [net.minecraft.world.item.crafting.RecipeManager/]: Skipping loading recipe delightful:knives/mixing/blazing_knife as it's serializer returned null
[28Aug2026 00:20:26.559] [main/INFO] [net.minecraft.world.item.crafting.RecipeManager/]: Skipping loading recipe delightful:integration/immersive_weathering/tallow_from_animal_fat as it's serializer returned null
[28Aug2026 00:20:26.559] [main/INFO] [net.minecraft.world.item.crafting.RecipeManager/]: Skipping loading recipe atmospheric:kousa_furnace_boat as it's serializer returned null
[28Aug2026 00:20:26.561] [main/ERROR] [net.minecraft.world.item.crafting.RecipeManager/]: Parsing error loading recipe betterwithminecolonies:create/stupid_chorus_fruit: com.google.gson.JsonSyntaxException: Missing type, expected to find a string
[28Aug2026 00:20:26.561] [main/INFO] [net.minecraft.world.item.crafting.RecipeManager/]: Skipping loading recipe woodworks:environmental/willow_pressure_plate_from_willow_logs_sawing as it's serializer returned null
[28Aug2026 00:20:26.562] [main/INFO] [net.minecraft.world.item.crafting.RecipeManager/]: Skipping loading recipe woodworks:upgrade_aquatic/river_sign_from_river_logs_sawing as it's serializer returned null
[28Aug2026 00:20:26.563] [main/ERROR] [net.minecraft.world.item.crafting.RecipeManager/]: Parsing error loading recipe forbidden_arcanus:corrupted_pixie: com.google.gson.JsonSyntaxException: Unknown item 'forbidden_arcanus:dark_soul'
[28Aug2026 00:20:26.563] [main/INFO] [net.minecraft.world.item.crafting.RecipeManager/]: Skipping loading recipe woodworks:environmental/cherry_button_from_cherry_planks_sawing as it's serializer returned null
[28Aug2026 00:20:26.564] [main/INFO] [net.minecraft.world.item.crafting.RecipeManager/]: Skipping loading recipe delightful:salmonberry_ice_cream_block as it's serializer returned null
[28Aug2026 00:20:26.564] [main/INFO] [net.minecraft.world.item.crafting.RecipeManager/]: Skipping loading recipe woodworks:autumnity/maple_button_from_maple_logs_sawing as it's serializer returned null
[28Aug2026 00:20:26.564] [main/INFO] [net.minecraft.world.item.crafting.RecipeManager/]: Skipping loading recipe delightful:knives/smelting/electrum_thermal as it's serializer returned null
[28Aug2026 00:20:26.565] [main/INFO] [net.minecraft.world.item.crafting.RecipeManager/]: Skipping loading recipe delightful:knives/blasting/silver_thermal as it's serializer returned null
[28Aug2026 00:20:26.565] [main/INFO] [net.minecraft.world.item.crafting.RecipeManager/]: Skipping loading recipe woodworks:upgrade_aquatic/driftwood_ladder_from_driftwood_logs_sawing as it's serializer returned null
[28Aug2026 00:20:26.566] [main/INFO] [net.minecraft.world.item.crafting.RecipeManager/]: Skipping loading recipe clayworks:nether_extension/cracked_warped_nether_bricks_from_baking as it's serializer returned null
[28Aug2026 00:20:26.567] [main/INFO] [net.minecraft.world.item.crafting.RecipeManager/]: Skipping loading recipe delightful:food/berry_matcha_latte_neapolitan as it's serializer returned null
[28Aug2026 00:20:26.567] [main/INFO] [net.minecraft.world.item.crafting.RecipeManager/]: Skipping loading recipe woodworks:upgrade_aquatic/driftwood_trapdoor_from_driftwood_logs_sawing as it's serializer returned null
[28Aug2026 00:20:26.568] [main/INFO] [net.minecraft.world.item.crafting.RecipeManager/]: Skipping loading recipe woodworks:environmental/wisteria_sign_from_wisteria_logs_sawing as it's serializer returned null
[28Aug2026 00:20:26.568] [main/INFO] [net.minecraft.world.item.crafting.RecipeManager/]: Skipping loading recipe delightful:knives/blasting/bone/bone_meal_from_blasting_sword as it's serializer returned null
[28Aug2026 00:20:26.568] [main/INFO] [net.minecraft.world.item.crafting.RecipeManager/]: Skipping loading recipe atmospheric:grimwood_furnace_boat as it's serializer returned null
[28Aug2026 00:20:26.568] [main/INFO] [net.minecraft.world.item.crafting.RecipeManager/]: Skipping loading recipe woodworks:upgrade_aquatic/driftwood_ladder_from_driftwood_planks_sawing as it's serializer returned null
[28Aug2026 00:20:26.574] [main/INFO] [net.minecraft.world.item.crafting.RecipeManager/]: Skipping loading recipe woodworks:endergetic/poise_sign_from_poise_stems_sawing as it's serializer returned null
[28Aug2026 00:20:26.581] [main/INFO] [net.minecraft.world.item.crafting.RecipeManager/]: Skipping loading recipe woodworks:upgrade_aquatic/driftwood_slab_from_driftwood_planks_sawing as it's serializer returned null
[28Aug2026 00:20:26.581] [main/INFO] [net.minecraft.world.item.crafting.RecipeManager/]: Skipping loading recipe woodworks:caverns_and_chasms/azalea_planks_from_azalea_logs_sawing as it's serializer returned null
[28Aug2026 00:20:26.582] [main/INFO] [net.minecraft.world.item.crafting.RecipeManager/]: Skipping loading recipe atmospheric:rosewood_furnace_boat as it's serializer returned null
[28Aug2026 00:20:26.587] [main/INFO] [net.minecraft.world.item.crafting.RecipeManager/]: Skipping loading recipe delightful:smoking/cooked_goat as it's serializer returned null
[28Aug2026 00:20:26.587] [main/INFO] [net.minecraft.world.item.crafting.RecipeManager/]: Skipping loading recipe delightful:food/deluxe_cheeseburger_from_bun as it's serializer returned null
[28Aug2026 00:20:26.587] [main/INFO] [net.minecraft.world.item.crafting.RecipeManager/]: Skipping loading recipe delightful:food/matcha_ice_cream as it's serializer returned null
[28Aug2026 00:20:26.587] [main/INFO] [net.minecraft.world.item.crafting.RecipeManager/]: Skipping loading recipe woodworks:autumnity/maple_stairs_from_maple_planks_sawing as it's serializer returned null
[28Aug2026 00:20:26.588] [main/INFO] [net.minecraft.world.item.crafting.RecipeManager/]: Skipping loading recipe twilightforest:jeed/resistance as it's serializer returned null
[28Aug2026 00:20:26.589] [main/INFO] [net.minecraft.world.item.crafting.RecipeManager/]: Skipping loading recipe woodworks:autumnity/maple_boards_from_maple_planks_sawing as it's serializer returned null
[28Aug2026 00:20:26.590] [main/INFO] [net.minecraft.world.item.crafting.RecipeManager/]: Skipping loading recipe woodworks:autumnity/maple_fence_gate_from_maple_logs_sawing as it's serializer returned null
[28Aug2026 00:20:26.590] [main/INFO] [net.minecraft.world.item.crafting.RecipeManager/]: Skipping loading recipe woodworks:environmental/cherry_fence_from_cherry_planks_sawing as it's serializer returned null
[28Aug2026 00:20:26.590] [main/INFO] [net.minecraft.world.item.crafting.RecipeManager/]: Skipping loading recipe minecraft:beehive as it's serializer returned null
[28Aug2026 00:20:26.591] [main/INFO] [net.minecraft.world.item.crafting.RecipeManager/]: Skipping loading recipe woodworks:environmental/cherry_ladder_from_cherry_logs_sawing as it's serializer returned null
[28Aug2026 00:20:26.591] [main/INFO] [net.minecraft.world.item.crafting.RecipeManager/]: Skipping loading recipe delightful:knives/smelting/bronze_mekanism as it's serializer returned null
[28Aug2026 00:20:26.592] [main/INFO] [net.minecraft.world.item.crafting.RecipeManager/]: Skipping loading recipe woodworks:upgrade_aquatic/river_stairs_from_river_logs_sawing as it's serializer returned null
[28Aug2026 00:20:26.593] [main/INFO] [net.minecraft.world.item.crafting.RecipeManager/]: Skipping loading recipe wildberries:sweet_berry_pie as it's serializer returned null
[28Aug2026 00:20:26.594] [main/INFO] [net.minecraft.world.item.crafting.RecipeManager/]: Skipping loading recipe delightful:knives/blasting/nickel_thermal as it's serializer returned null
[28Aug2026 00:20:26.594] [main/INFO] [net.minecraft.world.item.crafting.RecipeManager/]: Skipping loading recipe wildberries:glow_berry_pie_craft as it's serializer returned null
[28Aug2026 00:20:26.600] [main/INFO] [net.minecraft.world.item.crafting.RecipeManager/]: Skipping loading recipe woodworks:caverns_and_chasms/azalea_sign_from_azalea_logs_sawing as it's serializer returned null
[28Aug2026 00:20:26.601] [main/INFO] [net.minecraft.world.item.crafting.RecipeManager/]: Skipping loading recipe delightful:knives/allthemodium_knife as it's serializer returned null
[28Aug2026 00:20:26.605] [main/WARN] [com.simibubi.create.Create/]: Your custom createaddition:rolling/copper_plate recipe (createaddition:rolling/copper_plate) specified a duration. Durations have no impact on this type of recipe.
[28Aug2026 00:20:26.606] [main/INFO] [net.minecraft.world.item.crafting.RecipeManager/]: Skipping loading recipe delightful:food/smore as it's serializer returned null
[28Aug2026 00:20:26.607] [main/INFO] [net.minecraft.world.item.crafting.RecipeManager/]: Skipping loading recipe wildberries:blueberry_pie_from_slices as it's serializer returned null
[28Aug2026 00:20:26.611] [main/INFO] [net.minecraft.world.item.crafting.RecipeManager/]: Skipping loading recipe delightful:food/nut_butter_and_jelly_sandwich_from_bread_slice as it's serializer returned null
[28Aug2026 00:20:26.611] [main/INFO] [net.minecraft.world.item.crafting.RecipeManager/]: Skipping loading recipe woodworks:environmental/cherry_button_from_cherry_logs_sawing as it's serializer returned null
[28Aug2026 00:20:26.612] [main/INFO] [net.minecraft.world.item.crafting.RecipeManager/]: Skipping loading recipe delightful:knives/blasting/lead_thermal as it's serializer returned null
[28Aug2026 00:20:26.612] [main/INFO] [net.minecraft.world.item.crafting.RecipeManager/]: Skipping loading recipe woodworks:upgrade_aquatic/driftwood_planks_from_driftwood_logs_sawing as it's serializer returned null
[28Aug2026 00:20:26.613] [main/INFO] [net.minecraft.world.item.crafting.RecipeManager/]: Skipping loading recipe delightful:knives/sinisite_knife as it's serializer returned null
[28Aug2026 00:20:26.613] [main/INFO] [net.minecraft.world.item.crafting.RecipeManager/]: Skipping loading recipe woodworks:environmental/wisteria_fence_from_wisteria_planks_sawing as it's serializer returned null
[28Aug2026 00:20:26.613] [main/INFO] [net.minecraft.world.item.crafting.RecipeManager/]: Skipping loading recipe delightful:food/cooking/coconut_curry as it's serializer returned null
[28Aug2026 00:20:26.614] [main/INFO] [net.minecraft.world.item.crafting.RecipeManager/]: Skipping loading recipe delightful:knives/blasting/bronze_mekanism as it's serializer returned null
[28Aug2026 00:20:26.615] [main/INFO] [net.minecraft.world.item.crafting.RecipeManager/]: Skipping loading recipe delightful:knives/adamantium_knife as it's serializer returned null
[28Aug2026 00:20:26.616] [main/INFO] [net.minecraft.world.item.crafting.RecipeManager/]: Skipping loading recipe delightful:integration/wildberries/unpack_blueberry_sack as it's serializer returned null
[28Aug2026 00:20:26.616] [main/INFO] [net.minecraft.world.item.crafting.RecipeManager/]: Skipping loading recipe wildberries:sweet_berry_pie_from_slices as it's serializer returned null
[28Aug2026 00:20:26.616] [main/INFO] [net.minecraft.world.item.crafting.RecipeManager/]: Skipping loading recipe woodworks:autumnity/maple_planks_from_maple_logs_sawing as it's serializer returned null
[28Aug2026 00:20:26.616] [main/INFO] [net.minecraft.world.item.crafting.RecipeManager/]: Skipping loading recipe woodworks:autumnity/maple_pressure_plate_from_maple_logs_sawing as it's serializer returned null
[28Aug2026 00:20:26.617] [main/INFO] [net.minecraft.world.item.crafting.RecipeManager/]: Skipping loading recipe delightful:knives/manasteel_knife as it's serializer returned null
[28Aug2026 00:20:26.618] [main/INFO] [net.minecraft.world.item.crafting.RecipeManager/]: Skipping loading recipe delightful:integration/rottenleather/chunk_nugget as it's serializer returned null
[28Aug2026 00:20:26.618] [main/INFO] [net.minecraft.world.item.crafting.RecipeManager/]: Skipping loading recipe delightful:knives/elementium_knife as it's serializer returned null
[28Aug2026 00:20:26.618] [main/INFO] [net.minecraft.world.item.crafting.RecipeManager/]: Skipping loading recipe woodworks:upgrade_aquatic/river_ladder_from_river_planks_sawing as it's serializer returned null
[28Aug2026 00:20:26.619] [main/INFO] [net.minecraft.world.item.crafting.RecipeManager/]: Skipping loading recipe woodworks:caverns_and_chasms/azalea_fence_gate_from_azalea_logs_sawing as it's serializer returned null
[28Aug2026 00:20:26.619] [main/INFO] [net.minecraft.world.item.crafting.RecipeManager/]: Skipping loading recipe woodworks:environmental/willow_ladder_from_willow_planks_sawing as it's serializer returned null
[28Aug2026 00:20:26.619] [main/INFO] [net.minecraft.world.item.crafting.RecipeManager/]: Skipping loading recipe woodworks:environmental/pine_ladder_from_pine_planks_sawing as it's serializer returned null
[28Aug2026 00:20:26.623] [main/INFO] [net.minecraft.world.item.crafting.RecipeManager/]: Skipping loading recipe delightful:food/salmonberry_ice_cream as it's serializer returned null
[28Aug2026 00:20:26.623] [main/INFO] [net.minecraft.world.item.crafting.RecipeManager/]: Skipping loading recipe delightful:food/berry_matcha_latte_from_matcha_latte_neapolitan as it's serializer returned null
[28Aug2026 00:20:26.624] [main/INFO] [net.minecraft.world.item.crafting.RecipeManager/]: Skipping loading recipe woodworks:environmental/cherry_stairs_from_cherry_planks_sawing as it's serializer returned null
[28Aug2026 00:20:26.625] [main/INFO] [net.minecraft.world.item.crafting.RecipeManager/]: Skipping loading recipe woodworks:endergetic/poise_stairs_from_poise_stems_sawing as it's serializer returned null
[28Aug2026 00:20:26.626] [main/INFO] [net.minecraft.world.item.crafting.RecipeManager/]: Skipping loading recipe biomemakeover:glowshroom_stew as it's serializer returned null
[28Aug2026 00:20:26.627] [main/INFO] [net.minecraft.world.item.crafting.RecipeManager/]: Skipping loading recipe delightful:knives/smithing/forgotten_knife as it's serializer returned null
[28Aug2026 00:20:26.627] [main/INFO] [net.minecraft.world.item.crafting.RecipeManager/]: Skipping loading recipe delightful:knives/smelting/bone/knife_minecraft as it's serializer returned null
[28Aug2026 00:20:26.628] [main/INFO] [net.minecraft.world.item.crafting.RecipeManager/]: Skipping loading recipe delightful:food/cheeseburger_from_bun as it's serializer returned null
[28Aug2026 00:20:26.636] [main/INFO] [net.minecraft.world.item.crafting.RecipeManager/]: Skipping loading recipe woodworks:upgrade_aquatic/river_button_from_river_logs_sawing as it's serializer returned null
[28Aug2026 00:20:26.636] [main/INFO] [net.minecraft.world.item.crafting.RecipeManager/]: Skipping loading recipe atmospheric:large_grimwood_boat as it's serializer returned null
[28Aug2026 00:20:26.637] [main/INFO] [net.minecraft.world.item.crafting.RecipeManager/]: Skipping loading recipe woodworks:environmental/wisteria_boards_from_wisteria_planks_sawing as it's serializer returned null
[28Aug2026 00:20:26.640] [main/INFO] [net.minecraft.world.item.crafting.RecipeManager/]: Skipping loading recipe woodworks:environmental/pine_button_from_pine_planks_sawing as it's serializer returned null
[28Aug2026 00:20:26.640] [main/INFO] [net.minecraft.world.item.crafting.RecipeManager/]: Skipping loading recipe woodworks:environmental/wisteria_fence_gate_from_wisteria_logs_sawing as it's serializer returned null
[28Aug2026 00:20:26.642] [main/ERROR] [net.minecraft.world.item.crafting.RecipeManager/]: Parsing error loading recipe dramaticdoors:short_chestnut_door: com.google.gson.JsonSyntaxException: Unknown item 'windswept:penumbra_door'
[28Aug2026 00:20:26.642] [main/ERROR] [net.minecraft.world.item.crafting.RecipeManager/]: Parsing error loading recipe dramaticdoors:short_congealed_door: com.google.gson.JsonSyntaxException: Unknown item 'enlightened_end:ebony_door'
[28Aug2026 00:20:26.643] [main/INFO] [net.minecraft.world.item.crafting.RecipeManager/]: Skipping loading recipe twilightforest:jeed/slowness as it's serializer returned null
[28Aug2026 00:20:26.645] [main/INFO] [net.minecraft.world.item.crafting.RecipeManager/]: Skipping loading recipe delightful:food/crab_rangoon_from_milk as it's serializer returned null
[28Aug2026 00:20:26.645] [main/INFO] [net.minecraft.world.item.crafting.RecipeManager/]: Skipping loading recipe delightful:knives/refined_obsidian_knife as it's serializer returned null
[28Aug2026 00:20:26.646] [main/ERROR] [net.minecraft.world.item.crafting.RecipeManager/]: Parsing error loading recipe dramaticdoors:tall_stripped_bamboo_door: com.google.gson.JsonSyntaxException: Unknown item 'twigs:stripped_bamboo_door'
[28Aug2026 00:20:26.646] [main/INFO] [net.minecraft.world.item.crafting.RecipeManager/]: Skipping loading recipe woodworks:environmental/willow_planks_from_willow_logs_sawing as it's serializer returned null
[28Aug2026 00:20:26.646] [main/INFO] [net.minecraft.world.item.crafting.RecipeManager/]: Skipping loading recipe delightful:knives/blasting/steel_mekanism as it's serializer returned null
[28Aug2026 00:20:26.647] [main/INFO] [net.minecraft.world.item.crafting.RecipeManager/]: Skipping loading recipe delightful:integration/wildberries/blueberry_sack as it's serializer returned null
[28Aug2026 00:20:26.648] [main/INFO] [net.minecraft.world.item.crafting.RecipeManager/]: Skipping loading recipe delightful:knives/smithing/gilded_netherite_knife as it's serializer returned null
[28Aug2026 00:20:26.648] [main/INFO] [net.minecraft.world.item.crafting.RecipeManager/]: Skipping loading recipe delightful:integration/biomesoplenty/huge_clover_petal as it's serializer returned null
[28Aug2026 00:20:26.651] [main/ERROR] [net.minecraft.world.item.crafting.RecipeManager/]: Parsing error loading recipe enlightened_end:smelt_void_shale_bismuth_ore: com.google.gson.JsonSyntaxException: Unknown item 'enlightened_end:deleted_mod_element'
[28Aug2026 00:20:26.661] [main/INFO] [net.minecraft.world.item.crafting.RecipeManager/]: Loaded 97 recipes
[28Aug2026 00:20:26.667] [main/WARN] [com.recipeessentials.RecipeEssentials/]: Recipe without matching ID:apotheosis:potion_charm_enchanting
[28Aug2026 00:20:26.679] [main/WARN] [com.recipeessentials.RecipeEssentials/]: Recipe without matching ID:ars_nouveau:mirror_shield_3
[28Aug2026 00:20:26.679] [main/WARN] [com.recipeessentials.RecipeEssentials/]: Recipe without matching ID:ars_nouveau:mirror_shield_2
[28Aug2026 00:20:26.679] [main/WARN] [com.recipeessentials.RecipeEssentials/]: Recipe without matching ID:ars_nouveau:mirror_shield_1
[28Aug2026 00:20:26.679] [main/WARN] [com.recipeessentials.RecipeEssentials/]: Recipe without matching ID:ars_nouveau:soulbound_1
[28Aug2026 00:20:26.687] [main/INFO] [com.teampotato.redirector.Redirector/]: Redirecting com/teamabnormals/blueprint/core/util/modification/selection/ResourceSelectorSerializers
[28Aug2026 00:20:26.690] [main/INFO] [com.teamabnormals.blueprint.core.Blueprint/]: Loot Modification Manager has loaded 6 modifier groups
[28Aug2026 00:20:26.902] [main/INFO] [com.teampotato.redirector.Redirector/]: Redirecting net/minecraft/world/level/storage/loot/functions/CopyNbtFunction$MergeStrategy
[28Aug2026 00:20:26.965] [main/ERROR] [Apotheosis : Adventure/]: Use of the "rarity" key in affix loot pool entries is deprecated and will be removed in a future release.
[28Aug2026 00:20:27.040] [main/ERROR] [net.minecraft.world.level.storage.loot.LootTables/]: Couldn't parse loot table railways:blocks/track_create_dd_smoked: com.google.gson.JsonSyntaxException: Expected name to be an item, was unknown string 'railways:track_create_dd_smoked'
[28Aug2026 00:20:27.041] [main/ERROR] [net.minecraft.world.level.storage.loot.LootTables/]: Couldn't parse loot table railways:blocks/track_hexcasting_edified_narrow: com.google.gson.JsonSyntaxException: Expected name to be an item, was unknown string 'railways:track_hexcasting_edified_narrow'
[28Aug2026 00:20:27.066] [main/ERROR] [net.minecraft.world.level.storage.loot.LootTables/]: Couldn't parse loot table railways:blocks/track_biomesoplenty_palm: com.google.gson.JsonSyntaxException: Expected name to be an item, was unknown string 'railways:track_biomesoplenty_palm'
[28Aug2026 00:20:27.199] [main/ERROR] [net.minecraft.world.level.storage.loot.LootTables/]: Couldn't parse loot table railways:blocks/track_biomesoplenty_magic_narrow: com.google.gson.JsonSyntaxException: Expected name to be an item, was unknown string 'railways:track_biomesoplenty_magic_narrow'
[28Aug2026 00:20:27.202] [main/ERROR] [net.minecraft.world.level.storage.loot.LootTables/]: Couldn't parse loot table railways:blocks/track_biomesoplenty_hellbark_wide: com.google.gson.JsonSyntaxException: Expected name to be an item, was unknown string 'railways:track_biomesoplenty_hellbark_wide'
[28Aug2026 00:20:27.215] [Forge Version Check/WARN] [net.minecraftforge.fml.VersionChecker/]: Failed to process update information
java.net.http.HttpConnectTimeoutException: HTTP connect timed out
	at jdk.internal.net.http.HttpClientImpl.send(HttpClientImpl.java:894) ~[java.net.http:?]
	at jdk.internal.net.http.HttpClientFacade.send(HttpClientFacade.java:133) ~[java.net.http:?]
	at net.minecraftforge.fml.VersionChecker$1.openUrlString(VersionChecker.java:139) ~[fmlcore-1.19.2-43.4.2.jar%23718!/:?]
	at net.minecraftforge.fml.VersionChecker$1.process(VersionChecker.java:177) ~[fmlcore-1.19.2-43.4.2.jar%23718!/:?]
	at java.lang.Iterable.forEach(Iterable.java:75) [?:?]
	at net.minecraftforge.fml.VersionChecker$1.run(VersionChecker.java:114) [fmlcore-1.19.2-43.4.2.jar%23718!/:?]
Caused by: java.net.http.HttpConnectTimeoutException: HTTP connect timed out
	at jdk.internal.net.http.ResponseTimerEvent.handle(ResponseTimerEvent.java:68) ~[java.net.http:?]
	at jdk.internal.net.http.HttpClientImpl.purgeTimeoutsAndReturnNextDeadline(HttpClientImpl.java:1693) ~[java.net.http:?]
	at jdk.internal.net.http.HttpClientImpl$SelectorManager.run(HttpClientImpl.java:1311) ~[java.net.http:?]
Caused by: java.net.ConnectException: HTTP connect timed out
	at jdk.internal.net.http.ResponseTimerEvent.handle(ResponseTimerEvent.java:69) ~[java.net.http:?]
	at jdk.internal.net.http.HttpClientImpl.purgeTimeoutsAndReturnNextDeadline(HttpClientImpl.java:1693) ~[java.net.http:?]
	at jdk.internal.net.http.HttpClientImpl$SelectorManager.run(HttpClientImpl.java:1311) ~[java.net.http:?]
[28Aug2026 00:20:27.216] [Forge Version Check/INFO] [net.minecraftforge.fml.VersionChecker/]: [highlighter] Starting version check at https://mc-update-check.anthonyhilyard.com/521590
[28Aug2026 00:20:27.253] [main/ERROR] [net.minecraft.world.level.storage.loot.LootTables/]: Couldn't parse loot table railways:blocks/track_biomesoplenty_fir_narrow: com.google.gson.JsonSyntaxException: Expected name to be an item, was unknown string 'railways:track_biomesoplenty_fir_narrow'
[28Aug2026 00:20:27.328] [main/ERROR] [net.minecraft.world.level.storage.loot.LootTables/]: Couldn't parse loot table railways:blocks/track_hexcasting_edified: com.google.gson.JsonSyntaxException: Expected name to be an item, was unknown string 'railways:track_hexcasting_edified'
[28Aug2026 00:20:27.399] [main/ERROR] [net.minecraft.world.level.storage.loot.LootTables/]: Couldn't parse loot table railways:blocks/track_biomesoplenty_dead_wide: com.google.gson.JsonSyntaxException: Expected name to be an item, was unknown string 'railways:track_biomesoplenty_dead_wide'
[28Aug2026 00:20:27.514] [main/ERROR] [net.minecraft.world.level.storage.loot.LootTables/]: Couldn't parse loot table railways:blocks/track_create_dd_smoked_wide: com.google.gson.JsonSyntaxException: Expected name to be an item, was unknown string 'railways:track_create_dd_smoked_wide'
[28Aug2026 00:20:27.515] [main/ERROR] [net.minecraft.world.level.storage.loot.LootTables/]: Couldn't parse loot table railways:blocks/track_biomesoplenty_cherry_narrow: com.google.gson.JsonSyntaxException: Expected name to be an item, was unknown string 'railways:track_biomesoplenty_cherry_narrow'
[28Aug2026 00:20:27.524] [main/ERROR] [net.minecraft.world.level.storage.loot.LootTables/]: Couldn't parse loot table railways:blocks/track_biomesoplenty_willow_wide: com.google.gson.JsonSyntaxException: Expected name to be an item, was unknown string 'railways:track_biomesoplenty_willow_wide'
[28Aug2026 00:20:27.548] [main/INFO] [com.teampotato.redirector.Redirector/]: Redirecting com/legacy/blue_skies/items/util/IRarityItem$SkiesRarity
[28Aug2026 00:20:27.619] [main/ERROR] [net.minecraft.world.level.storage.loot.LootTables/]: Couldn't parse loot table railways:blocks/track_biomesoplenty_mahogany_narrow: com.google.gson.JsonSyntaxException: Expected name to be an item, was unknown string 'railways:track_biomesoplenty_mahogany_narrow'
[28Aug2026 00:20:27.640] [main/ERROR] [net.minecraft.world.level.storage.loot.LootTables/]: Couldn't parse loot table railways:blocks/track_create_dd_rose_wide: com.google.gson.JsonSyntaxException: Expected name to be an item, was unknown string 'railways:track_create_dd_rose_wide'
[28Aug2026 00:20:27.665] [main/ERROR] [net.minecraft.world.level.storage.loot.LootTables/]: Couldn't parse loot table railways:blocks/track_create_dd_rubber_narrow: com.google.gson.JsonSyntaxException: Expected name to be an item, was unknown string 'railways:track_create_dd_rubber_narrow'
[28Aug2026 00:20:27.689] [main/ERROR] [net.minecraft.world.level.storage.loot.LootTables/]: Couldn't parse loot table railways:blocks/track_biomesoplenty_willow: com.google.gson.JsonSyntaxException: Expected name to be an item, was unknown string 'railways:track_biomesoplenty_willow'
[28Aug2026 00:20:27.786] [main/ERROR] [net.minecraft.world.level.storage.loot.LootTables/]: Couldn't parse loot table railways:blocks/track_biomesoplenty_umbran_narrow: com.google.gson.JsonSyntaxException: Expected name to be an item, was unknown string 'railways:track_biomesoplenty_umbran_narrow'
[28Aug2026 00:20:27.790] [main/ERROR] [net.minecraft.world.level.storage.loot.LootTables/]: Couldn't parse loot table railways:blocks/track_biomesoplenty_mahogany: com.google.gson.JsonSyntaxException: Expected name to be an item, was unknown string 'railways:track_biomesoplenty_mahogany'
[28Aug2026 00:20:27.889] [main/ERROR] [net.minecraft.world.level.storage.loot.LootTables/]: Couldn't parse loot table railways:blocks/track_biomesoplenty_umbran_wide: com.google.gson.JsonSyntaxException: Expected name to be an item, was unknown string 'railways:track_biomesoplenty_umbran_wide'
[28Aug2026 00:20:27.969] [main/ERROR] [net.minecraft.world.level.storage.loot.LootTables/]: Couldn't parse loot table railways:blocks/track_biomesoplenty_cherry: com.google.gson.JsonSyntaxException: Expected name to be an item, was unknown string 'railways:track_biomesoplenty_cherry'
[28Aug2026 00:20:28.001] [main/ERROR] [net.minecraft.world.level.storage.loot.LootTables/]: Couldn't parse loot table railways:blocks/track_create_dd_rubber_wide: com.google.gson.JsonSyntaxException: Expected name to be an item, was unknown string 'railways:track_create_dd_rubber_wide'
[28Aug2026 00:20:28.016] [main/ERROR] [net.minecraft.world.level.storage.loot.LootTables/]: Couldn't parse loot table railways:blocks/track_biomesoplenty_palm_wide: com.google.gson.JsonSyntaxException: Expected name to be an item, was unknown string 'railways:track_biomesoplenty_palm_wide'
[28Aug2026 00:20:28.031] [main/ERROR] [net.minecraft.world.level.storage.loot.LootTables/]: Couldn't parse loot table railways:blocks/track_biomesoplenty_magic: com.google.gson.JsonSyntaxException: Expected name to be an item, was unknown string 'railways:track_biomesoplenty_magic'
[28Aug2026 00:20:28.042] [main/ERROR] [net.minecraft.world.level.storage.loot.LootTables/]: Couldn't parse loot table railways:blocks/track_biomesoplenty_palm_narrow: com.google.gson.JsonSyntaxException: Expected name to be an item, was unknown string 'railways:track_biomesoplenty_palm_narrow'
[28Aug2026 00:20:28.046] [main/ERROR] [net.minecraft.world.level.storage.loot.LootTables/]: Couldn't parse loot table railways:blocks/track_biomesoplenty_jacaranda_narrow: com.google.gson.JsonSyntaxException: Expected name to be an item, was unknown string 'railways:track_biomesoplenty_jacaranda_narrow'
[28Aug2026 00:20:28.067] [main/ERROR] [net.minecraft.world.level.storage.loot.LootTables/]: Couldn't parse loot table railways:blocks/track_biomesoplenty_redwood_wide: com.google.gson.JsonSyntaxException: Expected name to be an item, was unknown string 'railways:track_biomesoplenty_redwood_wide'
[28Aug2026 00:20:28.071] [main/ERROR] [net.minecraft.world.level.storage.loot.LootTables/]: Couldn't parse loot table railways:blocks/track_biomesoplenty_willow_narrow: com.google.gson.JsonSyntaxException: Expected name to be an item, was unknown string 'railways:track_biomesoplenty_willow_narrow'
[28Aug2026 00:20:28.129] [main/ERROR] [Apotheosis : Adventure/]: Use of the "rarity" key in affix loot pool entries is deprecated and will be removed in a future release.
[28Aug2026 00:20:28.129] [main/ERROR] [Apotheosis : Adventure/]: Use of the "rarity" key in affix loot pool entries is deprecated and will be removed in a future release.
[28Aug2026 00:20:28.137] [main/ERROR] [net.minecraft.world.level.storage.loot.LootTables/]: Couldn't parse loot table railways:blocks/track_biomesoplenty_jacaranda_wide: com.google.gson.JsonSyntaxException: Expected name to be an item, was unknown string 'railways:track_biomesoplenty_jacaranda_wide'
[28Aug2026 00:20:28.238] [main/ERROR] [net.minecraft.world.level.storage.loot.LootTables/]: Couldn't parse loot table railways:blocks/track_create_dd_spirit: com.google.gson.JsonSyntaxException: Expected name to be an item, was unknown string 'railways:track_create_dd_spirit'
[28Aug2026 00:20:28.315] [main/ERROR] [net.minecraft.world.level.storage.loot.LootTables/]: Couldn't parse loot table railways:blocks/track_create_dd_spirit_narrow: com.google.gson.JsonSyntaxException: Expected name to be an item, was unknown string 'railways:track_create_dd_spirit_narrow'
[28Aug2026 00:20:28.327] [main/ERROR] [net.minecraft.world.level.storage.loot.LootTables/]: Couldn't parse loot table railways:blocks/track_create_dd_rubber: com.google.gson.JsonSyntaxException: Expected name to be an item, was unknown string 'railways:track_create_dd_rubber'
[28Aug2026 00:20:28.377] [main/ERROR] [net.minecraft.world.level.storage.loot.LootTables/]: Couldn't parse loot table railways:blocks/track_biomesoplenty_dead: com.google.gson.JsonSyntaxException: Expected name to be an item, was unknown string 'railways:track_biomesoplenty_dead'
[28Aug2026 00:20:28.419] [main/ERROR] [net.minecraft.world.level.storage.loot.LootTables/]: Couldn't parse loot table railways:blocks/track_biomesoplenty_umbran: com.google.gson.JsonSyntaxException: Expected name to be an item, was unknown string 'railways:track_biomesoplenty_umbran'
[28Aug2026 00:20:28.533] [main/ERROR] [net.minecraft.world.level.storage.loot.LootTables/]: Couldn't parse loot table railways:blocks/track_biomesoplenty_fir: com.google.gson.JsonSyntaxException: Expected name to be an item, was unknown string 'railways:track_biomesoplenty_fir'
[28Aug2026 00:20:28.555] [main/ERROR] [net.minecraft.world.level.storage.loot.LootTables/]: Couldn't parse loot table railways:blocks/track_biomesoplenty_jacaranda: com.google.gson.JsonSyntaxException: Expected name to be an item, was unknown string 'railways:track_biomesoplenty_jacaranda'
[28Aug2026 00:20:28.562] [main/ERROR] [net.minecraft.world.level.storage.loot.LootTables/]: Couldn't parse loot table railways:blocks/track_biomesoplenty_hellbark: com.google.gson.JsonSyntaxException: Expected name to be an item, was unknown string 'railways:track_biomesoplenty_hellbark'
[28Aug2026 00:20:28.605] [main/ERROR] [net.minecraft.world.level.storage.loot.LootTables/]: Couldn't parse loot table railways:blocks/track_create_dd_rose: com.google.gson.JsonSyntaxException: Expected name to be an item, was unknown string 'railways:track_create_dd_rose'
[28Aug2026 00:20:28.632] [main/ERROR] [net.minecraft.world.level.storage.loot.LootTables/]: Couldn't parse loot table railways:blocks/track_biomesoplenty_mahogany_wide: com.google.gson.JsonSyntaxException: Expected name to be an item, was unknown string 'railways:track_biomesoplenty_mahogany_wide'
[28Aug2026 00:20:28.639] [main/ERROR] [net.minecraft.world.level.storage.loot.LootTables/]: Couldn't parse loot table railways:blocks/track_biomesoplenty_magic_wide: com.google.gson.JsonSyntaxException: Expected name to be an item, was unknown string 'railways:track_biomesoplenty_magic_wide'
[28Aug2026 00:20:28.674] [main/ERROR] [net.minecraft.world.level.storage.loot.LootTables/]: Couldn't parse loot table railways:blocks/track_create_dd_rose_narrow: com.google.gson.JsonSyntaxException: Expected name to be an item, was unknown string 'railways:track_create_dd_rose_narrow'
[28Aug2026 00:20:28.690] [main/ERROR] [net.minecraft.world.level.storage.loot.LootTables/]: Couldn't parse loot table railways:blocks/track_biomesoplenty_dead_narrow: com.google.gson.JsonSyntaxException: Expected name to be an item, was unknown string 'railways:track_biomesoplenty_dead_narrow'
[28Aug2026 00:20:28.809] [main/ERROR] [net.minecraft.world.level.storage.loot.LootTables/]: Couldn't parse loot table railways:blocks/track_biomesoplenty_redwood: com.google.gson.JsonSyntaxException: Expected name to be an item, was unknown string 'railways:track_biomesoplenty_redwood'
[28Aug2026 00:20:28.868] [main/ERROR] [net.minecraft.world.level.storage.loot.LootTables/]: Couldn't parse loot table railways:blocks/track_hexcasting_edified_wide: com.google.gson.JsonSyntaxException: Expected name to be an item, was unknown string 'railways:track_hexcasting_edified_wide'
[28Aug2026 00:20:28.880] [main/ERROR] [net.minecraft.world.level.storage.loot.LootTables/]: Couldn't parse loot table railways:blocks/track_biomesoplenty_cherry_wide: com.google.gson.JsonSyntaxException: Expected name to be an item, was unknown string 'railways:track_biomesoplenty_cherry_wide'
[28Aug2026 00:20:28.881] [main/ERROR] [net.minecraft.world.level.storage.loot.LootTables/]: Couldn't parse loot table railways:blocks/track_biomesoplenty_fir_wide: com.google.gson.JsonSyntaxException: Expected name to be an item, was unknown string 'railways:track_biomesoplenty_fir_wide'
[28Aug2026 00:20:28.932] [main/ERROR] [net.minecraft.world.level.storage.loot.LootTables/]: Couldn't parse loot table railways:blocks/track_biomesoplenty_hellbark_narrow: com.google.gson.JsonSyntaxException: Expected name to be an item, was unknown string 'railways:track_biomesoplenty_hellbark_narrow'
[28Aug2026 00:20:28.973] [main/ERROR] [net.minecraft.world.level.storage.loot.LootTables/]: Couldn't parse loot table railways:blocks/track_create_dd_spirit_wide: com.google.gson.JsonSyntaxException: Expected name to be an item, was unknown string 'railways:track_create_dd_spirit_wide'
[28Aug2026 00:20:29.038] [main/ERROR] [net.minecraft.world.level.storage.loot.LootTables/]: Couldn't parse loot table railways:blocks/track_biomesoplenty_redwood_narrow: com.google.gson.JsonSyntaxException: Expected name to be an item, was unknown string 'railways:track_biomesoplenty_redwood_narrow'
[28Aug2026 00:20:29.040] [main/ERROR] [net.minecraft.world.level.storage.loot.LootTables/]: Couldn't parse loot table railways:blocks/track_create_dd_smoked_narrow: com.google.gson.JsonSyntaxException: Expected name to be an item, was unknown string 'railways:track_create_dd_smoked_narrow'
[28Aug2026 00:20:29.142] [main/WARN] [net.minecraft.world.level.storage.loot.LootTables/]: Found validation problem in {iter_rpg:entities/weeper}.pools[1].entries[1].functions[1]: Parameters [<parameter minecraft:tool>] are not provided in this context
[28Aug2026 00:20:29.142] [main/WARN] [net.minecraft.world.level.storage.loot.LootTables/]: Found validation problem in {iter_rpg:entities/fire_elemental}.pools[1].entries[0].functions[1]: Parameters [<parameter minecraft:tool>] are not provided in this context
[28Aug2026 00:20:29.142] [main/WARN] [net.minecraft.world.level.storage.loot.LootTables/]: Found validation problem in {iter_rpg:entities/griever}.pools[0].entries[0].functions[1]: Parameters [<parameter minecraft:tool>] are not provided in this context
[28Aug2026 00:20:29.142] [main/WARN] [net.minecraft.world.level.storage.loot.LootTables/]: Found validation problem in {iter_rpg:entities/sorrowsealed}.pools[1].entries[0].functions[1]: Parameters [<parameter minecraft:tool>] are not provided in this context
[28Aug2026 00:20:29.142] [main/WARN] [net.minecraft.world.level.storage.loot.LootTables/]: Found validation problem in {iter_rpg:entities/mournstone}.pools[0].entries[0].functions[1]: Parameters [<parameter minecraft:tool>] are not provided in this context
[28Aug2026 00:20:29.142] [main/WARN] [net.minecraft.world.level.storage.loot.LootTables/]: Found validation problem in {iter_rpg:entities/water_elemental}.pools[1].entries[0].functions[1]: Parameters [<parameter minecraft:tool>] are not provided in this context
[28Aug2026 00:20:29.142] [main/WARN] [net.minecraft.world.level.storage.loot.LootTables/]: Found validation problem in {iter_rpg:entities/sorrowsealed}.pools[0].entries[0].functions[1]: Parameters [<parameter minecraft:tool>] are not provided in this context
[28Aug2026 00:20:29.142] [main/WARN] [net.minecraft.world.level.storage.loot.LootTables/]: Found validation problem in {sons_of_sins:entities/prowler}.pools[0].entries[0].functions[1]: Parameters [<parameter minecraft:tool>] are not provided in this context
[28Aug2026 00:20:29.142] [main/WARN] [net.minecraft.world.level.storage.loot.LootTables/]: Found validation problem in {iter_rpg:entities/giant_spider}.pools[0].entries[2].functions[1]: Parameters [<parameter minecraft:tool>] are not provided in this context
[28Aug2026 00:20:29.142] [main/WARN] [net.minecraft.world.level.storage.loot.LootTables/]: Found validation problem in {sons_of_sins:entities/butcher}.pools[0].entries[0].functions[1]: Parameters [<parameter minecraft:tool>] are not provided in this context
[28Aug2026 00:20:29.142] [main/WARN] [net.minecraft.world.level.storage.loot.LootTables/]: Found validation problem in {iter_rpg:entities/griever}.pools[1].entries[1].functions[1]: Parameters [<parameter minecraft:tool>] are not provided in this context
[28Aug2026 00:20:29.142] [main/WARN] [net.minecraft.world.level.storage.loot.LootTables/]: Found validation problem in {iter_rpg:entities/weeper}.pools[0].entries[0].functions[1]: Parameters [<parameter minecraft:tool>] are not provided in this context
[28Aug2026 00:20:29.142] [main/WARN] [net.minecraft.world.level.storage.loot.LootTables/]: Found validation problem in {iter_rpg:entities/mournstone}.pools[1].entries[0].functions[1]: Parameters [<parameter minecraft:tool>] are not provided in this context
[28Aug2026 00:20:29.142] [main/WARN] [net.minecraft.world.level.storage.loot.LootTables/]: Found validation problem in {sons_of_sins:entities/walking_bed}.pools[0].entries[0].functions[1]: Parameters [<parameter minecraft:tool>] are not provided in this context
[28Aug2026 00:20:29.142] [main/WARN] [net.minecraft.world.level.storage.loot.LootTables/]: Found validation problem in {iter_rpg:entities/giant_spider}.pools[0].entries[1].functions[1]: Parameters [<parameter minecraft:tool>] are not provided in this context
[28Aug2026 00:20:29.142] [main/WARN] [net.minecraft.world.level.storage.loot.LootTables/]: Found validation problem in {iter_rpg:entities/griever}.pools[0].entries[1].functions[1]: Parameters [<parameter minecraft:tool>] are not provided in this context
[28Aug2026 00:20:29.143] [main/WARN] [net.minecraft.world.level.storage.loot.LootTables/]: Found validation problem in {iter_rpg:entities/griever}.pools[1].entries[0].functions[1]: Parameters [<parameter minecraft:tool>] are not provided in this context
[28Aug2026 00:20:29.143] [main/WARN] [net.minecraft.world.level.storage.loot.LootTables/]: Found validation problem in {iter_rpg:entities/mournstone}.pools[1].entries[1].functions[1]: Parameters [<parameter minecraft:tool>] are not provided in this context
[28Aug2026 00:20:29.143] [main/WARN] [net.minecraft.world.level.storage.loot.LootTables/]: Found validation problem in {iter_rpg:entities/weeper}.pools[1].entries[0].functions[1]: Parameters [<parameter minecraft:tool>] are not provided in this context
[28Aug2026 00:20:29.143] [main/WARN] [net.minecraft.world.level.storage.loot.LootTables/]: Found validation problem in {iter_rpg:entities/earth_elemental}.pools[1].entries[0].functions[1]: Parameters [<parameter minecraft:tool>] are not provided in this context
[28Aug2026 00:20:29.143] [main/WARN] [net.minecraft.world.level.storage.loot.LootTables/]: Found validation problem in {iter_rpg:entities/void_elemental}.pools[0].entries[0].functions[1]: Parameters [<parameter minecraft:tool>] are not provided in this context
[28Aug2026 00:20:29.143] [main/WARN] [net.minecraft.world.level.storage.loot.LootTables/]: Found validation problem in {sons_of_sins:entities/blud}.pools[0].entries[0].functions[1]: Parameters [<parameter minecraft:tool>] are not provided in this context
[28Aug2026 00:20:29.145] [main/INFO] [placebo/]: Registered 31 additional loot tables.
[28Aug2026 00:20:29.152] [main/INFO] [com.teamabnormals.blueprint.core.Blueprint/]: Skipped modifier named 'savage_and_ravage:adventure/voluntary_exile' as its conditions were not met
[28Aug2026 00:20:29.152] [main/INFO] [com.teamabnormals.blueprint.core.Blueprint/]: Skipped modifier named 'savage_and_ravage:adventure/voluntary_exile' as its conditions were not met
[28Aug2026 00:20:29.155] [main/INFO] [com.teamabnormals.blueprint.core.Blueprint/]: Advancement Modification Manager has loaded 11 modifier groups
[28Aug2026 00:20:29.159] [main/ERROR] [net.minecraft.tags.TagLoader/]: Couldn't load tag [minotaur:tick (from collection-of-singiro-1.19.x-1.1.4.jar)] as it is missing following references: minotaur:tick (from collection-of-singiro-1.19.x-1.1.4.jar)
[28Aug2026 00:20:29.159] [main/ERROR] [net.minecraft.tags.TagLoader/]: Couldn't load tag [minotaur:load (from collection-of-singiro-1.19.x-1.1.4.jar)] as it is missing following references: minotaur:load (from collection-of-singiro-1.19.x-1.1.4.jar)
[28Aug2026 00:20:29.175] [main/ERROR] [net.minecraft.server.ServerAdvancementManager/]: Parsing error loading custom advancement delightful:recipes/cutting/cactus: Missing advancement, expected to find a JsonObject
[28Aug2026 00:20:29.186] [main/ERROR] [net.minecraft.server.ServerAdvancementManager/]: Parsing error loading custom advancement dramaticdoors:recipes/redstone/tall_congealed_door: Unknown item id 'enlightened_end:ebony_door'
[28Aug2026 00:20:29.193] [main/ERROR] [net.minecraft.server.ServerAdvancementManager/]: Parsing error loading custom advancement delightful:recipes/cutting/salmonberry_pie: Missing advancement, expected to find a JsonObject
[28Aug2026 00:20:29.211] [main/ERROR] [net.minecraft.server.ServerAdvancementManager/]: Parsing error loading custom advancement dramaticdoors:recipes/redstone/tall_stripped_bamboo_door: Unknown item id 'twigs:stripped_bamboo_door'
[28Aug2026 00:20:29.219] [main/ERROR] [net.minecraft.server.ServerAdvancementManager/]: Parsing error loading custom advancement majruszsdifficulty:recipes/misc/enderium_upgrade_smithing_template: Unknown item id 'majruszsdifficulty:enderium_upgrade_smithing_template'
[28Aug2026 00:20:29.224] [main/ERROR] [net.minecraft.server.ServerAdvancementManager/]: Parsing error loading custom advancement knightquest:recipes/misc/shinobi_chestplate: Unknown required criterion 'has_cherry_wood'
[28Aug2026 00:20:29.229] [main/ERROR] [net.minecraft.server.ServerAdvancementManager/]: Parsing error loading custom advancement knightquest:recipes/misc/shinobi_helmet: Unknown required criterion 'has_cherry_wood'
[28Aug2026 00:20:29.292] [main/ERROR] [net.minecraft.server.ServerAdvancementManager/]: Parsing error loading custom advancement knightquest:recipes/misc/empty_goblet: Missing criteria, expected to find a JsonObject
[28Aug2026 00:20:29.302] [main/ERROR] [net.minecraft.server.ServerAdvancementManager/]: Parsing error loading custom advancement delightful:recipes/cutting/cantaloupe: Missing advancement, expected to find a JsonObject
[28Aug2026 00:20:29.302] [main/ERROR] [net.minecraft.server.ServerAdvancementManager/]: Parsing error loading custom advancement knightquest:recipes/misc/shinobi_boots: Unknown required criterion 'has_cherry_wood'
[28Aug2026 00:20:29.318] [main/ERROR] [net.minecraft.server.ServerAdvancementManager/]: Parsing error loading custom advancement delightful:recipes/cutting/green_apple_pie: Missing advancement, expected to find a JsonObject
[28Aug2026 00:20:29.337] [main/ERROR] [net.minecraft.server.ServerAdvancementManager/]: Parsing error loading custom advancement delightful:recipes/cutting/mini_melon: Missing advancement, expected to find a JsonObject
[28Aug2026 00:20:29.360] [main/ERROR] [net.minecraft.server.ServerAdvancementManager/]: Parsing error loading custom advancement dramaticdoors:recipes/redstone/short_ee_ebony_door: Unknown item id 'enlightened_end:congealed_door'
[28Aug2026 00:20:29.378] [main/ERROR] [net.minecraft.server.ServerAdvancementManager/]: Parsing error loading custom advancement delightful:recipes/cutting/pumpkin_pie: Missing advancement, expected to find a JsonObject
[28Aug2026 00:20:29.400] [main/ERROR] [net.minecraft.server.ServerAdvancementManager/]: Parsing error loading custom advancement delightful:recipes/cutting/blueberry_pie: Missing advancement, expected to find a JsonObject
[28Aug2026 00:20:29.403] [main/ERROR] [net.minecraft.server.ServerAdvancementManager/]: Parsing error loading custom advancement dramaticdoors:recipes/redstone/short_congealed_door: Unknown item id 'enlightened_end:ebony_door'
[28Aug2026 00:20:29.403] [main/ERROR] [net.minecraft.server.ServerAdvancementManager/]: Parsing error loading custom advancement iter_rpg:iter_get_ametrine: Expected item to be an item, was unknown string 'iter_rpg:deleted_mod_element'
[28Aug2026 00:20:29.405] [main/ERROR] [net.minecraft.server.ServerAdvancementManager/]: Parsing error loading custom advancement dramaticdoors:recipes/redstone/tall_ee_ebony_door: Unknown item id 'enlightened_end:congealed_door'
[28Aug2026 00:20:29.406] [main/ERROR] [net.minecraft.server.ServerAdvancementManager/]: Parsing error loading custom advancement delightful:recipes/cutting/source_berry_pie: Missing advancement, expected to find a JsonObject
[28Aug2026 00:20:29.406] [main/ERROR] [net.minecraft.server.ServerAdvancementManager/]: Parsing error loading custom advancement delightful:recipes/cutting/nightshade_berry_pie: Missing advancement, expected to find a JsonObject
[28Aug2026 00:20:29.435] [main/ERROR] [net.minecraft.server.ServerAdvancementManager/]: Parsing error loading custom advancement knightquest:recipes/misc/shinobi_leggings: Unknown required criterion 'has_cherry_wood'
[28Aug2026 00:20:29.457] [main/ERROR] [net.minecraft.server.ServerAdvancementManager/]: Parsing error loading custom advancement minecraft:adventure/craft_decorated_pot_using_only_sherds: Invalid criterion trigger: minecraft:recipe_crafted
[28Aug2026 00:20:29.462] [main/ERROR] [net.minecraft.server.ServerAdvancementManager/]: Parsing error loading custom advancement delightful:recipes/cutting/crimson_berry_pie: Missing advancement, expected to find a JsonObject
[28Aug2026 00:20:29.470] [main/ERROR] [net.minecraft.server.ServerAdvancementManager/]: Parsing error loading custom advancement dramaticdoors:recipes/redstone/short_stripped_bamboo_door: Unknown item id 'twigs:stripped_bamboo_door'
[28Aug2026 00:20:29.476] [main/ERROR] [net.minecraft.server.ServerAdvancementManager/]: Parsing error loading custom advancement iter_rpg:iter_get_voidquartz: Expected item to be an item, was unknown string 'iter_rpg:deleted_mod_element'
[28Aug2026 00:20:29.495] [main/INFO] [quark/]: [Automatic Recipe Unlock] Removed 9481 recipe advancements
[28Aug2026 00:20:29.517] [main/ERROR] [net.minecraft.advancements.AdvancementList/]: Couldn't load advancement iter_rpg:elemental: Task Advancement{parentId=iter_rpg:oblivion, display=net.minecraft.advancements.DisplayInfo@2c68051d, rewards=AdvancementRewards{experience=16, loot=[], recipes=[], function=net.minecraft.commands.CommandFunction$CacheableFunction@2975a038}, criteria={elemental=net.minecraft.advancements.Criterion@7740e252}, requirements=[[elemental]]}
[28Aug2026 00:20:29.517] [main/ERROR] [net.minecraft.advancements.AdvancementList/]: Couldn't load advancement iter_rpg:iter_get_ametrine_ingot: Task Advancement{parentId=iter_rpg:iter_get_ametrine, display=net.minecraft.advancements.DisplayInfo@4e9bfba2, rewards=AdvancementRewards{experience=0, loot=[], recipes=[], function=net.minecraft.commands.CommandFunction$CacheableFunction@2975a038}, criteria={iter_get_ametrine_ingot=net.minecraft.advancements.Criterion@3eb9c251}, requirements=[[iter_get_ametrine_ingot]]}
[28Aug2026 00:20:29.518] [main/ERROR] [net.minecraft.advancements.AdvancementList/]: Couldn't load advancement undead_unleashed:it_burns: Task Advancement{parentId=undead_unleashed:deleted_mod_element, display=net.minecraft.advancements.DisplayInfo@266e70b0, rewards=AdvancementRewards{experience=0, loot=[], recipes=[], function=net.minecraft.commands.CommandFunction$CacheableFunction@2975a038}, criteria={it_burns=net.minecraft.advancements.Criterion@56b58566}, requirements=[[it_burns]]}
[28Aug2026 00:20:29.518] [main/ERROR] [net.minecraft.advancements.AdvancementList/]: Couldn't load advancement iter_rpg:oblivion: Task Advancement{parentId=iter_rpg:infernal, display=net.minecraft.advancements.DisplayInfo@4a28cdc8, rewards=AdvancementRewards{experience=0, loot=[], recipes=[], function=net.minecraft.commands.CommandFunction$CacheableFunction@2975a038}, criteria={oblivion=net.minecraft.advancements.Criterion@30ccff5e}, requirements=[[oblivion]]}
[28Aug2026 00:20:29.518] [main/ERROR] [net.minecraft.advancements.AdvancementList/]: Couldn't load advancement iter_rpg:windswept: Task Advancement{parentId=iter_rpg:seabound, display=net.minecraft.advancements.DisplayInfo@712eeb2, rewards=AdvancementRewards{experience=0, loot=[], recipes=[], function=net.minecraft.commands.CommandFunction$CacheableFunction@2975a038}, criteria={windswept=net.minecraft.advancements.Criterion@50f3c701}, requirements=[[windswept]]}
[28Aug2026 00:20:29.518] [main/ERROR] [net.minecraft.advancements.AdvancementList/]: Couldn't load advancement iter_rpg:seabound: Task Advancement{parentId=iter_rpg:druid, display=net.minecraft.advancements.DisplayInfo@48fd20bf, rewards=AdvancementRewards{experience=0, loot=[], recipes=[], function=net.minecraft.commands.CommandFunction$CacheableFunction@2975a038}, criteria={seabound=net.minecraft.advancements.Criterion@6f82d6e}, requirements=[[seabound]]}
[28Aug2026 00:20:29.518] [main/ERROR] [net.minecraft.advancements.AdvancementList/]: Couldn't load advancement iter_rpg:druid: Task Advancement{parentId=iter_rpg:iter_get_ametrine_ingot, display=net.minecraft.advancements.DisplayInfo@58bc2c39, rewards=AdvancementRewards{experience=0, loot=[], recipes=[], function=net.minecraft.commands.CommandFunction$CacheableFunction@2975a038}, criteria={druid=net.minecraft.advancements.Criterion@1f68e91d}, requirements=[[druid]]}
[28Aug2026 00:20:29.518] [main/ERROR] [net.minecraft.advancements.AdvancementList/]: Couldn't load advancement iter_rpg:infernal: Task Advancement{parentId=iter_rpg:windswept, display=net.minecraft.advancements.DisplayInfo@2ebe2693, rewards=AdvancementRewards{experience=0, loot=[], recipes=[], function=net.minecraft.commands.CommandFunction$CacheableFunction@2975a038}, criteria={infernal=net.minecraft.advancements.Criterion@76c60258}, requirements=[[infernal]]}
[28Aug2026 00:20:29.543] [main/INFO] [net.minecraft.advancements.AdvancementList/]: Loaded 1789 advancements
[28Aug2026 00:20:29.567] [main/INFO] [placebo/]: Registered 27 additional recipes.
[28Aug2026 00:20:29.613] [main/INFO] [daripher.autoleveling.data.DimensionsLevelingSettingsReloader/]: Loading leveling settings minecraft:overworld
[28Aug2026 00:20:29.614] [main/INFO] [daripher.autoleveling.data.DimensionsLevelingSettingsReloader/]: Loading leveling settings minecraft:the_end
[28Aug2026 00:20:29.614] [main/INFO] [daripher.autoleveling.data.DimensionsLevelingSettingsReloader/]: Loading leveling settings aether:the_aether
[28Aug2026 00:20:29.614] [main/INFO] [daripher.autoleveling.data.DimensionsLevelingSettingsReloader/]: Loading leveling settings minecraft:the_nether
[28Aug2026 00:20:29.615] [main/INFO] [daripher.autoleveling.data.EntitiesLevelingSettingsReloader/]: Loading leveling settings bosses_of_mass_destruction:gauntlet
[28Aug2026 00:20:29.615] [main/INFO] [daripher.autoleveling.data.EntitiesLevelingSettingsReloader/]: Loading leveling settings alexsmobs:warped_mosco
[28Aug2026 00:20:29.615] [main/INFO] [daripher.autoleveling.data.EntitiesLevelingSettingsReloader/]: Loading leveling settings cataclysm:netherite_monstrosity
[28Aug2026 00:20:29.615] [main/INFO] [daripher.autoleveling.data.EntitiesLevelingSettingsReloader/]: Loading leveling settings cataclysm:the_leviathan
[28Aug2026 00:20:29.615] [main/INFO] [daripher.autoleveling.data.EntitiesLevelingSettingsReloader/]: Loading leveling settings mowziesmobs:ferrous_wroughtnaut
[28Aug2026 00:20:29.615] [main/INFO] [daripher.autoleveling.data.EntitiesLevelingSettingsReloader/]: Loading leveling settings minecraft:elder_guardian
[28Aug2026 00:20:29.616] [main/INFO] [daripher.autoleveling.data.EntitiesLevelingSettingsReloader/]: Loading leveling settings blue_skies:starlit_crusher
[28Aug2026 00:20:29.616] [main/INFO] [daripher.autoleveling.data.EntitiesLevelingSettingsReloader/]: Loading leveling settings meetyourfight:dame_fortuna
[28Aug2026 00:20:29.616] [main/INFO] [daripher.autoleveling.data.EntitiesLevelingSettingsReloader/]: Loading leveling settings alexsmobs:void_worm
[28Aug2026 00:20:29.616] [main/INFO] [daripher.autoleveling.data.EntitiesLevelingSettingsReloader/]: Loading leveling settings blue_skies:arachnarch
[28Aug2026 00:20:29.616] [main/INFO] [daripher.autoleveling.data.EntitiesLevelingSettingsReloader/]: Loading leveling settings knightquest:netherman
[28Aug2026 00:20:29.616] [main/INFO] [daripher.autoleveling.data.EntitiesLevelingSettingsReloader/]: Loading leveling settings bosses_of_mass_destruction:lich
[28Aug2026 00:20:29.616] [main/INFO] [daripher.autoleveling.data.EntitiesLevelingSettingsReloader/]: Loading leveling settings cataclysm:ancient_remnant
[28Aug2026 00:20:29.616] [main/INFO] [daripher.autoleveling.data.EntitiesLevelingSettingsReloader/]: Loading leveling settings cataclysm:ignis
[28Aug2026 00:20:29.616] [main/INFO] [daripher.autoleveling.data.EntitiesLevelingSettingsReloader/]: Loading leveling settings cisco_mod:cisco
[28Aug2026 00:20:29.616] [main/INFO] [daripher.autoleveling.data.EntitiesLevelingSettingsReloader/]: Loading leveling settings bosses_of_mass_destruction:obsidilith
[28Aug2026 00:20:29.616] [main/INFO] [daripher.autoleveling.data.EntitiesLevelingSettingsReloader/]: Loading leveling settings mowziesmobs:umvuthi
[28Aug2026 00:20:29.616] [main/INFO] [daripher.autoleveling.data.EntitiesLevelingSettingsReloader/]: Loading leveling settings meetyourfight:rosalyne
[28Aug2026 00:20:29.616] [main/INFO] [daripher.autoleveling.data.EntitiesLevelingSettingsReloader/]: Loading leveling settings bosses_of_mass_destruction:void_blossom
[28Aug2026 00:20:29.616] [main/INFO] [daripher.autoleveling.data.EntitiesLevelingSettingsReloader/]: Loading leveling settings cataclysm:the_harbinger
[28Aug2026 00:20:29.616] [main/INFO] [daripher.autoleveling.data.EntitiesLevelingSettingsReloader/]: Loading leveling settings cataclysm:ender_guardian
[28Aug2026 00:20:29.616] [main/INFO] [daripher.autoleveling.data.EntitiesLevelingSettingsReloader/]: Loading leveling settings iter_rpg:sorrowsealed
[28Aug2026 00:20:29.616] [main/INFO] [daripher.autoleveling.data.EntitiesLevelingSettingsReloader/]: Loading leveling settings cataclysm:maledictus
[28Aug2026 00:20:29.616] [main/INFO] [daripher.autoleveling.data.EntitiesLevelingSettingsReloader/]: Loading leveling settings minecraft:warden
[28Aug2026 00:20:29.616] [main/INFO] [daripher.autoleveling.data.EntitiesLevelingSettingsReloader/]: Loading leveling settings minecraft:ender_dragon
[28Aug2026 00:20:29.616] [main/INFO] [daripher.autoleveling.data.EntitiesLevelingSettingsReloader/]: Loading leveling settings mowziesmobs:frostmaw
[28Aug2026 00:20:29.616] [main/INFO] [daripher.autoleveling.data.EntitiesLevelingSettingsReloader/]: Loading leveling settings minecraft:wither
[28Aug2026 00:20:29.616] [main/INFO] [daripher.autoleveling.data.EntitiesLevelingSettingsReloader/]: Loading leveling settings aquamirae:captain_cornelia
[28Aug2026 00:20:29.616] [main/INFO] [daripher.autoleveling.data.EntitiesLevelingSettingsReloader/]: Loading leveling settings iter_rpg:insatiable
[28Aug2026 00:20:29.616] [main/INFO] [daripher.autoleveling.data.EntitiesLevelingSettingsReloader/]: Loading leveling settings meetyourfight:bellringer
[28Aug2026 00:20:29.616] [main/INFO] [daripher.autoleveling.data.EntitiesLevelingSettingsReloader/]: Loading leveling settings irons_spellbooks:dead_king
[28Aug2026 00:20:29.616] [main/INFO] [daripher.autoleveling.data.EntitiesLevelingSettingsReloader/]: Loading leveling settings meetyourfight:swampjaw
[28Aug2026 00:20:29.617] [main/INFO] [daripher.autoleveling.data.EntitiesLevelingSettingsReloader/]: Loading leveling settings cisco_mod:fellkingboss
[28Aug2026 00:20:29.621] [main/INFO] [com.teampotato.redirector.Redirector/]: Redirecting com/telepathicgrunt/repurposedstructures/misc/maptrades/WanderingTraderMapObj$TRADE_TYPE
[28Aug2026 00:20:29.668] [main/WARN] [net.minecraftforge.common.loot.LootModifierManager/]: Could not decode GlobalLootModifier with json id bygonenether:soul_stone_from_block - error: Unknown registry key in ResourceKey[minecraft:root / forge:global_loot_modifier_serializers]: bygonenether:replace_item
[28Aug2026 00:20:29.668] [main/WARN] [net.minecraftforge.common.loot.LootModifierManager/]: Could not decode GlobalLootModifier with json id bygonenether:soul_stone_in_catacombs - error: Unknown registry key in ResourceKey[minecraft:root / forge:global_loot_modifier_serializers]: bygonenether:replace_item
[28Aug2026 00:20:30.191] [main/WARN] [io.github.apace100.apoli.Apoli/]: Power "medievalorigins:knight/skilled_swordsman_dungeons_gear" will only be partially loaded: At Ingredient: Unknown item 'dungeons_gear:rapier', At ResourceLocation: JsonObject; At Ingredient: Unknown item 'dungeons_gear:frost_slayer', At ResourceLocation: JsonObject; At Ingredient: Unknown item 'dungeons_gear:heartstealer', At ResourceLocation: JsonObject; At Ingredient: Unknown item 'dungeons_gear:broadsword', At ResourceLocation: JsonObject; At Ingredient: Unknown item 'dungeons_gear:claymore', At ResourceLocation: JsonObject; At Ingredient: Unknown item 'dungeons_gear:truthseeker', At ResourceLocation: JsonObject; At Ingredient: Unknown item 'dungeons_gear:masters_katana', At ResourceLocation: JsonObject; At Ingredient: Unknown item 'dungeons_gear:dark_katana', At ResourceLocation: JsonObject; At Ingredient: Unknown item 'dungeons_gear:katana', At ResourceLocation: JsonObject; At Ingredient: Unknown item 'dungeons_gear:sinister_sword', At ResourceLocation: JsonObject; At Ingredient: Unknown item 'dungeons_gear:hawkbrand', At ResourceLocation: JsonObject; At Ingredient: Unknown item 'dungeons_gear:diamond_sword', At ResourceLocation: JsonObject; At Ingredient: Unknown item 'dungeons_gear:gold_sword', At ResourceLocation: JsonObject; At Ingredient: Unknown item 'dungeons_gear:stone_sword', At ResourceLocation: JsonObject; At Ingredient: Unknown item 'dungeons_gear:sword', At ResourceLocation: JsonObject; At Ingredient: Unknown item 'dungeons_gear:nameless_blade', At ResourceLocation: JsonObject; At Ingredient: Unknown item 'dungeons_gear:cutlass', At ResourceLocation: JsonObject; At Ingredient: Unknown item 'dungeons_gear:freezing_foil', At ResourceLocation: JsonObject; At Ingredient: Unknown item 'dungeons_gear:bee_stinger', At ResourceLocation: JsonObject; At Ingredient: Unknown item 'dungeons_gear:rapier', At ResourceLocation: JsonObject, At ResourceLocation: JsonObject
[28Aug2026 00:20:30.195] [main/WARN] [io.github.apace100.apoli.Apoli/]: Power "strictly:durendal" will only be partially loaded: At Item: Identifier "pmmo_xp_bottles:combat" was not registered in registry "minecraft:item"., At ResourceLocation: JsonObject, At ResourceLocation: JsonObject
[28Aug2026 00:20:30.209] [main/WARN] [io.github.apace100.apoli.Apoli/]: Power "arkwys:demon/cursed_armor_biomemakeover" will only be partially loaded: At Enchantment: Identifier "biomemakeover:buckling_curse" was not registered in registry "minecraft:enchantment"., At ResourceLocation: JsonObject; At Enchantment: Identifier "biomemakeover:inaccuracy_curse" was not registered in registry "minecraft:enchantment"., At ResourceLocation: JsonObject; At Enchantment: Identifier "biomemakeover:unwieldiness_curse" was not registered in registry "minecraft:enchantment"., At ResourceLocation: JsonObject; At Enchantment: Identifier "biomemakeover:suffocation_curse" was not registered in registry "minecraft:enchantment"., At ResourceLocation: JsonObject; At Enchantment: Identifier "biomemakeover:flammability_curse" was not registered in registry "minecraft:enchantment"., At ResourceLocation: JsonObject; At Enchantment: Identifier "biomemakeover:depth_curse" was not registered in registry "minecraft:enchantment"., At ResourceLocation: JsonObject; At Enchantment: Identifier "biomemakeover:enfeeblement_curse" was not registered in registry "minecraft:enchantment"., At ResourceLocation: JsonObject; At Enchantment: Identifier "biomemakeover:conductivity_curse" was not registered in registry "minecraft:enchantment"., At ResourceLocation: JsonObject; At Enchantment: Identifier "biomemakeover:insomnia_curse" was not registered in registry "minecraft:enchantment"., At ResourceLocation: JsonObject; At Enchantment: Identifier "biomemakeover:decay_curse" was not registered in registry "minecraft:enchantment"., At ResourceLocation: JsonObject, At ResourceLocation: JsonObject; At Enchantment: Identifier "biomemakeover:buckling_curse" was not registered in registry "minecraft:enchantment"., At ResourceLocation: JsonObject; At Enchantment: Identifier "biomemakeover:inaccuracy_curse" was not registered in registry "minecraft:enchantment"., At ResourceLocation: JsonObject; At Enchantment: Identifier "biomemakeover:unwieldiness_curse" was not registered in registry "minecraft:enchantment"., At ResourceLocation: JsonObject; At Enchantment: Identifier "biomemakeover:suffocation_curse" was not registered in registry "minecraft:enchantment"., At ResourceLocation: JsonObject; At Enchantment: Identifier "biomemakeover:flammability_curse" was not registered in registry "minecraft:enchantment"., At ResourceLocation: JsonObject; At Enchantment: Identifier "biomemakeover:depth_curse" was not registered in registry "minecraft:enchantment"., At ResourceLocation: JsonObject; At Enchantment: Identifier "biomemakeover:enfeeblement_curse" was not registered in registry "minecraft:enchantment"., At ResourceLocation: JsonObject; At Enchantment: Identifier "biomemakeover:conductivity_curse" was not registered in registry "minecraft:enchantment"., At ResourceLocation: JsonObject; At Enchantment: Identifier "biomemakeover:insomnia_curse" was not registered in registry "minecraft:enchantment"., At ResourceLocation: JsonObject; At Enchantment: Identifier "biomemakeover:decay_curse" was not registered in registry "minecraft:enchantment"., At ResourceLocation: JsonObject, At ResourceLocation: JsonObject; At Enchantment: Identifier "biomemakeover:buckling_curse" was not registered in registry "minecraft:enchantment"., At ResourceLocation: JsonObject; At Enchantment: Identifier "biomemakeover:inaccuracy_curse" was not registered in registry "minecraft:enchantment"., At ResourceLocation: JsonObject; At Enchantment: Identifier "biomemakeover:unwieldiness_curse" was not registered in registry "minecraft:enchantment"., At ResourceLocation: JsonObject; At Enchantment: Identifier "biomemakeover:suffocation_curse" was not registered in registry "minecraft:enchantment"., At ResourceLocation: JsonObject; At Enchantment: Identifier "biomemakeover:flammability_curse" was not registered in registry "minecraft:enchantment"., At ResourceLocation: JsonObject; At Enchantment: Identifier "biomemakeover:depth_curse" was not registered in registry "minecraft:enchantment"., At ResourceLocation: JsonObject; At Enchantment: Identifier "biomemakeover:enfeeblement_curse" was not registered in registry "minecraft:enchantment"., At ResourceLocation: JsonObject; At Enchantment: Identifier "biomemakeover:conductivity_curse" was not registered in registry "minecraft:enchantment"., At ResourceLocation: JsonObject; At Enchantment: Identifier "biomemakeover:insomnia_curse" was not registered in registry "minecraft:enchantment"., At ResourceLocation: JsonObject; At Enchantment: Identifier "biomemakeover:decay_curse" was not registered in registry "minecraft:enchantment"., At ResourceLocation: JsonObject, At ResourceLocation: JsonObject; At Enchantment: Identifier "biomemakeover:buckling_curse" was not registered in registry "minecraft:enchantment"., At ResourceLocation: JsonObject; At Enchantment: Identifier "biomemakeover:inaccuracy_curse" was not registered in registry "minecraft:enchantment"., At ResourceLocation: JsonObject; At Enchantment: Identifier "biomemakeover:unwieldiness_curse" was not registered in registry "minecraft:enchantment"., At ResourceLocation: JsonObject; At Enchantment: Identifier "biomemakeover:suffocation_curse" was not registered in registry "minecraft:enchantment"., At ResourceLocation: JsonObject; At Enchantment: Identifier "biomemakeover:flammability_curse" was not registered in registry "minecraft:enchantment"., At ResourceLocation: JsonObject; At Enchantment: Identifier "biomemakeover:depth_curse" was not registered in registry "minecraft:enchantment"., At ResourceLocation: JsonObject; At Enchantment: Identifier "biomemakeover:enfeeblement_curse" was not registered in registry "minecraft:enchantment"., At ResourceLocation: JsonObject; At Enchantment: Identifier "biomemakeover:conductivity_curse" was not registered in registry "minecraft:enchantment"., At ResourceLocation: JsonObject; At Enchantment: Identifier "biomemakeover:insomnia_curse" was not registered in registry "minecraft:enchantment"., At ResourceLocation: JsonObject; At Enchantment: Identifier "biomemakeover:decay_curse" was not registered in registry "minecraft:enchantment"., At ResourceLocation: JsonObject, At ResourceLocation: JsonObject
[28Aug2026 00:20:30.276] [main/WARN] [io.github.apace100.apoli.Apoli/]: Power "medievalorigins:elf/weak_melee_spartanweaponry" will only be partially loaded: At Ingredient: Unknown item 'spartanweaponry:quarterstaff_lead', At ResourceLocation: JsonObject; At Ingredient: Unknown item 'spartanweaponry:quarterstaff_nickel', At ResourceLocation: JsonObject; At Ingredient: Unknown item 'spartanweaponry:quarterstaff_electrum', At ResourceLocation: JsonObject; At Ingredient: Unknown item 'spartanweaponry:quarterstaff_platinum', At ResourceLocation: JsonObject; At Ingredient: Unknown item 'spartanweaponry:quarterstaff_invar', At ResourceLocation: JsonObject; At Ingredient: Unknown item 'spartanweaponry:quarterstaff_silver', At ResourceLocation: JsonObject; At Ingredient: Unknown item 'spartanweaponry:quarterstaff_steel', At ResourceLocation: JsonObject; At Ingredient: Unknown item 'spartanweaponry:quarterstaff_bronze', At ResourceLocation: JsonObject; At Ingredient: Unknown item 'spartanweaponry:quarterstaff_tin', At ResourceLocation: JsonObject; At Ingredient: Unknown item 'spartanweaponry:quarterstaff_copper', At ResourceLocation: JsonObject; At Ingredient: Unknown item 'spartanweaponry:quarterstaff_netherite', At ResourceLocation: JsonObject; At Ingredient: Unknown item 'spartanweaponry:quarterstaff_diamond', At ResourceLocation: JsonObject; At Ingredient: Unknown item 'spartanweaponry:quarterstaff_gold', At ResourceLocation: JsonObject; At Ingredient: Unknown item 'spartanweaponry:quarterstaff_iron', At ResourceLocation: JsonObject; At Ingredient: Unknown item 'spartanweaponry:quarterstaff_stone', At ResourceLocation: JsonObject; At Ingredient: Unknown item 'spartanweaponry:quarterstaff_wood', At ResourceLocation: JsonObject; At Ingredient: Unknown item 'spartanweaponry:glaive_lead', At ResourceLocation: JsonObject; At Ingredient: Unknown item 'spartanweaponry:glaive_nickel', At ResourceLocation: JsonObject; At Ingredient: Unknown item 'spartanweaponry:glaive_electrum', At ResourceLocation: JsonObject; At Ingredient: Unknown item 'spartanweaponry:glaive_platinum', At ResourceLocation: JsonObject; At Ingredient: Unknown item 'spartanweaponry:glaive_invar', At ResourceLocation: JsonObject; At Ingredient: Unknown item 'spartanweaponry:glaive_silver', At ResourceLocation: JsonObject; At Ingredient: Unknown item 'spartanweaponry:glaive_steel', At ResourceLocation: JsonObject; At Ingredient: Unknown item 'spartanweaponry:glaive_bronze', At ResourceLocation: JsonObject; At Ingredient: Unknown item 'spartanweaponry:glaive_tin', At ResourceLocation: JsonObject; At Ingredient: Unknown item 'spartanweaponry:glaive_copper', At ResourceLocation: JsonObject; At Ingredient: Unknown item 'spartanweaponry:glaive_netherite', At ResourceLocation: JsonObject; At Ingredient: Unknown item 'spartanweaponry:glaive_diamond', At ResourceLocation: JsonObject; At Ingredient: Unknown item 'spartanweaponry:glaive_gold', At ResourceLocation: JsonObject; At Ingredient: Unknown item 'spartanweaponry:glaive_iron', At ResourceLocation: JsonObject; At Ingredient: Unknown item 'spartanweaponry:glaive_stone', At ResourceLocation: JsonObject; At Ingredient: Unknown item 'spartanweaponry:glaive_wood', At ResourceLocation: JsonObject; At Ingredient: Unknown item 'spartanweaponry:flanged_mace_lead', At ResourceLocation: JsonObject; At Ingredient: Unknown item 'spartanweaponry:flanged_mace_nickel', At ResourceLocation: JsonObject; At Ingredient: Unknown item 'spartanweaponry:flanged_mace_electrum', At ResourceLocation: JsonObject; At Ingredient: Unknown item 'spartanweaponry:flanged_mace_platinum', At ResourceLocation: JsonObject; At Ingredient: Unknown item 'spartanweaponry:flanged_mace_invar', At ResourceLocation: JsonObject; At Ingredient: Unknown item 'spartanweaponry:flanged_mace_silver', At ResourceLocation: JsonObject; At Ingredient: Unknown item 'spartanweaponry:flanged_mace_steel', At ResourceLocation: JsonObject; At Ingredient: Unknown item 'spartanweaponry:flanged_mace_bronze', At ResourceLocation: JsonObject; At Ingredient: Unknown item 'spartanweaponry:flanged_mace_tin', At ResourceLocation: JsonObject; At Ingredient: Unknown item 'spartanweaponry:flanged_mace_copper', At ResourceLocation: JsonObject; At Ingredient: Unknown item 'spartanweaponry:flanged_mace_netherite', At ResourceLocation: JsonObject; At Ingredient: Unknown item 'spartanweaponry:flanged_mace_diamond', At ResourceLocation: JsonObject; At Ingredient: Unknown item 'spartanweaponry:flanged_mace_gold', At ResourceLocation: JsonObject; At Ingredient: Unknown item 'spartanweaponry:flanged_mace_iron', At ResourceLocation: JsonObject; At Ingredient: Unknown item 'spartanweaponry:flanged_mace_stone', At ResourceLocation: JsonObject; At Ingredient: Unknown item 'spartanweaponry:flanged_mace_wood', At ResourceLocation: JsonObject; At Ingredient: Unknown item 'spartanweaponry:battleaxe_lead', At ResourceLocation: JsonObject; At Ingredient: Unknown item 'spartanweaponry:battleaxe_nickel', At ResourceLocation: JsonObject; At Ingredient: Unknown item 'spartanweaponry:battleaxe_electrum', At ResourceLocation: JsonObject; At Ingredient: Unknown item 'spartanweaponry:battleaxe_platinum', At ResourceLocation: JsonObject; At Ingredient: Unknown item 'spartanweaponry:battleaxe_invar', At ResourceLocation: JsonObject; At Ingredient: Unknown item 'spartanweaponry:battleaxe_silver', At ResourceLocation: JsonObject; At Ingredient: Unknown item 'spartanweaponry:battleaxe_steel', At ResourceLocation: JsonObject; At Ingredient: Unknown item 'spartanweaponry:battleaxe_bronze', At ResourceLocation: JsonObject; At Ingredient: Unknown item 'spartanweaponry:battleaxe_tin', At ResourceLocation: JsonObject; At Ingredient: Unknown item 'spartanweaponry:battleaxe_copper', At ResourceLocation: JsonObject; At Ingredient: Unknown item 'spartanweaponry:battleaxe_netherite', At ResourceLocation: JsonObject; At Ingredient: Unknown item 'spartanweaponry:battleaxe_diamond', At ResourceLocation: JsonObject; At Ingredient: Unknown item 'spartanweaponry:battleaxe_gold', At ResourceLocation: JsonObject; At Ingredient: Unknown item 'spartanweaponry:battleaxe_iron', At ResourceLocation: JsonObject; At Ingredient: Unknown item 'spartanweaponry:battleaxe_stone', At ResourceLocation: JsonObject; At Ingredient: Unknown item 'spartanweaponry:battleaxe_wood', At ResourceLocation: JsonObject; At Ingredient: Unknown item 'spartanweaponry:javelin_lead', At ResourceLocation: JsonObject; At Ingredient: Unknown item 'spartanweaponry:javelin_nickel', At ResourceLocation: JsonObject; At Ingredient: Unknown item 'spartanweaponry:javelin_electrum', At ResourceLocation: JsonObject; At Ingredient: Unknown item 'spartanweaponry:javelin_platinum', At ResourceLocation: JsonObject; At Ingredient: Unknown item 'spartanweaponry:javelin_invar', At ResourceLocation: JsonObject; At Ingredient: Unknown item 'spartanweaponry:javelin_silver', At ResourceLocation: JsonObject; At Ingredient: Unknown item 'spartanweaponry:javelin_steel', At ResourceLocation: JsonObject; At Ingredient: Unknown item 'spartanweaponry:javelin_bronze', At ResourceLocation: JsonObject; At Ingredient: Unknown item 'spartanweaponry:javelin_tin', At ResourceLocation: JsonObject; At Ingredient: Unknown item 'spartanweaponry:javelin_copper', At ResourceLocation: JsonObject; At Ingredient: Unknown item 'spartanweaponry:javelin_netherite', At ResourceLocation: JsonObject; At Ingredient: Unknown item 'spartanweaponry:javelin_diamond', At ResourceLocation: JsonObject; At Ingredient: Unknown item 'spartanweaponry:javelin_gold', At ResourceLocation: JsonObject; At Ingredient: Unknown item 'spartanweaponry:javelin_iron', At ResourceLocation: JsonObject; At Ingredient: Unknown item 'spartanweaponry:javelin_stone', At ResourceLocation: JsonObject; At Ingredient: Unknown item 'spartanweaponry:javelin_wood', At ResourceLocation: JsonObject; At Ingredient: Unknown item 'spartanweaponry:tomahawk_lead', At ResourceLocation: JsonObject; At Ingredient: Unknown item 'spartanweaponry:tomahawk_nickel', At ResourceLocation: JsonObject; At Ingredient: Unknown item 'spartanweaponry:tomahawk_electrum', At ResourceLocation: JsonObject; At Ingredient: Unknown item 'spartanweaponry:tomahawk_platinum', At ResourceLocation: JsonObject; At Ingredient: Unknown item 'spartanweaponry:tomahawk_invar', At ResourceLocation: JsonObject; At Ingredient: Unknown item 'spartanweaponry:tomahawk_silver', At ResourceLocation: JsonObject; At Ingredient: Unknown item 'spartanweaponry:tomahawk_steel', At ResourceLocation: JsonObject; At Ingredient: Unknown item 'spartanweaponry:tomahawk_bronze', At ResourceLocation: JsonObject; At Ingredient: Unknown item 'spartanweaponry:tomahawk_tin', At ResourceLocation: JsonObject; At Ingredient: Unknown item 'spartanweaponry:tomahawk_copper', At ResourceLocation: JsonObject; At Ingredient: Unknown item 'spartanweaponry:tomahawk_netherite', At ResourceLocation: JsonObject; At Ingredient: Unknown item 'spartanweaponry:tomahawk_diamond', At ResourceLocation: JsonObject; At Ingredient: Unknown item 'spartanweaponry:tomahawk_gold', At ResourceLocation: JsonObject; At Ingredient: Unknown item 'spartanweaponry:tomahawk_iron', At ResourceLocation: JsonObject; At Ingredient: Unknown item 'spartanweaponry:tomahawk_stone', At ResourceLocation: JsonObject; At Ingredient: Unknown item 'spartanweaponry:tomahawk_wood', At ResourceLocation: JsonObject; At Ingredient: Unknown item 'spartanweaponry:throwing_knife_lead', At ResourceLocation: JsonObject; At Ingredient: Unknown item 'spartanweaponry:throwing_knife_nickel', At ResourceLocation: JsonObject; At Ingredient: Unknown item 'spartanweaponry:throwing_knife_electrum', At ResourceLocation: JsonObject; At Ingredient: Unknown item 'spartanweaponry:throwing_knife_platinum', At ResourceLocation: JsonObject; At Ingredient: Unknown item 'spartanweaponry:throwing_knife_invar', At ResourceLocation: JsonObject; At Ingredient: Unknown item 'spartanweaponry:throwing_knife_silver', At ResourceLocation: JsonObject; At Ingredient: Unknown item 'spartanweaponry:throwing_knife_steel', At ResourceLocation: JsonObject; At Ingredient: Unknown item 'spartanweaponry:throwing_knife_bronze', At ResourceLocation: JsonObject; At Ingredient: Unknown item 'spartanweaponry:throwing_knife_tin', At ResourceLocation: JsonObject; At Ingredient: Unknown item 'spartanweaponry:throwing_knife_copper', At ResourceLocation: JsonObject; At Ingredient: Unknown item 'spartanweaponry:throwing_knife_netherite', At ResourceLocation: JsonObject; At Ingredient: Unknown item 'spartanweaponry:throwing_knife_diamond', At ResourceLocation: JsonObject; At Ingredient: Unknown item 'spartanweaponry:throwing_knife_gold', At ResourceLocation: JsonObject; At Ingredient: Unknown item 'spartanweaponry:throwing_knife_iron', At ResourceLocation: JsonObject; At Ingredient: Unknown item 'spartanweaponry:throwing_knife_stone', At ResourceLocation: JsonObject; At Ingredient: Unknown item 'spartanweaponry:throwing_knife_wood', At ResourceLocation: JsonObject; At Ingredient: Unknown item 'spartanweaponry:lance_lead', At ResourceLocation: JsonObject; At Ingredient: Unknown item 'spartanweaponry:lance_nickel', At ResourceLocation: JsonObject; At Ingredient: Unknown item 'spartanweaponry:lance_electrum', At ResourceLocation: JsonObject; At Ingredient: Unknown item 'spartanweaponry:lance_platinum', At ResourceLocation: JsonObject; At Ingredient: Unknown item 'spartanweaponry:lance_invar', At ResourceLocation: JsonObject; At Ingredient: Unknown item 'spartanweaponry:lance_silver', At ResourceLocation: JsonObject; At Ingredient: Unknown item 'spartanweaponry:lance_steel', At ResourceLocation: JsonObject; At Ingredient: Unknown item 'spartanweaponry:lance_bronze', At ResourceLocation: JsonObject; At Ingredient: Unknown item 'spartanweaponry:lance_tin', At ResourceLocation: JsonObject; At Ingredient: Unknown item 'spartanweaponry:lance_copper', At ResourceLocation: JsonObject; At Ingredient: Unknown item 'spartanweaponry:lance_netherite', At ResourceLocation: JsonObject; At Ingredient: Unknown item 'spartanweaponry:lance_diamond', At ResourceLocation: JsonObject; At Ingredient: Unknown item 'spartanweaponry:lance_gold', At ResourceLocation: JsonObject; At Ingredient: Unknown item 'spartanweaponry:lance_iron', At ResourceLocation: JsonObject; At Ingredient: Unknown item 'spartanweaponry:lance_stone', At ResourceLocation: JsonObject; At Ingredient: Unknown item 'spartanweaponry:lance_wood', At ResourceLocation: JsonObject; At Ingredient: Unknown item 'spartanweaponry:pike_lead', At ResourceLocation: JsonObject; At Ingredient: Unknown item 'spartanweaponry:pike_nickel', At ResourceLocation: JsonObject; At Ingredient: Unknown item 'spartanweaponry:pike_electrum', At ResourceLocation: JsonObject; At Ingredient: Unknown item 'spartanweaponry:pike_platinum', At ResourceLocation: JsonObject; At Ingredient: Unknown item 'spartanweaponry:pike_invar', At ResourceLocation: JsonObject; At Ingredient: Unknown item 'spartanweaponry:pike_silver', At ResourceLocation: JsonObject; At Ingredient: Unknown item 'spartanweaponry:pike_steel', At ResourceLocation: JsonObject; At Ingredient: Unknown item 'spartanweaponry:pike_bronze', At ResourceLocation: JsonObject; At Ingredient: Unknown item 'spartanweaponry:pike_tin', At ResourceLocation: JsonObject; At Ingredient: Unknown item 'spartanweaponry:pike_copper', At ResourceLocation: JsonObject; At Ingredient: Unknown item 'spartanweaponry:pike_netherite', At ResourceLocation: JsonObject; At Ingredient: Unknown item 'spartanweaponry:pike_diamond', At ResourceLocation: JsonObject; At Ingredient: Unknown item 'spartanweaponry:pike_gold', At ResourceLocation: JsonObject; At Ingredient: Unknown item 'spartanweaponry:pike_iron', At ResourceLocation: JsonObject; At Ingredient: Unknown item 'spartanweaponry:pike_stone', At ResourceLocation: JsonObject; At Ingredient: Unknown item 'spartanweaponry:pike_wood', At ResourceLocation: JsonObject; At Ingredient: Unknown item 'spartanweaponry:halberd_lead', At ResourceLocation: JsonObject; At Ingredient: Unknown item 'spartanweaponry:halberd_nickel', At ResourceLocation: JsonObject; At Ingredient: Unknown item 'spartanweaponry:halberd_electrum', At ResourceLocation: JsonObject; At Ingredient: Unknown item 'spartanweaponry:halberd_platinum', At ResourceLocation: JsonObject; At Ingredient: Unknown item 'spartanweaponry:halberd_invar', At ResourceLocation: JsonObject; At Ingredient: Unknown item 'spartanweaponry:halberd_silver', At ResourceLocation: JsonObject; At Ingredient: Unknown item 'spartanweaponry:halberd_steel', At ResourceLocation: JsonObject; At Ingredient: Unknown item 'spartanweaponry:halberd_bronze', At ResourceLocation: JsonObject; At Ingredient: Unknown item 'spartanweaponry:halberd_tin', At ResourceLocation: JsonObject; At Ingredient: Unknown item 'spartanweaponry:halberd_copper', At ResourceLocation: JsonObject; At Ingredient: Unknown item 'spartanweaponry:halberd_netherite', At ResourceLocation: JsonObject; At Ingredient: Unknown item 'spartanweaponry:halberd_diamond', At ResourceLocation: JsonObject; At Ingredient: Unknown item 'spartanweaponry:halberd_gold', At ResourceLocation: JsonObject; At Ingredient: Unknown item 'spartanweaponry:halberd_iron', At ResourceLocation: JsonObject; At Ingredient: Unknown item 'spartanweaponry:halberd_stone', At ResourceLocation: JsonObject; At Ingredient: Unknown item 'spartanweaponry:halberd_wood', At ResourceLocation: JsonObject; At Ingredient: Unknown item 'spartanweaponry:spear_lead', At ResourceLocation: JsonObject; At Ingredient: Unknown item 'spartanweaponry:spear_nickel', At ResourceLocation: JsonObject; At Ingredient: Unknown item 'spartanweaponry:spear_electrum', At ResourceLocation: JsonObject; At Ingredient: Unknown item 'spartanweaponry:spear_platinum', At ResourceLocation: JsonObject; At Ingredient: Unknown item 'spartanweaponry:spear_invar', At ResourceLocation: JsonObject; At Ingredient: Unknown item 'spartanweaponry:spear_silver', At ResourceLocation: JsonObject; At Ingredient: Unknown item 'spartanweaponry:spear_steel', At ResourceLocation: JsonObject; At Ingredient: Unknown item 'spartanweaponry:spear_bronze', At ResourceLocation: JsonObject; At Ingredient: Unknown item 'spartanweaponry:spear_tin', At ResourceLocation: JsonObject; At Ingredient: Unknown item 'spartanweaponry:spear_copper', At ResourceLocation: JsonObject; At Ingredient: Unknown item 'spartanweaponry:spear_netherite', At ResourceLocation: JsonObject; At Ingredient: Unknown item 'spartanweaponry:spear_diamond', At ResourceLocation: JsonObject; At Ingredient: Unknown item 'spartanweaponry:spear_gold', At ResourceLocation: JsonObject; At Ingredient: Unknown item 'spartanweaponry:spear_iron', At ResourceLocation: JsonObject; At Ingredient: Unknown item 'spartanweaponry:spear_stone', At ResourceLocation: JsonObject; At Ingredient: Unknown item 'spartanweaponry:spear_wood', At ResourceLocation: JsonObject; At Ingredient: Unknown item 'spartanweaponry:warhammer_lead', At ResourceLocation: JsonObject; At Ingredient: Unknown item 'spartanweaponry:warhammer_nickel', At ResourceLocation: JsonObject; At Ingredient: Unknown item 'spartanweaponry:warhammer_electrum', At ResourceLocation: JsonObject; At Ingredient: Unknown item 'spartanweaponry:warhammer_platinum', At ResourceLocation: JsonObject; At Ingredient: Unknown item 'spartanweaponry:warhammer_invar', At ResourceLocation: JsonObject; At Ingredient: Unknown item 'spartanweaponry:warhammer_silver', At ResourceLocation: JsonObject; At Ingredient: Unknown item 'spartanweaponry:warhammer_steel', At ResourceLocation: JsonObject; At Ingredient: Unknown item 'spartanweaponry:warhammer_bronze', At ResourceLocation: JsonObject; At Ingredient: Unknown item 'spartanweaponry:warhammer_tin', At ResourceLocation: JsonObject; At Ingredient: Unknown item 'spartanweaponry:warhammer_copper', At ResourceLocation: JsonObject; At Ingredient: Unknown item 'spartanweaponry:warhammer_netherite', At ResourceLocation: JsonObject; At Ingredient: Unknown item 'spartanweaponry:warhammer_diamond', At ResourceLocation: JsonObject; At Ingredient: Unknown item 'spartanweaponry:warhammer_gold', At ResourceLocation: JsonObject; At Ingredient: Unknown item 'spartanweaponry:warhammer_iron', At ResourceLocation: JsonObject; At Ingredient: Unknown item 'spartanweaponry:warhammer_stone', At ResourceLocation: JsonObject; At Ingredient: Unknown item 'spartanweaponry:warhammer_wood', At ResourceLocation: JsonObject; At Ingredient: Unknown item 'spartanweaponry:hammer_lead', At ResourceLocation: JsonObject; At Ingredient: Unknown item 'spartanweaponry:hammer_nickel', At ResourceLocation: JsonObject; At Ingredient: Unknown item 'spartanweaponry:hammer_electrum', At ResourceLocation: JsonObject; At Ingredient: Unknown item 'spartanweaponry:hammer_platinum', At ResourceLocation: JsonObject; At Ingredient: Unknown item 'spartanweaponry:hammer_invar', At ResourceLocation: JsonObject; At Ingredient: Unknown item 'spartanweaponry:hammer_silver', At ResourceLocation: JsonObject; At Ingredient: Unknown item 'spartanweaponry:hammer_steel', At ResourceLocation: JsonObject; At Ingredient: Unknown item 'spartanweaponry:hammer_bronze', At ResourceLocation: JsonObject; At Ingredient: Unknown item 'spartanweaponry:hammer_tin', At ResourceLocation: JsonObject; At Ingredient: Unknown item 'spartanweaponry:hammer_copper', At ResourceLocation: JsonObject; At Ingredient: Unknown item 'spartanweaponry:hammer_netherite', At ResourceLocation: JsonObject; At Ingredient: Unknown item 'spartanweaponry:hammer_diamond', At ResourceLocation: JsonObject; At Ingredient: Unknown item 'spartanweaponry:hammer_gold', At ResourceLocation: JsonObject; At Ingredient: Unknown item 'spartanweaponry:hammer_iron', At ResourceLocation: JsonObject; At Ingredient: Unknown item 'spartanweaponry:hammer_stone', At ResourceLocation: JsonObject; At Ingredient: Unknown item 'spartanweaponry:hammer_wood', At ResourceLocation: JsonObject; At Ingredient: Unknown item 'spartanweaponry:dagger_lead', At ResourceLocation: JsonObject; At Ingredient: Unknown item 'spartanweaponry:dagger_nickel', At ResourceLocation: JsonObject; At Ingredient: Unknown item 'spartanweaponry:dagger_electrum', At ResourceLocation: JsonObject; At Ingredient: Unknown item 'spartanweaponry:dagger_platinum', At ResourceLocation: JsonObject; At Ingredient: Unknown item 'spartanweaponry:dagger_invar', At ResourceLocation: JsonObject; At Ingredient: Unknown item 'spartanweaponry:dagger_silver', At ResourceLocation: JsonObject; At Ingredient: Unknown item 'spartanweaponry:dagger_steel', At ResourceLocation: JsonObject; At Ingredient: Unknown item 'spartanweaponry:dagger_bronze', At ResourceLocation: JsonObject; At Ingredient: Unknown item 'spartanweaponry:dagger_tin', At ResourceLocation: JsonObject; At Ingredient: Unknown item 'spartanweaponry:dagger_copper', At ResourceLocation: JsonObject; At Ingredient: Unknown item 'spartanweaponry:dagger_netherite', At ResourceLocation: JsonObject; At Ingredient: Unknown item 'spartanweaponry:dagger_diamond', At ResourceLocation: JsonObject; At Ingredient: Unknown item 'spartanweaponry:dagger_gold', At ResourceLocation: JsonObject; At Ingredient: Unknown item 'spartanweaponry:dagger_iron', At ResourceLocation: JsonObject; At Ingredient: Unknown item 'spartanweaponry:dagger_stone', At ResourceLocation: JsonObject; At Ingredient: Unknown item 'spartanweaponry:dagger_wood', At ResourceLocation: JsonObject, At ResourceLocation: JsonObject
[28Aug2026 00:20:30.278] [main/ERROR] [io.github.apace100.apoli.Apoli/]: Error loading power "arkwys:brute/piglin_neutrality": Unknown registry key: extraorigins:mob_neutrality
[28Aug2026 00:20:30.278] [main/ERROR] [io.github.apace100.apoli.Apoli/]: Loading for all instances of power arkwys:brute/piglin_neutrality failed.
[28Aug2026 00:20:30.279] [main/ERROR] [io.github.apace100.apoli.Apoli/]: Error loading power "strictly:sun_strength": Input does not contain a key [type]: MapLike[{"entity_action":{"type":"origins:apply_effect","effect":{"effect":"minecraft:strength","is_ambient":true,"show_particles":false,"show_icon":false,"amplifier":1,"duration":1000}},"interval":200}]
[28Aug2026 00:20:30.279] [main/ERROR] [io.github.apace100.apoli.Apoli/]: Loading for all instances of power strictly:sun_strength failed.
[28Aug2026 00:20:30.280] [main/ERROR] [io.github.apace100.apoli.Apoli/]: Error loading power "strictly:thick_fur_cont": At EntityType: Identifier "minecraft:tipped_arrow" was not registered in registry "minecraft:entity_type"., At ResourceLocation: JsonObject
[28Aug2026 00:20:30.280] [main/ERROR] [io.github.apace100.apoli.Apoli/]: Loading for all instances of power strictly:thick_fur_cont failed.
[28Aug2026 00:20:30.283] [main/WARN] [io.github.apace100.apoli.Apoli/]: Power "medievalorigins:elf/weak_melee_iceandfire" will only be partially loaded: At Ingredient: Unknown item 'iceandfire:dragonsteel_cold_axe', At ResourceLocation: JsonObject, At ResourceLocation: JsonObject
[28Aug2026 00:20:30.293] [main/WARN] [io.github.apace100.apoli.Apoli/]: Power "arkwys:minotaur/axe_proficiency_spartanweaponry" will only be partially loaded: At Ingredient: Unknown item 'spartanweaponry:battleaxe_lead', At ResourceLocation: JsonObject; At Ingredient: Unknown item 'spartanweaponry:battleaxe_nickel', At ResourceLocation: JsonObject; At Ingredient: Unknown item 'spartanweaponry:battleaxe_electrum', At ResourceLocation: JsonObject; At Ingredient: Unknown item 'spartanweaponry:battleaxe_platinum', At ResourceLocation: JsonObject; At Ingredient: Unknown item 'spartanweaponry:battleaxe_invar', At ResourceLocation: JsonObject; At Ingredient: Unknown item 'spartanweaponry:battleaxe_silver', At ResourceLocation: JsonObject; At Ingredient: Unknown item 'spartanweaponry:battleaxe_steel', At ResourceLocation: JsonObject; At Ingredient: Unknown item 'spartanweaponry:battleaxe_bronze', At ResourceLocation: JsonObject; At Ingredient: Unknown item 'spartanweaponry:battleaxe_tin', At ResourceLocation: JsonObject; At Ingredient: Unknown item 'spartanweaponry:battleaxe_copper', At ResourceLocation: JsonObject; At Ingredient: Unknown item 'spartanweaponry:battleaxe_netherite', At ResourceLocation: JsonObject; At Ingredient: Unknown item 'spartanweaponry:battleaxe_diamond', At ResourceLocation: JsonObject; At Ingredient: Unknown item 'spartanweaponry:battleaxe_gold', At ResourceLocation: JsonObject; At Ingredient: Unknown item 'spartanweaponry:battleaxe_iron', At ResourceLocation: JsonObject; At Ingredient: Unknown item 'spartanweaponry:battleaxe_stone', At ResourceLocation: JsonObject; At Ingredient: Unknown item 'spartanweaponry:battleaxe_wood', At ResourceLocation: JsonObject; At Ingredient: Unknown item 'spartanweaponry:tomahawk_lead', At ResourceLocation: JsonObject; At Ingredient: Unknown item 'spartanweaponry:tomahawk_nickel', At ResourceLocation: JsonObject; At Ingredient: Unknown item 'spartanweaponry:tomahawk_electrum', At ResourceLocation: JsonObject; At Ingredient: Unknown item 'spartanweaponry:tomahawk_platinum', At ResourceLocation: JsonObject; At Ingredient: Unknown item 'spartanweaponry:tomahawk_invar', At ResourceLocation: JsonObject; At Ingredient: Unknown item 'spartanweaponry:tomahawk_silver', At ResourceLocation: JsonObject; At Ingredient: Unknown item 'spartanweaponry:tomahawk_steel', At ResourceLocation: JsonObject; At Ingredient: Unknown item 'spartanweaponry:tomahawk_bronze', At ResourceLocation: JsonObject; At Ingredient: Unknown item 'spartanweaponry:tomahawk_tin', At ResourceLocation: JsonObject; At Ingredient: Unknown item 'spartanweaponry:tomahawk_copper', At ResourceLocation: JsonObject; At Ingredient: Unknown item 'spartanweaponry:tomahawk_netherite', At ResourceLocation: JsonObject; At Ingredient: Unknown item 'spartanweaponry:tomahawk_diamond', At ResourceLocation: JsonObject; At Ingredient: Unknown item 'spartanweaponry:tomahawk_gold', At ResourceLocation: JsonObject; At Ingredient: Unknown item 'spartanweaponry:tomahawk_iron', At ResourceLocation: JsonObject; At Ingredient: Unknown item 'spartanweaponry:tomahawk_stone', At ResourceLocation: JsonObject; At Ingredient: Unknown item 'spartanweaponry:tomahawk_wood', At ResourceLocation: JsonObject; At Ingredient: Unknown item 'spartanweaponry:halberd_lead', At ResourceLocation: JsonObject; At Ingredient: Unknown item 'spartanweaponry:halberd_nickel', At ResourceLocation: JsonObject; At Ingredient: Unknown item 'spartanweaponry:halberd_electrum', At ResourceLocation: JsonObject; At Ingredient: Unknown item 'spartanweaponry:halberd_platinum', At ResourceLocation: JsonObject; At Ingredient: Unknown item 'spartanweaponry:halberd_invar', At ResourceLocation: JsonObject; At Ingredient: Unknown item 'spartanweaponry:halberd_silver', At ResourceLocation: JsonObject; At Ingredient: Unknown item 'spartanweaponry:halberd_steel', At ResourceLocation: JsonObject; At Ingredient: Unknown item 'spartanweaponry:halberd_bronze', At ResourceLocation: JsonObject; At Ingredient: Unknown item 'spartanweaponry:halberd_tin', At ResourceLocation: JsonObject; At Ingredient: Unknown item 'spartanweaponry:halberd_copper', At ResourceLocation: JsonObject; At Ingredient: Unknown item 'spartanweaponry:halberd_netherite', At ResourceLocation: JsonObject; At Ingredient: Unknown item 'spartanweaponry:halberd_diamond', At ResourceLocation: JsonObject; At Ingredient: Unknown item 'spartanweaponry:halberd_gold', At ResourceLocation: JsonObject; At Ingredient: Unknown item 'spartanweaponry:halberd_iron', At ResourceLocation: JsonObject; At Ingredient: Unknown item 'spartanweaponry:halberd_stone', At ResourceLocation: JsonObject; At Ingredient: Unknown item 'spartanweaponry:halberd_wood', At ResourceLocation: JsonObject, At ResourceLocation: JsonObject
[28Aug2026 00:20:30.302] [main/WARN] [io.github.apace100.apoli.Apoli/]: Power "strictly:spider_like" will only be partially loaded: Input does not contain a key [type]: MapLike[{"key":"key.jump","continuous":true}], At ResourceLocation: JsonObject
[28Aug2026 00:20:30.309] [main/WARN] [io.github.apace100.apoli.Apoli/]: Power "arkwys:demon/cursed_armor" will only be partially loaded: At Enchantment: Identifier "biomemakeover:buckling_curse" was not registered in registry "minecraft:enchantment"., At ResourceLocation: JsonObject; At Enchantment: Identifier "biomemakeover:inaccuracy_curse" was not registered in registry "minecraft:enchantment"., At ResourceLocation: JsonObject; At Enchantment: Identifier "biomemakeover:unwieldiness_curse" was not registered in registry "minecraft:enchantment"., At ResourceLocation: JsonObject; At Enchantment: Identifier "biomemakeover:suffocation_curse" was not registered in registry "minecraft:enchantment"., At ResourceLocation: JsonObject; At Enchantment: Identifier "biomemakeover:flammability_curse" was not registered in registry "minecraft:enchantment"., At ResourceLocation: JsonObject; At Enchantment: Identifier "biomemakeover:depth_curse" was not registered in registry "minecraft:enchantment"., At ResourceLocation: JsonObject; At Enchantment: Identifier "biomemakeover:enfeeblement_curse" was not registered in registry "minecraft:enchantment"., At ResourceLocation: JsonObject; At Enchantment: Identifier "biomemakeover:conductivity_curse" was not registered in registry "minecraft:enchantment"., At ResourceLocation: JsonObject; At Enchantment: Identifier "biomemakeover:insomnia_curse" was not registered in registry "minecraft:enchantment"., At ResourceLocation: JsonObject; At Enchantment: Identifier "biomemakeover:decay_curse" was not registered in registry "minecraft:enchantment"., At ResourceLocation: JsonObject, At ResourceLocation: JsonObject; At Enchantment: Identifier "biomemakeover:buckling_curse" was not registered in registry "minecraft:enchantment"., At ResourceLocation: JsonObject; At Enchantment: Identifier "biomemakeover:inaccuracy_curse" was not registered in registry "minecraft:enchantment"., At ResourceLocation: JsonObject; At Enchantment: Identifier "biomemakeover:unwieldiness_curse" was not registered in registry "minecraft:enchantment"., At ResourceLocation: JsonObject; At Enchantment: Identifier "biomemakeover:suffocation_curse" was not registered in registry "minecraft:enchantment"., At ResourceLocation: JsonObject; At Enchantment: Identifier "biomemakeover:flammability_curse" was not registered in registry "minecraft:enchantment"., At ResourceLocation: JsonObject; At Enchantment: Identifier "biomemakeover:depth_curse" was not registered in registry "minecraft:enchantment"., At ResourceLocation: JsonObject; At Enchantment: Identifier "biomemakeover:enfeeblement_curse" was not registered in registry "minecraft:enchantment"., At ResourceLocation: JsonObject; At Enchantment: Identifier "biomemakeover:conductivity_curse" was not registered in registry "minecraft:enchantment"., At ResourceLocation: JsonObject; At Enchantment: Identifier "biomemakeover:insomnia_curse" was not registered in registry "minecraft:enchantment"., At ResourceLocation: JsonObject; At Enchantment: Identifier "biomemakeover:decay_curse" was not registered in registry "minecraft:enchantment"., At ResourceLocation: JsonObject, At ResourceLocation: JsonObject; At Enchantment: Identifier "biomemakeover:buckling_curse" was not registered in registry "minecraft:enchantment"., At ResourceLocation: JsonObject; At Enchantment: Identifier "biomemakeover:inaccuracy_curse" was not registered in registry "minecraft:enchantment"., At ResourceLocation: JsonObject; At Enchantment: Identifier "biomemakeover:unwieldiness_curse" was not registered in registry "minecraft:enchantment"., At ResourceLocation: JsonObject; At Enchantment: Identifier "biomemakeover:suffocation_curse" was not registered in registry "minecraft:enchantment"., At ResourceLocation: JsonObject; At Enchantment: Identifier "biomemakeover:flammability_curse" was not registered in registry "minecraft:enchantment"., At ResourceLocation: JsonObject; At Enchantment: Identifier "biomemakeover:depth_curse" was not registered in registry "minecraft:enchantment"., At ResourceLocation: JsonObject; At Enchantment: Identifier "biomemakeover:enfeeblement_curse" was not registered in registry "minecraft:enchantment"., At ResourceLocation: JsonObject; At Enchantment: Identifier "biomemakeover:conductivity_curse" was not registered in registry "minecraft:enchantment"., At ResourceLocation: JsonObject; At Enchantment: Identifier "biomemakeover:insomnia_curse" was not registered in registry "minecraft:enchantment"., At ResourceLocation: JsonObject; At Enchantment: Identifier "biomemakeover:decay_curse" was not registered in registry "minecraft:enchantment"., At ResourceLocation: JsonObject, At ResourceLocation: JsonObject; At Enchantment: Identifier "biomemakeover:buckling_curse" was not registered in registry "minecraft:enchantment"., At ResourceLocation: JsonObject; At Enchantment: Identifier "biomemakeover:inaccuracy_curse" was not registered in registry "minecraft:enchantment"., At ResourceLocation: JsonObject; At Enchantment: Identifier "biomemakeover:unwieldiness_curse" was not registered in registry "minecraft:enchantment"., At ResourceLocation: JsonObject; At Enchantment: Identifier "biomemakeover:suffocation_curse" was not registered in registry "minecraft:enchantment"., At ResourceLocation: JsonObject; At Enchantment: Identifier "biomemakeover:flammability_curse" was not registered in registry "minecraft:enchantment"., At ResourceLocation: JsonObject; At Enchantment: Identifier "biomemakeover:depth_curse" was not registered in registry "minecraft:enchantment"., At ResourceLocation: JsonObject; At Enchantment: Identifier "biomemakeover:enfeeblement_curse" was not registered in registry "minecraft:enchantment"., At ResourceLocation: JsonObject; At Enchantment: Identifier "biomemakeover:conductivity_curse" was not registered in registry "minecraft:enchantment"., At ResourceLocation: JsonObject; At Enchantment: Identifier "biomemakeover:insomnia_curse" was not registered in registry "minecraft:enchantment"., At ResourceLocation: JsonObject; At Enchantment: Identifier "biomemakeover:decay_curse" was not registered in registry "minecraft:enchantment"., At ResourceLocation: JsonObject, At ResourceLocation: JsonObject
[28Aug2026 00:20:30.314] [main/WARN] [io.github.apace100.apoli.Apoli/]: Power "strictly:skofnung" will only be partially loaded: At Item: Identifier "pmmo_xp_bottles:endurance" was not registered in registry "minecraft:item"., At ResourceLocation: JsonObject, At ResourceLocation: JsonObject
[28Aug2026 00:20:30.323] [main/WARN] [io.github.apace100.apoli.Apoli/]: Power "medievalorigins:knight/skilled_swordsman" will only be partially loaded: At Ingredient: Unknown item 'iceandfire:dread_kinght_sword', At ResourceLocation: JsonObject; At Ingredient: Unknown item 'dungeons_gear:rapier', At ResourceLocation: JsonObject; At Ingredient: Unknown item 'dungeons_gear:frost_slayer', At ResourceLocation: JsonObject; At Ingredient: Unknown item 'dungeons_gear:heartstealer', At ResourceLocation: JsonObject; At Ingredient: Unknown item 'dungeons_gear:broadsword', At ResourceLocation: JsonObject; At Ingredient: Unknown item 'dungeons_gear:claymore', At ResourceLocation: JsonObject; At Ingredient: Unknown item 'dungeons_gear:truthseeker', At ResourceLocation: JsonObject; At Ingredient: Unknown item 'dungeons_gear:masters_katana', At ResourceLocation: JsonObject; At Ingredient: Unknown item 'dungeons_gear:dark_katana', At ResourceLocation: JsonObject; At Ingredient: Unknown item 'dungeons_gear:katana', At ResourceLocation: JsonObject; At Ingredient: Unknown item 'dungeons_gear:sinister_sword', At ResourceLocation: JsonObject; At Ingredient: Unknown item 'dungeons_gear:hawkbrand', At ResourceLocation: JsonObject; At Ingredient: Unknown item 'dungeons_gear:diamond_sword', At ResourceLocation: JsonObject; At Ingredient: Unknown item 'dungeons_gear:gold_sword', At ResourceLocation: JsonObject; At Ingredient: Unknown item 'dungeons_gear:stone_sword', At ResourceLocation: JsonObject; At Ingredient: Unknown item 'dungeons_gear:sword', At ResourceLocation: JsonObject; At Ingredient: Unknown item 'dungeons_gear:nameless_blade', At ResourceLocation: JsonObject; At Ingredient: Unknown item 'dungeons_gear:cutlass', At ResourceLocation: JsonObject; At Ingredient: Unknown item 'dungeons_gear:freezing_foil', At ResourceLocation: JsonObject; At Ingredient: Unknown item 'dungeons_gear:bee_stinger', At ResourceLocation: JsonObject; At Ingredient: Unknown item 'dungeons_gear:rapier', At ResourceLocation: JsonObject, At ResourceLocation: JsonObject
[28Aug2026 00:20:30.339] [main/WARN] [io.github.apace100.apoli.Apoli/]: Power "medievalorigins:elf/weak_swords_spartanweaponry" will only be partially loaded: At Ingredient: Unknown item 'spartanweaponry:greatsword_lead', At ResourceLocation: JsonObject; At Ingredient: Unknown item 'spartanweaponry:greatsword_nickel', At ResourceLocation: JsonObject; At Ingredient: Unknown item 'spartanweaponry:greatsword_electrum', At ResourceLocation: JsonObject; At Ingredient: Unknown item 'spartanweaponry:greatsword_platinum', At ResourceLocation: JsonObject; At Ingredient: Unknown item 'spartanweaponry:greatsword_invar', At ResourceLocation: JsonObject; At Ingredient: Unknown item 'spartanweaponry:greatsword_silver', At ResourceLocation: JsonObject; At Ingredient: Unknown item 'spartanweaponry:greatsword_steel', At ResourceLocation: JsonObject; At Ingredient: Unknown item 'spartanweaponry:greatsword_bronze', At ResourceLocation: JsonObject; At Ingredient: Unknown item 'spartanweaponry:greatsword_tin', At ResourceLocation: JsonObject; At Ingredient: Unknown item 'spartanweaponry:greatsword_copper', At ResourceLocation: JsonObject; At Ingredient: Unknown item 'spartanweaponry:greatsword_netherite', At ResourceLocation: JsonObject; At Ingredient: Unknown item 'spartanweaponry:greatsword_diamond', At ResourceLocation: JsonObject; At Ingredient: Unknown item 'spartanweaponry:greatsword_gold', At ResourceLocation: JsonObject; At Ingredient: Unknown item 'spartanweaponry:greatsword_iron', At ResourceLocation: JsonObject; At Ingredient: Unknown item 'spartanweaponry:greatsword_stone', At ResourceLocation: JsonObject; At Ingredient: Unknown item 'spartanweaponry:greatsword_wood', At ResourceLocation: JsonObject; At Ingredient: Unknown item 'spartanweaponry:rapier_lead', At ResourceLocation: JsonObject; At Ingredient: Unknown item 'spartanweaponry:rapier_nickel', At ResourceLocation: JsonObject; At Ingredient: Unknown item 'spartanweaponry:rapier_electrum', At ResourceLocation: JsonObject; At Ingredient: Unknown item 'spartanweaponry:rapier_platinum', At ResourceLocation: JsonObject; At Ingredient: Unknown item 'spartanweaponry:rapier_invar', At ResourceLocation: JsonObject; At Ingredient: Unknown item 'spartanweaponry:rapier_silver', At ResourceLocation: JsonObject; At Ingredient: Unknown item 'spartanweaponry:rapier_steel', At ResourceLocation: JsonObject; At Ingredient: Unknown item 'spartanweaponry:rapier_bronze', At ResourceLocation: JsonObject; At Ingredient: Unknown item 'spartanweaponry:rapier_tin', At ResourceLocation: JsonObject; At Ingredient: Unknown item 'spartanweaponry:rapier_copper', At ResourceLocation: JsonObject; At Ingredient: Unknown item 'spartanweaponry:rapier_netherite', At ResourceLocation: JsonObject; At Ingredient: Unknown item 'spartanweaponry:rapier_diamond', At ResourceLocation: JsonObject; At Ingredient: Unknown item 'spartanweaponry:rapier_gold', At ResourceLocation: JsonObject; At Ingredient: Unknown item 'spartanweaponry:rapier_iron', At ResourceLocation: JsonObject; At Ingredient: Unknown item 'spartanweaponry:rapier_stone', At ResourceLocation: JsonObject; At Ingredient: Unknown item 'spartanweaponry:rapier_wood', At ResourceLocation: JsonObject; At Ingredient: Unknown item 'spartanweaponry:saber_lead', At ResourceLocation: JsonObject; At Ingredient: Unknown item 'spartanweaponry:saber_nickel', At ResourceLocation: JsonObject; At Ingredient: Unknown item 'spartanweaponry:saber_electrum', At ResourceLocation: JsonObject; At Ingredient: Unknown item 'spartanweaponry:saber_platinum', At ResourceLocation: JsonObject; At Ingredient: Unknown item 'spartanweaponry:saber_invar', At ResourceLocation: JsonObject; At Ingredient: Unknown item 'spartanweaponry:saber_silver', At ResourceLocation: JsonObject; At Ingredient: Unknown item 'spartanweaponry:saber_steel', At ResourceLocation: JsonObject; At Ingredient: Unknown item 'spartanweaponry:saber_bronze', At ResourceLocation: JsonObject; At Ingredient: Unknown item 'spartanweaponry:saber_tin', At ResourceLocation: JsonObject; At Ingredient: Unknown item 'spartanweaponry:saber_copper', At ResourceLocation: JsonObject; At Ingredient: Unknown item 'spartanweaponry:saber_netherite', At ResourceLocation: JsonObject; At Ingredient: Unknown item 'spartanweaponry:saber_diamond', At ResourceLocation: JsonObject; At Ingredient: Unknown item 'spartanweaponry:saber_gold', At ResourceLocation: JsonObject; At Ingredient: Unknown item 'spartanweaponry:saber_iron', At ResourceLocation: JsonObject; At Ingredient: Unknown item 'spartanweaponry:saber_stone', At ResourceLocation: JsonObject; At Ingredient: Unknown item 'spartanweaponry:saber_wood', At ResourceLocation: JsonObject; At Ingredient: Unknown item 'spartanweaponry:katana_lead', At ResourceLocation: JsonObject; At Ingredient: Unknown item 'spartanweaponry:katana_nickel', At ResourceLocation: JsonObject; At Ingredient: Unknown item 'spartanweaponry:katana_electrum', At ResourceLocation: JsonObject; At Ingredient: Unknown item 'spartanweaponry:katana_platinum', At ResourceLocation: JsonObject; At Ingredient: Unknown item 'spartanweaponry:katana_invar', At ResourceLocation: JsonObject; At Ingredient: Unknown item 'spartanweaponry:katana_silver', At ResourceLocation: JsonObject; At Ingredient: Unknown item 'spartanweaponry:katana_steel', At ResourceLocation: JsonObject; At Ingredient: Unknown item 'spartanweaponry:katana_bronze', At ResourceLocation: JsonObject; At Ingredient: Unknown item 'spartanweaponry:katana_tin', At ResourceLocation: JsonObject; At Ingredient: Unknown item 'spartanweaponry:katana_copper', At ResourceLocation: JsonObject; At Ingredient: Unknown item 'spartanweaponry:katana_netherite', At ResourceLocation: JsonObject; At Ingredient: Unknown item 'spartanweaponry:katana_diamond', At ResourceLocation: JsonObject; At Ingredient: Unknown item 'spartanweaponry:katana_gold', At ResourceLocation: JsonObject; At Ingredient: Unknown item 'spartanweaponry:katana_iron', At ResourceLocation: JsonObject; At Ingredient: Unknown item 'spartanweaponry:katana_stone', At ResourceLocation: JsonObject; At Ingredient: Unknown item 'spartanweaponry:katana_wood', At ResourceLocation: JsonObject; At Ingredient: Unknown item 'spartanweaponry:longsword_lead', At ResourceLocation: JsonObject; At Ingredient: Unknown item 'spartanweaponry:longsword_nickel', At ResourceLocation: JsonObject; At Ingredient: Unknown item 'spartanweaponry:longsword_electrum', At ResourceLocation: JsonObject; At Ingredient: Unknown item 'spartanweaponry:longsword_platinum', At ResourceLocation: JsonObject; At Ingredient: Unknown item 'spartanweaponry:longsword_invar', At ResourceLocation: JsonObject; At Ingredient: Unknown item 'spartanweaponry:longsword_silver', At ResourceLocation: JsonObject; At Ingredient: Unknown item 'spartanweaponry:longsword_steel', At ResourceLocation: JsonObject; At Ingredient: Unknown item 'spartanweaponry:longsword_bronze', At ResourceLocation: JsonObject; At Ingredient: Unknown item 'spartanweaponry:longsword_tin', At ResourceLocation: JsonObject; At Ingredient: Unknown item 'spartanweaponry:longsword_copper', At ResourceLocation: JsonObject; At Ingredient: Unknown item 'spartanweaponry:longsword_netherite', At ResourceLocation: JsonObject; At Ingredient: Unknown item 'spartanweaponry:longsword_diamond', At ResourceLocation: JsonObject; At Ingredient: Unknown item 'spartanweaponry:longsword_gold', At ResourceLocation: JsonObject; At Ingredient: Unknown item 'spartanweaponry:longsword_iron', At ResourceLocation: JsonObject; At Ingredient: Unknown item 'spartanweaponry:longsword_stone', At ResourceLocation: JsonObject; At Ingredient: Unknown item 'spartanweaponry:longsword_wood', At ResourceLocation: JsonObject, At ResourceLocation: JsonObject
[28Aug2026 00:20:30.342] [main/WARN] [io.github.apace100.apoli.Apoli/]: Power "medievalorigins:gorgon/silver_aversion_iceandfire" will only be partially loaded: At Ingredient: Unknown item 'iceandfire:armor_silver_metal_helmets', At ResourceLocation: JsonObject, At ResourceLocation: JsonObject
[28Aug2026 00:20:30.356] [main/WARN] [io.github.apace100.apoli.Apoli/]: Power "medievalorigins:paladin/weak_swords_spartanweaponry" will only be partially loaded: At Ingredient: Unknown item 'spartanweaponry:greatsword_lead', At ResourceLocation: JsonObject; At Ingredient: Unknown item 'spartanweaponry:greatsword_nickel', At ResourceLocation: JsonObject; At Ingredient: Unknown item 'spartanweaponry:greatsword_electrum', At ResourceLocation: JsonObject; At Ingredient: Unknown item 'spartanweaponry:greatsword_platinum', At ResourceLocation: JsonObject; At Ingredient: Unknown item 'spartanweaponry:greatsword_invar', At ResourceLocation: JsonObject; At Ingredient: Unknown item 'spartanweaponry:greatsword_silver', At ResourceLocation: JsonObject; At Ingredient: Unknown item 'spartanweaponry:greatsword_steel', At ResourceLocation: JsonObject; At Ingredient: Unknown item 'spartanweaponry:greatsword_bronze', At ResourceLocation: JsonObject; At Ingredient: Unknown item 'spartanweaponry:greatsword_tin', At ResourceLocation: JsonObject; At Ingredient: Unknown item 'spartanweaponry:greatsword_copper', At ResourceLocation: JsonObject; At Ingredient: Unknown item 'spartanweaponry:greatsword_netherite', At ResourceLocation: JsonObject; At Ingredient: Unknown item 'spartanweaponry:greatsword_diamond', At ResourceLocation: JsonObject; At Ingredient: Unknown item 'spartanweaponry:greatsword_gold', At ResourceLocation: JsonObject; At Ingredient: Unknown item 'spartanweaponry:greatsword_iron', At ResourceLocation: JsonObject; At Ingredient: Unknown item 'spartanweaponry:greatsword_stone', At ResourceLocation: JsonObject; At Ingredient: Unknown item 'spartanweaponry:greatsword_wood', At ResourceLocation: JsonObject; At Ingredient: Unknown item 'spartanweaponry:rapier_lead', At ResourceLocation: JsonObject; At Ingredient: Unknown item 'spartanweaponry:rapier_nickel', At ResourceLocation: JsonObject; At Ingredient: Unknown item 'spartanweaponry:rapier_electrum', At ResourceLocation: JsonObject; At Ingredient: Unknown item 'spartanweaponry:rapier_platinum', At ResourceLocation: JsonObject; At Ingredient: Unknown item 'spartanweaponry:rapier_invar', At ResourceLocation: JsonObject; At Ingredient: Unknown item 'spartanweaponry:rapier_silver', At ResourceLocation: JsonObject; At Ingredient: Unknown item 'spartanweaponry:rapier_steel', At ResourceLocation: JsonObject; At Ingredient: Unknown item 'spartanweaponry:rapier_bronze', At ResourceLocation: JsonObject; At Ingredient: Unknown item 'spartanweaponry:rapier_tin', At ResourceLocation: JsonObject; At Ingredient: Unknown item 'spartanweaponry:rapier_copper', At ResourceLocation: JsonObject; At Ingredient: Unknown item 'spartanweaponry:rapier_netherite', At ResourceLocation: JsonObject; At Ingredient: Unknown item 'spartanweaponry:rapier_diamond', At ResourceLocation: JsonObject; At Ingredient: Unknown item 'spartanweaponry:rapier_gold', At ResourceLocation: JsonObject; At Ingredient: Unknown item 'spartanweaponry:rapier_iron', At ResourceLocation: JsonObject; At Ingredient: Unknown item 'spartanweaponry:rapier_stone', At ResourceLocation: JsonObject; At Ingredient: Unknown item 'spartanweaponry:rapier_wood', At ResourceLocation: JsonObject; At Ingredient: Unknown item 'spartanweaponry:saber_lead', At ResourceLocation: JsonObject; At Ingredient: Unknown item 'spartanweaponry:saber_nickel', At ResourceLocation: JsonObject; At Ingredient: Unknown item 'spartanweaponry:saber_electrum', At ResourceLocation: JsonObject; At Ingredient: Unknown item 'spartanweaponry:saber_platinum', At ResourceLocation: JsonObject; At Ingredient: Unknown item 'spartanweaponry:saber_invar', At ResourceLocation: JsonObject; At Ingredient: Unknown item 'spartanweaponry:saber_silver', At ResourceLocation: JsonObject; At Ingredient: Unknown item 'spartanweaponry:saber_steel', At ResourceLocation: JsonObject; At Ingredient: Unknown item 'spartanweaponry:saber_bronze', At ResourceLocation: JsonObject; At Ingredient: Unknown item 'spartanweaponry:saber_tin', At ResourceLocation: JsonObject; At Ingredient: Unknown item 'spartanweaponry:saber_copper', At ResourceLocation: JsonObject; At Ingredient: Unknown item 'spartanweaponry:saber_netherite', At ResourceLocation: JsonObject; At Ingredient: Unknown item 'spartanweaponry:saber_diamond', At ResourceLocation: JsonObject; At Ingredient: Unknown item 'spartanweaponry:saber_gold', At ResourceLocation: JsonObject; At Ingredient: Unknown item 'spartanweaponry:saber_iron', At ResourceLocation: JsonObject; At Ingredient: Unknown item 'spartanweaponry:saber_stone', At ResourceLocation: JsonObject; At Ingredient: Unknown item 'spartanweaponry:saber_wood', At ResourceLocation: JsonObject; At Ingredient: Unknown item 'spartanweaponry:katana_lead', At ResourceLocation: JsonObject; At Ingredient: Unknown item 'spartanweaponry:katana_nickel', At ResourceLocation: JsonObject; At Ingredient: Unknown item 'spartanweaponry:katana_electrum', At ResourceLocation: JsonObject; At Ingredient: Unknown item 'spartanweaponry:katana_platinum', At ResourceLocation: JsonObject; At Ingredient: Unknown item 'spartanweaponry:katana_invar', At ResourceLocation: JsonObject; At Ingredient: Unknown item 'spartanweaponry:katana_silver', At ResourceLocation: JsonObject; At Ingredient: Unknown item 'spartanweaponry:katana_steel', At ResourceLocation: JsonObject; At Ingredient: Unknown item 'spartanweaponry:katana_bronze', At ResourceLocation: JsonObject; At Ingredient: Unknown item 'spartanweaponry:katana_tin', At ResourceLocation: JsonObject; At Ingredient: Unknown item 'spartanweaponry:katana_copper', At ResourceLocation: JsonObject; At Ingredient: Unknown item 'spartanweaponry:katana_netherite', At ResourceLocation: JsonObject; At Ingredient: Unknown item 'spartanweaponry:katana_diamond', At ResourceLocation: JsonObject; At Ingredient: Unknown item 'spartanweaponry:katana_gold', At ResourceLocation: JsonObject; At Ingredient: Unknown item 'spartanweaponry:katana_iron', At ResourceLocation: JsonObject; At Ingredient: Unknown item 'spartanweaponry:katana_stone', At ResourceLocation: JsonObject; At Ingredient: Unknown item 'spartanweaponry:katana_wood', At ResourceLocation: JsonObject; At Ingredient: Unknown item 'spartanweaponry:longsword_lead', At ResourceLocation: JsonObject; At Ingredient: Unknown item 'spartanweaponry:longsword_nickel', At ResourceLocation: JsonObject; At Ingredient: Unknown item 'spartanweaponry:longsword_electrum', At ResourceLocation: JsonObject; At Ingredient: Unknown item 'spartanweaponry:longsword_platinum', At ResourceLocation: JsonObject; At Ingredient: Unknown item 'spartanweaponry:longsword_invar', At ResourceLocation: JsonObject; At Ingredient: Unknown item 'spartanweaponry:longsword_silver', At ResourceLocation: JsonObject; At Ingredient: Unknown item 'spartanweaponry:longsword_steel', At ResourceLocation: JsonObject; At Ingredient: Unknown item 'spartanweaponry:longsword_bronze', At ResourceLocation: JsonObject; At Ingredient: Unknown item 'spartanweaponry:longsword_tin', At ResourceLocation: JsonObject; At Ingredient: Unknown item 'spartanweaponry:longsword_copper', At ResourceLocation: JsonObject; At Ingredient: Unknown item 'spartanweaponry:longsword_netherite', At ResourceLocation: JsonObject; At Ingredient: Unknown item 'spartanweaponry:longsword_diamond', At ResourceLocation: JsonObject; At Ingredient: Unknown item 'spartanweaponry:longsword_gold', At ResourceLocation: JsonObject; At Ingredient: Unknown item 'spartanweaponry:longsword_iron', At ResourceLocation: JsonObject; At Ingredient: Unknown item 'spartanweaponry:longsword_stone', At ResourceLocation: JsonObject; At Ingredient: Unknown item 'spartanweaponry:longsword_wood', At ResourceLocation: JsonObject, At ResourceLocation: JsonObject
[28Aug2026 00:20:30.357] [main/WARN] [io.github.apace100.apoli.Apoli/]: Power "strictly:skull_wand" will only be partially loaded: At Item: Identifier "orcz:skullwand" was not registered in registry "minecraft:item"., At ResourceLocation: JsonObject, At ResourceLocation: JsonObject
[28Aug2026 00:20:30.366] [main/WARN] [io.github.apace100.apoli.Apoli/]: Power "medievalorigins:goblin/greedy_dungeons_gear" will only be partially loaded: Failed to read fields: At Ingredient: Unknown item 'dungeons_gear:suns_grace', At ResourceLocation: JsonObject; At Ingredient: Unknown item 'dungeons_gear:firebrand', At ResourceLocation: JsonObject; At Ingredient: Unknown item 'dungeons_gear:gold_axe', At ResourceLocation: JsonObject; At Ingredient: Unknown item 'dungeons_gear:gold_sword', At ResourceLocation: JsonObject, At ResourceLocation: JsonObject
[28Aug2026 00:20:30.377] [main/WARN] [io.github.apace100.apoli.Apoli/]: Power "medievalorigins:knight/melee4ever_spartanweaponry" will only be partially loaded: At Ingredient: Unknown item 'spartanweaponry:boomerang_lead', At ResourceLocation: JsonObject; At Ingredient: Unknown item 'spartanweaponry:boomerang_nickel', At ResourceLocation: JsonObject; At Ingredient: Unknown item 'spartanweaponry:boomerang_electrum', At ResourceLocation: JsonObject; At Ingredient: Unknown item 'spartanweaponry:boomerang_platinum', At ResourceLocation: JsonObject; At Ingredient: Unknown item 'spartanweaponry:boomerang_invar', At ResourceLocation: JsonObject; At Ingredient: Unknown item 'spartanweaponry:boomerang_silver', At ResourceLocation: JsonObject; At Ingredient: Unknown item 'spartanweaponry:boomerang_steel', At ResourceLocation: JsonObject; At Ingredient: Unknown item 'spartanweaponry:boomerang_bronze', At ResourceLocation: JsonObject; At Ingredient: Unknown item 'spartanweaponry:boomerang_tin', At ResourceLocation: JsonObject; At Ingredient: Unknown item 'spartanweaponry:boomerang_copper', At ResourceLocation: JsonObject; At Ingredient: Unknown item 'spartanweaponry:boomerang_netherite', At ResourceLocation: JsonObject; At Ingredient: Unknown item 'spartanweaponry:boomerang_diamond', At ResourceLocation: JsonObject; At Ingredient: Unknown item 'spartanweaponry:boomerang_gold', At ResourceLocation: JsonObject; At Ingredient: Unknown item 'spartanweaponry:boomerang_iron', At ResourceLocation: JsonObject; At Ingredient: Unknown item 'spartanweaponry:boomerang_stone', At ResourceLocation: JsonObject; At Ingredient: Unknown item 'spartanweaponry:boomerang_wood', At ResourceLocation: JsonObject; At Ingredient: Unknown item 'spartanweaponry:heavy_crossbow_lead', At ResourceLocation: JsonObject; At Ingredient: Unknown item 'spartanweaponry:heavy_crossbow_nickel', At ResourceLocation: JsonObject; At Ingredient: Unknown item 'spartanweaponry:heavy_crossbow_electrum', At ResourceLocation: JsonObject; At Ingredient: Unknown item 'spartanweaponry:heavy_crossbow_platinum', At ResourceLocation: JsonObject; At Ingredient: Unknown item 'spartanweaponry:heavy_crossbow_invar', At ResourceLocation: JsonObject; At Ingredient: Unknown item 'spartanweaponry:heavy_crossbow_silver', At ResourceLocation: JsonObject; At Ingredient: Unknown item 'spartanweaponry:heavy_crossbow_steel', At ResourceLocation: JsonObject; At Ingredient: Unknown item 'spartanweaponry:heavy_crossbow_bronze', At ResourceLocation: JsonObject; At Ingredient: Unknown item 'spartanweaponry:heavy_crossbow_tin', At ResourceLocation: JsonObject; At Ingredient: Unknown item 'spartanweaponry:heavy_crossbow_copper', At ResourceLocation: JsonObject; At Ingredient: Unknown item 'spartanweaponry:heavy_crossbow_netherite', At ResourceLocation: JsonObject; At Ingredient: Unknown item 'spartanweaponry:heavy_crossbow_diamond', At ResourceLocation: JsonObject; At Ingredient: Unknown item 'spartanweaponry:heavy_crossbow_gold', At ResourceLocation: JsonObject; At Ingredient: Unknown item 'spartanweaponry:heavy_crossbow_iron', At ResourceLocation: JsonObject; At Ingredient: Unknown item 'spartanweaponry:heavy_crossbow_leather', At ResourceLocation: JsonObject; At Ingredient: Unknown item 'spartanweaponry:heavy_crossbow_wood', At ResourceLocation: JsonObject; At Ingredient: Unknown item 'spartanweaponry:longbow_lead', At ResourceLocation: JsonObject; At Ingredient: Unknown item 'spartanweaponry:longbow_nickel', At ResourceLocation: JsonObject; At Ingredient: Unknown item 'spartanweaponry:longbow_electrum', At ResourceLocation: JsonObject; At Ingredient: Unknown item 'spartanweaponry:longbow_platinum', At ResourceLocation: JsonObject; At Ingredient: Unknown item 'spartanweaponry:longbow_invar', At ResourceLocation: JsonObject; At Ingredient: Unknown item 'spartanweaponry:longbow_silver', At ResourceLocation: JsonObject; At Ingredient: Unknown item 'spartanweaponry:longbow_steel', At ResourceLocation: JsonObject; At Ingredient: Unknown item 'spartanweaponry:longbow_bronze', At ResourceLocation: JsonObject; At Ingredient: Unknown item 'spartanweaponry:longbow_tin', At ResourceLocation: JsonObject; At Ingredient: Unknown item 'spartanweaponry:longbow_copper', At ResourceLocation: JsonObject; At Ingredient: Unknown item 'spartanweaponry:longbow_netherite', At ResourceLocation: JsonObject; At Ingredient: Unknown item 'spartanweaponry:longbow_diamond', At ResourceLocation: JsonObject; At Ingredient: Unknown item 'spartanweaponry:longbow_gold', At ResourceLocation: JsonObject; At Ingredient: Unknown item 'spartanweaponry:longbow_iron', At ResourceLocation: JsonObject; At Ingredient: Unknown item 'spartanweaponry:longbow_leather', At ResourceLocation: JsonObject; At Ingredient: Unknown item 'spartanweaponry:longbow_wood', At ResourceLocation: JsonObject, At ResourceLocation: JsonObject
[28Aug2026 00:20:30.384] [main/WARN] [io.github.apace100.apoli.Apoli/]: Power "medievalorigins:werewolf/silver_aversion_werewolf_iceandfire" will only be partially loaded: At Ingredient: Unknown item 'iceandfire:armor_silver_metal_helmets', At ResourceLocation: JsonObject, At ResourceLocation: JsonObject
[28Aug2026 00:20:30.397] [main/WARN] [io.github.apace100.apoli.Apoli/]: Power "medievalorigins:knight/skilled_swordsman_iceandfire" will only be partially loaded: At Ingredient: Unknown item 'iceandfire:dread_kinght_sword', At ResourceLocation: JsonObject, At ResourceLocation: JsonObject
[28Aug2026 00:20:30.405] [main/WARN] [io.github.apace100.apoli.Apoli/]: Power "medievalorigins:paladin/holy_instruments_iceandfire" will only be partially loaded: At Ingredient: Unknown item 'iceandfire:dragonsteel_cold_axe', At ResourceLocation: JsonObject, At ResourceLocation: JsonObject
[28Aug2026 00:20:30.426] [main/WARN] [io.github.apace100.apoli.Apoli/]: Power "medievalorigins:paladin/holy_instruments_spartanweaponry" will only be partially loaded: At Ingredient: Unknown item 'spartanweaponry:battleaxe_lead', At ResourceLocation: JsonObject; At Ingredient: Unknown item 'spartanweaponry:battleaxe_nickel', At ResourceLocation: JsonObject; At Ingredient: Unknown item 'spartanweaponry:battleaxe_electrum', At ResourceLocation: JsonObject; At Ingredient: Unknown item 'spartanweaponry:battleaxe_platinum', At ResourceLocation: JsonObject; At Ingredient: Unknown item 'spartanweaponry:battleaxe_invar', At ResourceLocation: JsonObject; At Ingredient: Unknown item 'spartanweaponry:battleaxe_silver', At ResourceLocation: JsonObject; At Ingredient: Unknown item 'spartanweaponry:battleaxe_steel', At ResourceLocation: JsonObject; At Ingredient: Unknown item 'spartanweaponry:battleaxe_bronze', At ResourceLocation: JsonObject; At Ingredient: Unknown item 'spartanweaponry:battleaxe_tin', At ResourceLocation: JsonObject; At Ingredient: Unknown item 'spartanweaponry:battleaxe_copper', At ResourceLocation: JsonObject; At Ingredient: Unknown item 'spartanweaponry:battleaxe_netherite', At ResourceLocation: JsonObject; At Ingredient: Unknown item 'spartanweaponry:battleaxe_diamond', At ResourceLocation: JsonObject; At Ingredient: Unknown item 'spartanweaponry:battleaxe_gold', At ResourceLocation: JsonObject; At Ingredient: Unknown item 'spartanweaponry:battleaxe_iron', At ResourceLocation: JsonObject; At Ingredient: Unknown item 'spartanweaponry:battleaxe_stone', At ResourceLocation: JsonObject; At Ingredient: Unknown item 'spartanweaponry:battleaxe_wood', At ResourceLocation: JsonObject; At Ingredient: Unknown item 'spartanweaponry:tomahawk_lead', At ResourceLocation: JsonObject; At Ingredient: Unknown item 'spartanweaponry:tomahawk_nickel', At ResourceLocation: JsonObject; At Ingredient: Unknown item 'spartanweaponry:tomahawk_electrum', At ResourceLocation: JsonObject; At Ingredient: Unknown item 'spartanweaponry:tomahawk_platinum', At ResourceLocation: JsonObject; At Ingredient: Unknown item 'spartanweaponry:tomahawk_invar', At ResourceLocation: JsonObject; At Ingredient: Unknown item 'spartanweaponry:tomahawk_silver', At ResourceLocation: JsonObject; At Ingredient: Unknown item 'spartanweaponry:tomahawk_steel', At ResourceLocation: JsonObject; At Ingredient: Unknown item 'spartanweaponry:tomahawk_bronze', At ResourceLocation: JsonObject; At Ingredient: Unknown item 'spartanweaponry:tomahawk_tin', At ResourceLocation: JsonObject; At Ingredient: Unknown item 'spartanweaponry:tomahawk_copper', At ResourceLocation: JsonObject; At Ingredient: Unknown item 'spartanweaponry:tomahawk_netherite', At ResourceLocation: JsonObject; At Ingredient: Unknown item 'spartanweaponry:tomahawk_diamond', At ResourceLocation: JsonObject; At Ingredient: Unknown item 'spartanweaponry:tomahawk_gold', At ResourceLocation: JsonObject; At Ingredient: Unknown item 'spartanweaponry:tomahawk_iron', At ResourceLocation: JsonObject; At Ingredient: Unknown item 'spartanweaponry:tomahawk_stone', At ResourceLocation: JsonObject; At Ingredient: Unknown item 'spartanweaponry:tomahawk_wood', At ResourceLocation: JsonObject; At Ingredient: Unknown item 'spartanweaponry:halberd_lead', At ResourceLocation: JsonObject; At Ingredient: Unknown item 'spartanweaponry:halberd_nickel', At ResourceLocation: JsonObject; At Ingredient: Unknown item 'spartanweaponry:halberd_electrum', At ResourceLocation: JsonObject; At Ingredient: Unknown item 'spartanweaponry:halberd_platinum', At ResourceLocation: JsonObject; At Ingredient: Unknown item 'spartanweaponry:halberd_invar', At ResourceLocation: JsonObject; At Ingredient: Unknown item 'spartanweaponry:halberd_silver', At ResourceLocation: JsonObject; At Ingredient: Unknown item 'spartanweaponry:halberd_steel', At ResourceLocation: JsonObject; At Ingredient: Unknown item 'spartanweaponry:halberd_bronze', At ResourceLocation: JsonObject; At Ingredient: Unknown item 'spartanweaponry:halberd_tin', At ResourceLocation: JsonObject; At Ingredient: Unknown item 'spartanweaponry:halberd_copper', At ResourceLocation: JsonObject; At Ingredient: Unknown item 'spartanweaponry:halberd_netherite', At ResourceLocation: JsonObject; At Ingredient: Unknown item 'spartanweaponry:halberd_diamond', At ResourceLocation: JsonObject; At Ingredient: Unknown item 'spartanweaponry:halberd_gold', At ResourceLocation: JsonObject; At Ingredient: Unknown item 'spartanweaponry:halberd_iron', At ResourceLocation: JsonObject; At Ingredient: Unknown item 'spartanweaponry:halberd_stone', At ResourceLocation: JsonObject; At Ingredient: Unknown item 'spartanweaponry:halberd_wood', At ResourceLocation: JsonObject, At ResourceLocation: JsonObject
[28Aug2026 00:20:30.481] [main/WARN] [io.github.apace100.apoli.Apoli/]: Power "arkwys:woodelf/weak_melee_spartanweaponry" will only be partially loaded: At Ingredient: Unknown item 'spartanweaponry:greatsword_lead', At ResourceLocation: JsonObject; At Ingredient: Unknown item 'spartanweaponry:greatsword_nickel', At ResourceLocation: JsonObject; At Ingredient: Unknown item 'spartanweaponry:greatsword_electrum', At ResourceLocation: JsonObject; At Ingredient: Unknown item 'spartanweaponry:greatsword_platinum', At ResourceLocation: JsonObject; At Ingredient: Unknown item 'spartanweaponry:greatsword_invar', At ResourceLocation: JsonObject; At Ingredient: Unknown item 'spartanweaponry:greatsword_silver', At ResourceLocation: JsonObject; At Ingredient: Unknown item 'spartanweaponry:greatsword_steel', At ResourceLocation: JsonObject; At Ingredient: Unknown item 'spartanweaponry:greatsword_bronze', At ResourceLocation: JsonObject; At Ingredient: Unknown item 'spartanweaponry:greatsword_tin', At ResourceLocation: JsonObject; At Ingredient: Unknown item 'spartanweaponry:greatsword_copper', At ResourceLocation: JsonObject; At Ingredient: Unknown item 'spartanweaponry:greatsword_netherite', At ResourceLocation: JsonObject; At Ingredient: Unknown item 'spartanweaponry:greatsword_diamond', At ResourceLocation: JsonObject; At Ingredient: Unknown item 'spartanweaponry:greatsword_gold', At ResourceLocation: JsonObject; At Ingredient: Unknown item 'spartanweaponry:greatsword_iron', At ResourceLocation: JsonObject; At Ingredient: Unknown item 'spartanweaponry:greatsword_stone', At ResourceLocation: JsonObject; At Ingredient: Unknown item 'spartanweaponry:greatsword_wood', At ResourceLocation: JsonObject; At Ingredient: Unknown item 'spartanweaponry:rapier_lead', At ResourceLocation: JsonObject; At Ingredient: Unknown item 'spartanweaponry:rapier_nickel', At ResourceLocation: JsonObject; At Ingredient: Unknown item 'spartanweaponry:rapier_electrum', At ResourceLocation: JsonObject; At Ingredient: Unknown item 'spartanweaponry:rapier_platinum', At ResourceLocation: JsonObject; At Ingredient: Unknown item 'spartanweaponry:rapier_invar', At ResourceLocation: JsonObject; At Ingredient: Unknown item 'spartanweaponry:rapier_silver', At ResourceLocation: JsonObject; At Ingredient: Unknown item 'spartanweaponry:rapier_steel', At ResourceLocation: JsonObject; At Ingredient: Unknown item 'spartanweaponry:rapier_bronze', At ResourceLocation: JsonObject; At Ingredient: Unknown item 'spartanweaponry:rapier_tin', At ResourceLocation: JsonObject; At Ingredient: Unknown item 'spartanweaponry:rapier_copper', At ResourceLocation: JsonObject; At Ingredient: Unknown item 'spartanweaponry:rapier_netherite', At ResourceLocation: JsonObject; At Ingredient: Unknown item 'spartanweaponry:rapier_diamond', At ResourceLocation: JsonObject; At Ingredient: Unknown item 'spartanweaponry:rapier_gold', At ResourceLocation: JsonObject; At Ingredient: Unknown item 'spartanweaponry:rapier_iron', At ResourceLocation: JsonObject; At Ingredient: Unknown item 'spartanweaponry:rapier_stone', At ResourceLocation: JsonObject; At Ingredient: Unknown item 'spartanweaponry:rapier_wood', At ResourceLocation: JsonObject; At Ingredient: Unknown item 'spartanweaponry:saber_lead', At ResourceLocation: JsonObject; At Ingredient: Unknown item 'spartanweaponry:saber_nickel', At ResourceLocation: JsonObject; At Ingredient: Unknown item 'spartanweaponry:saber_electrum', At ResourceLocation: JsonObject; At Ingredient: Unknown item 'spartanweaponry:saber_platinum', At ResourceLocation: JsonObject; At Ingredient: Unknown item 'spartanweaponry:saber_invar', At ResourceLocation: JsonObject; At Ingredient: Unknown item 'spartanweaponry:saber_silver', At ResourceLocation: JsonObject; At Ingredient: Unknown item 'spartanweaponry:saber_steel', At ResourceLocation: JsonObject; At Ingredient: Unknown item 'spartanweaponry:saber_bronze', At ResourceLocation: JsonObject; At Ingredient: Unknown item 'spartanweaponry:saber_tin', At ResourceLocation: JsonObject; At Ingredient: Unknown item 'spartanweaponry:saber_copper', At ResourceLocation: JsonObject; At Ingredient: Unknown item 'spartanweaponry:saber_netherite', At ResourceLocation: JsonObject; At Ingredient: Unknown item 'spartanweaponry:saber_diamond', At ResourceLocation: JsonObject; At Ingredient: Unknown item 'spartanweaponry:saber_gold', At ResourceLocation: JsonObject; At Ingredient: Unknown item 'spartanweaponry:saber_iron', At ResourceLocation: JsonObject; At Ingredient: Unknown item 'spartanweaponry:saber_stone', At ResourceLocation: JsonObject; At Ingredient: Unknown item 'spartanweaponry:saber_wood', At ResourceLocation: JsonObject; At Ingredient: Unknown item 'spartanweaponry:katana_lead', At ResourceLocation: JsonObject; At Ingredient: Unknown item 'spartanweaponry:katana_nickel', At ResourceLocation: JsonObject; At Ingredient: Unknown item 'spartanweaponry:katana_electrum', At ResourceLocation: JsonObject; At Ingredient: Unknown item 'spartanweaponry:katana_platinum', At ResourceLocation: JsonObject; At Ingredient: Unknown item 'spartanweaponry:katana_invar', At ResourceLocation: JsonObject; At Ingredient: Unknown item 'spartanweaponry:katana_silver', At ResourceLocation: JsonObject; At Ingredient: Unknown item 'spartanweaponry:katana_steel', At ResourceLocation: JsonObject; At Ingredient: Unknown item 'spartanweaponry:katana_bronze', At ResourceLocation: JsonObject; At Ingredient: Unknown item 'spartanweaponry:katana_tin', At ResourceLocation: JsonObject; At Ingredient: Unknown item 'spartanweaponry:katana_copper', At ResourceLocation: JsonObject; At Ingredient: Unknown item 'spartanweaponry:katana_netherite', At ResourceLocation: JsonObject; At Ingredient: Unknown item 'spartanweaponry:katana_diamond', At ResourceLocation: JsonObject; At Ingredient: Unknown item 'spartanweaponry:katana_gold', At ResourceLocation: JsonObject; At Ingredient: Unknown item 'spartanweaponry:katana_iron', At ResourceLocation: JsonObject; At Ingredient: Unknown item 'spartanweaponry:katana_stone', At ResourceLocation: JsonObject; At Ingredient: Unknown item 'spartanweaponry:katana_wood', At ResourceLocation: JsonObject; At Ingredient: Unknown item 'spartanweaponry:longsword_lead', At ResourceLocation: JsonObject; At Ingredient: Unknown item 'spartanweaponry:longsword_nickel', At ResourceLocation: JsonObject; At Ingredient: Unknown item 'spartanweaponry:longsword_electrum', At ResourceLocation: JsonObject; At Ingredient: Unknown item 'spartanweaponry:longsword_platinum', At ResourceLocation: JsonObject; At Ingredient: Unknown item 'spartanweaponry:longsword_invar', At ResourceLocation: JsonObject; At Ingredient: Unknown item 'spartanweaponry:longsword_silver', At ResourceLocation: JsonObject; At Ingredient: Unknown item 'spartanweaponry:longsword_steel', At ResourceLocation: JsonObject; At Ingredient: Unknown item 'spartanweaponry:longsword_bronze', At ResourceLocation: JsonObject; At Ingredient: Unknown item 'spartanweaponry:longsword_tin', At ResourceLocation: JsonObject; At Ingredient: Unknown item 'spartanweaponry:longsword_copper', At ResourceLocation: JsonObject; At Ingredient: Unknown item 'spartanweaponry:longsword_netherite', At ResourceLocation: JsonObject; At Ingredient: Unknown item 'spartanweaponry:longsword_diamond', At ResourceLocation: JsonObject; At Ingredient: Unknown item 'spartanweaponry:longsword_gold', At ResourceLocation: JsonObject; At Ingredient: Unknown item 'spartanweaponry:longsword_iron', At ResourceLocation: JsonObject; At Ingredient: Unknown item 'spartanweaponry:longsword_stone', At ResourceLocation: JsonObject; At Ingredient: Unknown item 'spartanweaponry:longsword_wood', At ResourceLocation: JsonObject; At Ingredient: Unknown item 'spartanweaponry:quarterstaff_lead', At ResourceLocation: JsonObject; At Ingredient: Unknown item 'spartanweaponry:quarterstaff_nickel', At ResourceLocation: JsonObject; At Ingredient: Unknown item 'spartanweaponry:quarterstaff_electrum', At ResourceLocation: JsonObject; At Ingredient: Unknown item 'spartanweaponry:quarterstaff_platinum', At ResourceLocation: JsonObject; At Ingredient: Unknown item 'spartanweaponry:quarterstaff_invar', At ResourceLocation: JsonObject; At Ingredient: Unknown item 'spartanweaponry:quarterstaff_silver', At ResourceLocation: JsonObject; At Ingredient: Unknown item 'spartanweaponry:quarterstaff_steel', At ResourceLocation: JsonObject; At Ingredient: Unknown item 'spartanweaponry:quarterstaff_bronze', At ResourceLocation: JsonObject; At Ingredient: Unknown item 'spartanweaponry:quarterstaff_tin', At ResourceLocation: JsonObject; At Ingredient: Unknown item 'spartanweaponry:quarterstaff_copper', At ResourceLocation: JsonObject; At Ingredient: Unknown item 'spartanweaponry:quarterstaff_netherite', At ResourceLocation: JsonObject; At Ingredient: Unknown item 'spartanweaponry:quarterstaff_diamond', At ResourceLocation: JsonObject; At Ingredient: Unknown item 'spartanweaponry:quarterstaff_gold', At ResourceLocation: JsonObject; At Ingredient: Unknown item 'spartanweaponry:quarterstaff_iron', At ResourceLocation: JsonObject; At Ingredient: Unknown item 'spartanweaponry:quarterstaff_stone', At ResourceLocation: JsonObject; At Ingredient: Unknown item 'spartanweaponry:quarterstaff_wood', At ResourceLocation: JsonObject; At Ingredient: Unknown item 'spartanweaponry:glaive_lead', At ResourceLocation: JsonObject; At Ingredient: Unknown item 'spartanweaponry:glaive_nickel', At ResourceLocation: JsonObject; At Ingredient: Unknown item 'spartanweaponry:glaive_electrum', At ResourceLocation: JsonObject; At Ingredient: Unknown item 'spartanweaponry:glaive_platinum', At ResourceLocation: JsonObject; At Ingredient: Unknown item 'spartanweaponry:glaive_invar', At ResourceLocation: JsonObject; At Ingredient: Unknown item 'spartanweaponry:glaive_silver', At ResourceLocation: JsonObject; At Ingredient: Unknown item 'spartanweaponry:glaive_steel', At ResourceLocation: JsonObject; At Ingredient: Unknown item 'spartanweaponry:glaive_bronze', At ResourceLocation: JsonObject; At Ingredient: Unknown item 'spartanweaponry:glaive_tin', At ResourceLocation: JsonObject; At Ingredient: Unknown item 'spartanweaponry:glaive_copper', At ResourceLocation: JsonObject; At Ingredient: Unknown item 'spartanweaponry:glaive_netherite', At ResourceLocation: JsonObject; At Ingredient: Unknown item 'spartanweaponry:glaive_diamond', At ResourceLocation: JsonObject; At Ingredient: Unknown item 'spartanweaponry:glaive_gold', At ResourceLocation: JsonObject; At Ingredient: Unknown item 'spartanweaponry:glaive_iron', At ResourceLocation: JsonObject; At Ingredient: Unknown item 'spartanweaponry:glaive_stone', At ResourceLocation: JsonObject; At Ingredient: Unknown item 'spartanweaponry:glaive_wood', At ResourceLocation: JsonObject; At Ingredient: Unknown item 'spartanweaponry:flanged_mace_lead', At ResourceLocation: JsonObject; At Ingredient: Unknown item 'spartanweaponry:flanged_mace_nickel', At ResourceLocation: JsonObject; At Ingredient: Unknown item 'spartanweaponry:flanged_mace_electrum', At ResourceLocation: JsonObject; At Ingredient: Unknown item 'spartanweaponry:flanged_mace_platinum', At ResourceLocation: JsonObject; At Ingredient: Unknown item 'spartanweaponry:flanged_mace_invar', At ResourceLocation: JsonObject; At Ingredient: Unknown item 'spartanweaponry:flanged_mace_silver', At ResourceLocation: JsonObject; At Ingredient: Unknown item 'spartanweaponry:flanged_mace_steel', At ResourceLocation: JsonObject; At Ingredient: Unknown item 'spartanweaponry:flanged_mace_bronze', At ResourceLocation: JsonObject; At Ingredient: Unknown item 'spartanweaponry:flanged_mace_tin', At ResourceLocation: JsonObject; At Ingredient: Unknown item 'spartanweaponry:flanged_mace_copper', At ResourceLocation: JsonObject; At Ingredient: Unknown item 'spartanweaponry:flanged_mace_netherite', At ResourceLocation: JsonObject; At Ingredient: Unknown item 'spartanweaponry:flanged_mace_diamond', At ResourceLocation: JsonObject; At Ingredient: Unknown item 'spartanweaponry:flanged_mace_gold', At ResourceLocation: JsonObject; At Ingredient: Unknown item 'spartanweaponry:flanged_mace_iron', At ResourceLocation: JsonObject; At Ingredient: Unknown item 'spartanweaponry:flanged_mace_stone', At ResourceLocation: JsonObject; At Ingredient: Unknown item 'spartanweaponry:flanged_mace_wood', At ResourceLocation: JsonObject; At Ingredient: Unknown item 'spartanweaponry:battleaxe_lead', At ResourceLocation: JsonObject; At Ingredient: Unknown item 'spartanweaponry:battleaxe_nickel', At ResourceLocation: JsonObject; At Ingredient: Unknown item 'spartanweaponry:battleaxe_electrum', At ResourceLocation: JsonObject; At Ingredient: Unknown item 'spartanweaponry:battleaxe_platinum', At ResourceLocation: JsonObject; At Ingredient: Unknown item 'spartanweaponry:battleaxe_invar', At ResourceLocation: JsonObject; At Ingredient: Unknown item 'spartanweaponry:battleaxe_silver', At ResourceLocation: JsonObject; At Ingredient: Unknown item 'spartanweaponry:battleaxe_steel', At ResourceLocation: JsonObject; At Ingredient: Unknown item 'spartanweaponry:battleaxe_bronze', At ResourceLocation: JsonObject; At Ingredient: Unknown item 'spartanweaponry:battleaxe_tin', At ResourceLocation: JsonObject; At Ingredient: Unknown item 'spartanweaponry:battleaxe_copper', At ResourceLocation: JsonObject; At Ingredient: Unknown item 'spartanweaponry:battleaxe_netherite', At ResourceLocation: JsonObject; At Ingredient: Unknown item 'spartanweaponry:battleaxe_diamond', At ResourceLocation: JsonObject; At Ingredient: Unknown item 'spartanweaponry:battleaxe_gold', At ResourceLocation: JsonObject; At Ingredient: Unknown item 'spartanweaponry:battleaxe_iron', At ResourceLocation: JsonObject; At Ingredient: Unknown item 'spartanweaponry:battleaxe_stone', At ResourceLocation: JsonObject; At Ingredient: Unknown item 'spartanweaponry:battleaxe_wood', At ResourceLocation: JsonObject; At Ingredient: Unknown item 'spartanweaponry:javelin_lead', At ResourceLocation: JsonObject; At Ingredient: Unknown item 'spartanweaponry:javelin_nickel', At ResourceLocation: JsonObject; At Ingredient: Unknown item 'spartanweaponry:javelin_electrum', At ResourceLocation: JsonObject; At Ingredient: Unknown item 'spartanweaponry:javelin_platinum', At ResourceLocation: JsonObject; At Ingredient: Unknown item 'spartanweaponry:javelin_invar', At ResourceLocation: JsonObject; At Ingredient: Unknown item 'spartanweaponry:javelin_silver', At ResourceLocation: JsonObject; At Ingredient: Unknown item 'spartanweaponry:javelin_steel', At ResourceLocation: JsonObject; At Ingredient: Unknown item 'spartanweaponry:javelin_bronze', At ResourceLocation: JsonObject; At Ingredient: Unknown item 'spartanweaponry:javelin_tin', At ResourceLocation: JsonObject; At Ingredient: Unknown item 'spartanweaponry:javelin_copper', At ResourceLocation: JsonObject; At Ingredient: Unknown item 'spartanweaponry:javelin_netherite', At ResourceLocation: JsonObject; At Ingredient: Unknown item 'spartanweaponry:javelin_diamond', At ResourceLocation: JsonObject; At Ingredient: Unknown item 'spartanweaponry:javelin_gold', At ResourceLocation: JsonObject; At Ingredient: Unknown item 'spartanweaponry:javelin_iron', At ResourceLocation: JsonObject; At Ingredient: Unknown item 'spartanweaponry:javelin_stone', At ResourceLocation: JsonObject; At Ingredient: Unknown item 'spartanweaponry:javelin_wood', At ResourceLocation: JsonObject; At Ingredient: Unknown item 'spartanweaponry:tomahawk_lead', At ResourceLocation: JsonObject; At Ingredient: Unknown item 'spartanweaponry:tomahawk_nickel', At ResourceLocation: JsonObject; At Ingredient: Unknown item 'spartanweaponry:tomahawk_electrum', At ResourceLocation: JsonObject; At Ingredient: Unknown item 'spartanweaponry:tomahawk_platinum', At ResourceLocation: JsonObject; At Ingredient: Unknown item 'spartanweaponry:tomahawk_invar', At ResourceLocation: JsonObject; At Ingredient: Unknown item 'spartanweaponry:tomahawk_silver', At ResourceLocation: JsonObject; At Ingredient: Unknown item 'spartanweaponry:tomahawk_steel', At ResourceLocation: JsonObject; At Ingredient: Unknown item 'spartanweaponry:tomahawk_bronze', At ResourceLocation: JsonObject; At Ingredient: Unknown item 'spartanweaponry:tomahawk_tin', At ResourceLocation: JsonObject; At Ingredient: Unknown item 'spartanweaponry:tomahawk_copper', At ResourceLocation: JsonObject; At Ingredient: Unknown item 'spartanweaponry:tomahawk_netherite', At ResourceLocation: JsonObject; At Ingredient: Unknown item 'spartanweaponry:tomahawk_diamond', At ResourceLocation: JsonObject; At Ingredient: Unknown item 'spartanweaponry:tomahawk_gold', At ResourceLocation: JsonObject; At Ingredient: Unknown item 'spartanweaponry:tomahawk_iron', At ResourceLocation: JsonObject; At Ingredient: Unknown item 'spartanweaponry:tomahawk_stone', At ResourceLocation: JsonObject; At Ingredient: Unknown item 'spartanweaponry:tomahawk_wood', At ResourceLocation: JsonObject; At Ingredient: Unknown item 'spartanweaponry:throwing_knife_lead', At ResourceLocation: JsonObject; At Ingredient: Unknown item 'spartanweaponry:throwing_knife_nickel', At ResourceLocation: JsonObject; At Ingredient: Unknown item 'spartanweaponry:throwing_knife_electrum', At ResourceLocation: JsonObject; At Ingredient: Unknown item 'spartanweaponry:throwing_knife_platinum', At ResourceLocation: JsonObject; At Ingredient: Unknown item 'spartanweaponry:throwing_knife_invar', At ResourceLocation: JsonObject; At Ingredient: Unknown item 'spartanweaponry:throwing_knife_silver', At ResourceLocation: JsonObject; At Ingredient: Unknown item 'spartanweaponry:throwing_knife_steel', At ResourceLocation: JsonObject; At Ingredient: Unknown item 'spartanweaponry:throwing_knife_bronze', At ResourceLocation: JsonObject; At Ingredient: Unknown item 'spartanweaponry:throwing_knife_tin', At ResourceLocation: JsonObject; At Ingredient: Unknown item 'spartanweaponry:throwing_knife_copper', At ResourceLocation: JsonObject; At Ingredient: Unknown item 'spartanweaponry:throwing_knife_netherite', At ResourceLocation: JsonObject; At Ingredient: Unknown item 'spartanweaponry:throwing_knife_diamond', At ResourceLocation: JsonObject; At Ingredient: Unknown item 'spartanweaponry:throwing_knife_gold', At ResourceLocation: JsonObject; At Ingredient: Unknown item 'spartanweaponry:throwing_knife_iron', At ResourceLocation: JsonObject; At Ingredient: Unknown item 'spartanweaponry:throwing_knife_stone', At ResourceLocation: JsonObject; At Ingredient: Unknown item 'spartanweaponry:throwing_knife_wood', At ResourceLocation: JsonObject; At Ingredient: Unknown item 'spartanweaponry:lance_lead', At ResourceLocation: JsonObject; At Ingredient: Unknown item 'spartanweaponry:lance_nickel', At ResourceLocation: JsonObject; At Ingredient: Unknown item 'spartanweaponry:lance_electrum', At ResourceLocation: JsonObject; At Ingredient: Unknown item 'spartanweaponry:lance_platinum', At ResourceLocation: JsonObject; At Ingredient: Unknown item 'spartanweaponry:lance_invar', At ResourceLocation: JsonObject; At Ingredient: Unknown item 'spartanweaponry:lance_silver', At ResourceLocation: JsonObject; At Ingredient: Unknown item 'spartanweaponry:lance_steel', At ResourceLocation: JsonObject; At Ingredient: Unknown item 'spartanweaponry:lance_bronze', At ResourceLocation: JsonObject; At Ingredient: Unknown item 'spartanweaponry:lance_tin', At ResourceLocation: JsonObject; At Ingredient: Unknown item 'spartanweaponry:lance_copper', At ResourceLocation: JsonObject; At Ingredient: Unknown item 'spartanweaponry:lance_netherite', At ResourceLocation: JsonObject; At Ingredient: Unknown item 'spartanweaponry:lance_diamond', At ResourceLocation: JsonObject; At Ingredient: Unknown item 'spartanweaponry:lance_gold', At ResourceLocation: JsonObject; At Ingredient: Unknown item 'spartanweaponry:lance_iron', At ResourceLocation: JsonObject; At Ingredient: Unknown item 'spartanweaponry:lance_stone', At ResourceLocation: JsonObject; At Ingredient: Unknown item 'spartanweaponry:lance_wood', At ResourceLocation: JsonObject; At Ingredient: Unknown item 'spartanweaponry:pike_lead', At ResourceLocation: JsonObject; At Ingredient: Unknown item 'spartanweaponry:pike_nickel', At ResourceLocation: JsonObject; At Ingredient: Unknown item 'spartanweaponry:pike_electrum', At ResourceLocation: JsonObject; At Ingredient: Unknown item 'spartanweaponry:pike_platinum', At ResourceLocation: JsonObject; At Ingredient: Unknown item 'spartanweaponry:pike_invar', At ResourceLocation: JsonObject; At Ingredient: Unknown item 'spartanweaponry:pike_silver', At ResourceLocation: JsonObject; At Ingredient: Unknown item 'spartanweaponry:pike_steel', At ResourceLocation: JsonObject; At Ingredient: Unknown item 'spartanweaponry:pike_bronze', At ResourceLocation: JsonObject; At Ingredient: Unknown item 'spartanweaponry:pike_tin', At ResourceLocation: JsonObject; At Ingredient: Unknown item 'spartanweaponry:pike_copper', At ResourceLocation: JsonObject; At Ingredient: Unknown item 'spartanweaponry:pike_netherite', At ResourceLocation: JsonObject; At Ingredient: Unknown item 'spartanweaponry:pike_diamond', At ResourceLocation: JsonObject; At Ingredient: Unknown item 'spartanweaponry:pike_gold', At ResourceLocation: JsonObject; At Ingredient: Unknown item 'spartanweaponry:pike_iron', At ResourceLocation: JsonObject; At Ingredient: Unknown item 'spartanweaponry:pike_stone', At ResourceLocation: JsonObject; At Ingredient: Unknown item 'spartanweaponry:pike_wood', At ResourceLocation: JsonObject; At Ingredient: Unknown item 'spartanweaponry:halberd_lead', At ResourceLocation: JsonObject; At Ingredient: Unknown item 'spartanweaponry:halberd_nickel', At ResourceLocation: JsonObject; At Ingredient: Unknown item 'spartanweaponry:halberd_electrum', At ResourceLocation: JsonObject; At Ingredient: Unknown item 'spartanweaponry:halberd_platinum', At ResourceLocation: JsonObject; At Ingredient: Unknown item 'spartanweaponry:halberd_invar', At ResourceLocation: JsonObject; At Ingredient: Unknown item 'spartanweaponry:halberd_silver', At ResourceLocation: JsonObject; At Ingredient: Unknown item 'spartanweaponry:halberd_steel', At ResourceLocation: JsonObject; At Ingredient: Unknown item 'spartanweaponry:halberd_bronze', At ResourceLocation: JsonObject; At Ingredient: Unknown item 'spartanweaponry:halberd_tin', At ResourceLocation: JsonObject; At Ingredient: Unknown item 'spartanweaponry:halberd_copper', At ResourceLocation: JsonObject; At Ingredient: Unknown item 'spartanweaponry:halberd_netherite', At ResourceLocation: JsonObject; At Ingredient: Unknown item 'spartanweaponry:halberd_diamond', At ResourceLocation: JsonObject; At Ingredient: Unknown item 'spartanweaponry:halberd_gold', At ResourceLocation: JsonObject; At Ingredient: Unknown item 'spartanweaponry:halberd_iron', At ResourceLocation: JsonObject; At Ingredient: Unknown item 'spartanweaponry:halberd_stone', At ResourceLocation: JsonObject; At Ingredient: Unknown item 'spartanweaponry:halberd_wood', At ResourceLocation: JsonObject; At Ingredient: Unknown item 'spartanweaponry:spear_lead', At ResourceLocation: JsonObject; At Ingredient: Unknown item 'spartanweaponry:spear_nickel', At ResourceLocation: JsonObject; At Ingredient: Unknown item 'spartanweaponry:spear_electrum', At ResourceLocation: JsonObject; At Ingredient: Unknown item 'spartanweaponry:spear_platinum', At ResourceLocation: JsonObject; At Ingredient: Unknown item 'spartanweaponry:spear_invar', At ResourceLocation: JsonObject; At Ingredient: Unknown item 'spartanweaponry:spear_silver', At ResourceLocation: JsonObject; At Ingredient: Unknown item 'spartanweaponry:spear_steel', At ResourceLocation: JsonObject; At Ingredient: Unknown item 'spartanweaponry:spear_bronze', At ResourceLocation: JsonObject; At Ingredient: Unknown item 'spartanweaponry:spear_tin', At ResourceLocation: JsonObject; At Ingredient: Unknown item 'spartanweaponry:spear_copper', At ResourceLocation: JsonObject; At Ingredient: Unknown item 'spartanweaponry:spear_netherite', At ResourceLocation: JsonObject; At Ingredient: Unknown item 'spartanweaponry:spear_diamond', At ResourceLocation: JsonObject; At Ingredient: Unknown item 'spartanweaponry:spear_gold', At ResourceLocation: JsonObject; At Ingredient: Unknown item 'spartanweaponry:spear_iron', At ResourceLocation: JsonObject; At Ingredient: Unknown item 'spartanweaponry:spear_stone', At ResourceLocation: JsonObject; At Ingredient: Unknown item 'spartanweaponry:spear_wood', At ResourceLocation: JsonObject; At Ingredient: Unknown item 'spartanweaponry:warhammer_lead', At ResourceLocation: JsonObject; At Ingredient: Unknown item 'spartanweaponry:warhammer_nickel', At ResourceLocation: JsonObject; At Ingredient: Unknown item 'spartanweaponry:warhammer_electrum', At ResourceLocation: JsonObject; At Ingredient: Unknown item 'spartanweaponry:warhammer_platinum', At ResourceLocation: JsonObject; At Ingredient: Unknown item 'spartanweaponry:warhammer_invar', At ResourceLocation: JsonObject; At Ingredient: Unknown item 'spartanweaponry:warhammer_silver', At ResourceLocation: JsonObject; At Ingredient: Unknown item 'spartanweaponry:warhammer_steel', At ResourceLocation: JsonObject; At Ingredient: Unknown item 'spartanweaponry:warhammer_bronze', At ResourceLocation: JsonObject; At Ingredient: Unknown item 'spartanweaponry:warhammer_tin', At ResourceLocation: JsonObject; At Ingredient: Unknown item 'spartanweaponry:warhammer_copper', At ResourceLocation: JsonObject; At Ingredient: Unknown item 'spartanweaponry:warhammer_netherite', At ResourceLocation: JsonObject; At Ingredient: Unknown item 'spartanweaponry:warhammer_diamond', At ResourceLocation: JsonObject; At Ingredient: Unknown item 'spartanweaponry:warhammer_gold', At ResourceLocation: JsonObject; At Ingredient: Unknown item 'spartanweaponry:warhammer_iron', At ResourceLocation: JsonObject; At Ingredient: Unknown item 'spartanweaponry:warhammer_stone', At ResourceLocation: JsonObject; At Ingredient: Unknown item 'spartanweaponry:warhammer_wood', At ResourceLocation: JsonObject; At Ingredient: Unknown item 'spartanweaponry:hammer_lead', At ResourceLocation: JsonObject; At Ingredient: Unknown item 'spartanweaponry:hammer_nickel', At ResourceLocation: JsonObject; At Ingredient: Unknown item 'spartanweaponry:hammer_electrum', At ResourceLocation: JsonObject; At Ingredient: Unknown item 'spartanweaponry:hammer_platinum', At ResourceLocation: JsonObject; At Ingredient: Unknown item 'spartanweaponry:hammer_invar', At ResourceLocation: JsonObject; At Ingredient: Unknown item 'spartanweaponry:hammer_silver', At ResourceLocation: JsonObject; At Ingredient: Unknown item 'spartanweaponry:hammer_steel', At ResourceLocation: JsonObject; At Ingredient: Unknown item 'spartanweaponry:hammer_bronze', At ResourceLocation: JsonObject; At Ingredient: Unknown item 'spartanweaponry:hammer_tin', At ResourceLocation: JsonObject; At Ingredient: Unknown item 'spartanweaponry:hammer_copper', At ResourceLocation: JsonObject; At Ingredient: Unknown item 'spartanweaponry:hammer_netherite', At ResourceLocation: JsonObject; At Ingredient: Unknown item 'spartanweaponry:hammer_diamond', At ResourceLocation: JsonObject; At Ingredient: Unknown item 'spartanweaponry:hammer_gold', At ResourceLocation: JsonObject; At Ingredient: Unknown item 'spartanweaponry:hammer_iron', At ResourceLocation: JsonObject; At Ingredient: Unknown item 'spartanweaponry:hammer_stone', At ResourceLocation: JsonObject; At Ingredient: Unknown item 'spartanweaponry:hammer_wood', At ResourceLocation: JsonObject; At Ingredient: Unknown item 'spartanweaponry:dagger_lead', At ResourceLocation: JsonObject; At Ingredient: Unknown item 'spartanweaponry:dagger_nickel', At ResourceLocation: JsonObject; At Ingredient: Unknown item 'spartanweaponry:dagger_electrum', At ResourceLocation: JsonObject; At Ingredient: Unknown item 'spartanweaponry:dagger_platinum', At ResourceLocation: JsonObject; At Ingredient: Unknown item 'spartanweaponry:dagger_invar', At ResourceLocation: JsonObject; At Ingredient: Unknown item 'spartanweaponry:dagger_silver', At ResourceLocation: JsonObject; At Ingredient: Unknown item 'spartanweaponry:dagger_steel', At ResourceLocation: JsonObject; At Ingredient: Unknown item 'spartanweaponry:dagger_bronze', At ResourceLocation: JsonObject; At Ingredient: Unknown item 'spartanweaponry:dagger_tin', At ResourceLocation: JsonObject; At Ingredient: Unknown item 'spartanweaponry:dagger_copper', At ResourceLocation: JsonObject; At Ingredient: Unknown item 'spartanweaponry:dagger_netherite', At ResourceLocation: JsonObject; At Ingredient: Unknown item 'spartanweaponry:dagger_diamond', At ResourceLocation: JsonObject; At Ingredient: Unknown item 'spartanweaponry:dagger_gold', At ResourceLocation: JsonObject; At Ingredient: Unknown item 'spartanweaponry:dagger_iron', At ResourceLocation: JsonObject; At Ingredient: Unknown item 'spartanweaponry:dagger_stone', At ResourceLocation: JsonObject; At Ingredient: Unknown item 'spartanweaponry:dagger_wood', At ResourceLocation: JsonObject, At ResourceLocation: JsonObject
[28Aug2026 00:20:30.488] [main/WARN] [io.github.apace100.apoli.Apoli/]: Power "medievalorigins:paladin/holy_instruments_dungeons_gear" will only be partially loaded: At Ingredient: Unknown item 'dungeons_gear:whirlwind', At ResourceLocation: JsonObject; At Ingredient: Unknown item 'dungeons_gear:cursed_axe', At ResourceLocation: JsonObject; At Ingredient: Unknown item 'dungeons_gear:double_axe', At ResourceLocation: JsonObject; At Ingredient: Unknown item 'dungeons_gear:highland_axe', At ResourceLocation: JsonObject; At Ingredient: Unknown item 'dungeons_gear:firebrand', At ResourceLocation: JsonObject; At Ingredient: Unknown item 'dungeons_gear:gold_axe', At ResourceLocation: JsonObject; At Ingredient: Unknown item 'dungeons_gear:axe', At ResourceLocation: JsonObject, At ResourceLocation: JsonObject
[28Aug2026 00:20:30.492] [main/WARN] [io.github.apace100.apoli.Apoli/]: Power "arkwys:minotaur/axe_proficiency_iceandfire" will only be partially loaded: At Ingredient: Unknown item 'iceandfire:dragonsteel_cold_axe', At ResourceLocation: JsonObject, At ResourceLocation: JsonObject
[28Aug2026 00:20:30.492] [main/ERROR] [io.github.apace100.apoli.Apoli/]: Error loading power "arkwys:slimefolk/slime_sizeable_health": Unknown registry key: minecraft:generic.max_health; Unknown registry key: origins:attribute, At ResourceLocation: JsonObject
[28Aug2026 00:20:30.493] [main/ERROR] [io.github.apace100.apoli.Apoli/]: Loading for all instances of power arkwys:slimefolk/slime_sizeable_health failed.
[28Aug2026 00:20:30.504] [main/WARN] [io.github.apace100.apoli.Apoli/]: Power "arkwys:minotaur/axe_proficiency" will only be partially loaded: At Ingredient: Unknown item 'iceandfire:dragonsteel_cold_axe', At ResourceLocation: JsonObject; At Ingredient: Unknown item 'dungeons_gear:whirlwind', At ResourceLocation: JsonObject; At Ingredient: Unknown item 'dungeons_gear:cursed_axe', At ResourceLocation: JsonObject; At Ingredient: Unknown item 'dungeons_gear:double_axe', At ResourceLocation: JsonObject; At Ingredient: Unknown item 'dungeons_gear:highland_axe', At ResourceLocation: JsonObject; At Ingredient: Unknown item 'dungeons_gear:firebrand', At ResourceLocation: JsonObject; At Ingredient: Unknown item 'dungeons_gear:gold_axe', At ResourceLocation: JsonObject; At Ingredient: Unknown item 'dungeons_gear:axe', At ResourceLocation: JsonObject, At ResourceLocation: JsonObject
[28Aug2026 00:20:30.505] [main/ERROR] [io.github.apace100.apoli.Apoli/]: Error loading power "medievalorigins:dwarf/photoallergic": No key interval in MapLike[{"type":"origins:burn","burn_duration":6,"condition":{"type":"origins:and","conditions":[{"type":"origins:exposed_to_sun"},{"type":"origins:equipped_item","equipment_slot":"head","item_condition":{"type":"origins:ingredient","ingredient":{"tag":"medievalorigins:helmet"}},"inverted":true}]}}]
[28Aug2026 00:20:30.505] [main/ERROR] [io.github.apace100.apoli.Apoli/]: Loading for all instances of power medievalorigins:dwarf/photoallergic failed.
[28Aug2026 00:20:30.514] [main/WARN] [io.github.apace100.apoli.Apoli/]: Power "strictly:new_diet" will only be partially loaded: Failed to read fields: No key conditions in MapLike[{"type":"origins:and"}]
[28Aug2026 00:20:30.526] [main/WARN] [io.github.apace100.apoli.Apoli/]: Power "strictly:smoke_sickness" will only be partially loaded: Failed to read fields: Unknown registry key: origins:stacking_status_effect, At ResourceLocation: JsonObject; Unknown registry key: origins:stacking_status_effect, At ResourceLocation: JsonObject, At ResourceLocation: JsonObject
[28Aug2026 00:20:30.530] [main/ERROR] [io.github.apace100.apoli.Apoli/]: Error loading power "medievalorigins:troll/mountainous": Input does not contain a key [type]: MapLike[{"mountainous":{"type":"origins:action_on_callback","entity_action_chosen":{"type":"origins:execute_command","command":"scale set pehkui:base 1.7"},"entity_action_lost":{"type":"origins:execute_command","command":"scale reset pehkui:base"},"execute_chosen_when_orb":true},"mountainous2":{"type":"origins:action_over_time","entity_action":{"type":"origins:execute_command","command":"scale set pehkui:base 1.7"},"interval":100}}]
[28Aug2026 00:20:30.531] [main/ERROR] [io.github.apace100.apoli.Apoli/]: Loading for all instances of power medievalorigins:troll/mountainous failed.
[28Aug2026 00:20:30.543] [main/WARN] [io.github.apace100.apoli.Apoli/]: Power "medievalorigins:knight/melee4ever_dungeons_gear" will only be partially loaded: At Ingredient: Unknown item 'dungeons_gear:nautical_crossbow', At ResourceLocation: JsonObject; At Ingredient: Unknown item 'dungeons_gear:harpoon_crossbow', At ResourceLocation: JsonObject; At Ingredient: Unknown item 'dungeons_gear:pride_of_the_piglins', At ResourceLocation: JsonObject; At Ingredient: Unknown item 'dungeons_gear:cog_crossbow', At ResourceLocation: JsonObject; At Ingredient: Unknown item 'dungeons_gear:baby_crossbow', At ResourceLocation: JsonObject; At Ingredient: Unknown item 'dungeons_gear:dual_crossbow', At ResourceLocation: JsonObject; At Ingredient: Unknown item 'dungeons_gear:soul_hunter_crossbow', At ResourceLocation: JsonObject; At Ingredient: Unknown item 'dungeons_gear:corrupted_crossbow', At ResourceLocation: JsonObject; At Ingredient: Unknown item 'dungeons_gear:burst_crossbow', At ResourceLocation: JsonObject; At Ingredient: Unknown item 'dungeons_gear:imploding_crossbow', At ResourceLocation: JsonObject; At Ingredient: Unknown item 'dungeons_gear:firebolt_thrower', At ResourceLocation: JsonObject; At Ingredient: Unknown item 'dungeons_gear:exploding_crossbow', At ResourceLocation: JsonObject; At Ingredient: Unknown item 'dungeons_gear:lightning_harp_crossbow', At ResourceLocation: JsonObject; At Ingredient: Unknown item 'dungeons_gear:harp_crossbow', At ResourceLocation: JsonObject; At Ingredient: Unknown item 'dungeons_gear:scatter_crossbow', At ResourceLocation: JsonObject; At Ingredient: Unknown item 'dungeons_gear:voidcaller', At ResourceLocation: JsonObject; At Ingredient: Unknown item 'dungeons_gear:feral_soul_crossbow', At ResourceLocation: JsonObject; At Ingredient: Unknown item 'dungeons_gear:soul_crossbow', At ResourceLocation: JsonObject; At Ingredient: Unknown item 'dungeons_gear:slayer_crossbow', At ResourceLocation: JsonObject; At Ingredient: Unknown item 'dungeons_gear:doom_crossbow', At ResourceLocation: JsonObject; At Ingredient: Unknown item 'dungeons_gear:heavy_crossbow', At ResourceLocation: JsonObject; At Ingredient: Unknown item 'dungeons_gear:the_slicer', At ResourceLocation: JsonObject; At Ingredient: Unknown item 'dungeons_gear:azure_seeker', At ResourceLocation: JsonObject; At Ingredient: Unknown item 'dungeons_gear:auto_crossbow', At ResourceLocation: JsonObject; At Ingredient: Unknown item 'dungeons_gear:butterfly_crossbow', At ResourceLocation: JsonObject; At Ingredient: Unknown item 'dungeons_gear:rapid_crossbow', At ResourceLocation: JsonObject; At Ingredient: Unknown item 'dungeons_gear:bubble_burster', At ResourceLocation: JsonObject; At Ingredient: Unknown item 'dungeons_gear:bubble_bow', At ResourceLocation: JsonObject; At Ingredient: Unknown item 'dungeons_gear:weeping_vine_bow', At ResourceLocation: JsonObject; At Ingredient: Unknown item 'dungeons_gear:twisting_vine_bow', At ResourceLocation: JsonObject; At Ingredient: Unknown item 'dungeons_gear:echo_of_the_valley', At ResourceLocation: JsonObject; At Ingredient: Unknown item 'dungeons_gear:burst_gale_bow', At ResourceLocation: JsonObject; At Ingredient: Unknown item 'dungeons_gear:wind_bow', At ResourceLocation: JsonObject; At Ingredient: Unknown item 'dungeons_gear:winters_touch', At ResourceLocation: JsonObject; At Ingredient: Unknown item 'dungeons_gear:snow_bow', At ResourceLocation: JsonObject; At Ingredient: Unknown item 'dungeons_gear:sugar_rush', At ResourceLocation: JsonObject; At Ingredient: Unknown item 'dungeons_gear:the_pink_scoundrel', At ResourceLocation: JsonObject; At Ingredient: Unknown item 'dungeons_gear:the_green_menace', At ResourceLocation: JsonObject; At Ingredient: Unknown item 'dungeons_gear:trickbow', At ResourceLocation: JsonObject; At Ingredient: Unknown item 'dungeons_gear:love_spell_bow', At ResourceLocation: JsonObject; At Ingredient: Unknown item 'dungeons_gear:purple_storm', At ResourceLocation: JsonObject; At Ingredient: Unknown item 'dungeons_gear:mechanical_shortbow', At ResourceLocation: JsonObject; At Ingredient: Unknown item 'dungeons_gear:shortbow', At ResourceLocation: JsonObject; At Ingredient: Unknown item 'dungeons_gear:ancient_bow', At ResourceLocation: JsonObject; At Ingredient: Unknown item 'dungeons_gear:masters_bow', At ResourceLocation: JsonObject; At Ingredient: Unknown item 'dungeons_gear:hunters_promise', At ResourceLocation: JsonObject; At Ingredient: Unknown item 'dungeons_gear:hunting_bow', At ResourceLocation: JsonObject; At Ingredient: Unknown item 'dungeons_gear:red_snake', At ResourceLocation: JsonObject; At Ingredient: Unknown item 'dungeons_gear:guardian_bow', At ResourceLocation: JsonObject; At Ingredient: Unknown item 'dungeons_gear:longbow', At ResourceLocation: JsonObject; At Ingredient: Unknown item 'dungeons_gear:sabrewing', At ResourceLocation: JsonObject; At Ingredient: Unknown item 'dungeons_gear:elite_power_bow', At ResourceLocation: JsonObject; At Ingredient: Unknown item 'dungeons_gear:power_bow', At ResourceLocation: JsonObject; At Ingredient: Unknown item 'dungeons_gear:shivering_bow', At ResourceLocation: JsonObject; At Ingredient: Unknown item 'dungeons_gear:nocturnal_bow', At ResourceLocation: JsonObject; At Ingredient: Unknown item 'dungeons_gear:bow_of_lost_souls', At ResourceLocation: JsonObject; At Ingredient: Unknown item 'dungeons_gear:soul_bow', At ResourceLocation: JsonObject; At Ingredient: Unknown item 'dungeons_gear:haunted_bow', At ResourceLocation: JsonObject; At Ingredient: Unknown item 'dungeons_gear:twin_bow', At ResourceLocation: JsonObject; At Ingredient: Unknown item 'dungeons_gear:bonebow', At ResourceLocation: JsonObject, At ResourceLocation: JsonObject
[28Aug2026 00:20:30.544] [main/ERROR] [io.github.apace100.apoli.Apoli/]: Error loading power "strictly:slowwalker": No key duration_per_stack in MapLike[{"type":"origins:stacking_status_effect","entity_action":{"type":"origins:apply_effect","effects":[{"effect":"minecraft:luck","duration":-1,"is_ambient":false,"show_particles":false,"show_icon":false},{"effect":"minecraft:slowness","duration":-1,"is_ambient":false,"show_particles":false,"show_icon":true}]}}]; No key max_stacks in MapLike[{"type":"origins:stacking_status_effect","entity_action":{"type":"origins:apply_effect","effects":[{"effect":"minecraft:luck","duration":-1,"is_ambient":false,"show_particles":false,"show_icon":false},{"effect":"minecraft:slowness","duration":-1,"is_ambient":false,"show_particles":false,"show_icon":true}]}}]; No key min_stacks in MapLike[{"type":"origins:stacking_status_effect","entity_action":{"type":"origins:apply_effect","effects":[{"effect":"minecraft:luck","duration":-1,"is_ambient":false,"show_particles":false,"show_icon":false},{"effect":"minecraft:slowness","duration":-1,"is_ambient":false,"show_particles":false,"show_icon":true}]}}]
[28Aug2026 00:20:30.544] [main/ERROR] [io.github.apace100.apoli.Apoli/]: Loading for all instances of power strictly:slowwalker failed.
[28Aug2026 00:20:30.544] [main/ERROR] [io.github.apace100.apoli.Apoli/]: Error loading power "cisco_rpg_origins:melee_inapptitude": At Ingredient: Unknown item 'origins:swords', At ResourceLocation: JsonObject
[28Aug2026 00:20:30.544] [main/ERROR] [io.github.apace100.apoli.Apoli/]: Loading for all instances of power cisco_rpg_origins:melee_inapptitude failed.
[28Aug2026 00:20:30.546] [main/WARN] [io.github.apace100.apoli.Apoli/]: Power "medievalorigins:elf/weak_melee_dungeons_gear" will only be partially loaded: At Ingredient: Unknown item 'dungeons_gear:whirlwind', At ResourceLocation: JsonObject; At Ingredient: Unknown item 'dungeons_gear:cursed_axe', At ResourceLocation: JsonObject; At Ingredient: Unknown item 'dungeons_gear:double_axe', At ResourceLocation: JsonObject; At Ingredient: Unknown item 'dungeons_gear:highland_axe', At ResourceLocation: JsonObject; At Ingredient: Unknown item 'dungeons_gear:firebrand', At ResourceLocation: JsonObject; At Ingredient: Unknown item 'dungeons_gear:gold_axe', At ResourceLocation: JsonObject; At Ingredient: Unknown item 'dungeons_gear:axe', At ResourceLocation: JsonObject, At ResourceLocation: JsonObject
[28Aug2026 00:20:30.553] [main/WARN] [io.github.apace100.apoli.Apoli/]: Power "arkwys:woodelf/weak_melee_dungeons_gear" will only be partially loaded: At Ingredient: Unknown item 'dungeons_gear:rapier', At ResourceLocation: JsonObject; At Ingredient: Unknown item 'dungeons_gear:frost_slayer', At ResourceLocation: JsonObject; At Ingredient: Unknown item 'dungeons_gear:heartstealer', At ResourceLocation: JsonObject; At Ingredient: Unknown item 'dungeons_gear:broadsword', At ResourceLocation: JsonObject; At Ingredient: Unknown item 'dungeons_gear:claymore', At ResourceLocation: JsonObject; At Ingredient: Unknown item 'dungeons_gear:truthseeker', At ResourceLocation: JsonObject; At Ingredient: Unknown item 'dungeons_gear:masters_katana', At ResourceLocation: JsonObject; At Ingredient: Unknown item 'dungeons_gear:dark_katana', At ResourceLocation: JsonObject; At Ingredient: Unknown item 'dungeons_gear:katana', At ResourceLocation: JsonObject; At Ingredient: Unknown item 'dungeons_gear:sinister_sword', At ResourceLocation: JsonObject; At Ingredient: Unknown item 'dungeons_gear:hawkbrand', At ResourceLocation: JsonObject; At Ingredient: Unknown item 'dungeons_gear:diamond_sword', At ResourceLocation: JsonObject; At Ingredient: Unknown item 'dungeons_gear:gold_sword', At ResourceLocation: JsonObject; At Ingredient: Unknown item 'dungeons_gear:stone_sword', At ResourceLocation: JsonObject; At Ingredient: Unknown item 'dungeons_gear:sword', At ResourceLocation: JsonObject; At Ingredient: Unknown item 'dungeons_gear:nameless_blade', At ResourceLocation: JsonObject; At Ingredient: Unknown item 'dungeons_gear:cutlass', At ResourceLocation: JsonObject; At Ingredient: Unknown item 'dungeons_gear:freezing_foil', At ResourceLocation: JsonObject; At Ingredient: Unknown item 'dungeons_gear:bee_stinger', At ResourceLocation: JsonObject; At Ingredient: Unknown item 'dungeons_gear:rapier', At ResourceLocation: JsonObject; At Ingredient: Unknown item 'dungeons_gear:whirlwind', At ResourceLocation: JsonObject; At Ingredient: Unknown item 'dungeons_gear:cursed_axe', At ResourceLocation: JsonObject; At Ingredient: Unknown item 'dungeons_gear:double_axe', At ResourceLocation: JsonObject; At Ingredient: Unknown item 'dungeons_gear:highland_axe', At ResourceLocation: JsonObject; At Ingredient: Unknown item 'dungeons_gear:firebrand', At ResourceLocation: JsonObject; At Ingredient: Unknown item 'dungeons_gear:gold_axe', At ResourceLocation: JsonObject; At Ingredient: Unknown item 'dungeons_gear:axe', At ResourceLocation: JsonObject, At ResourceLocation: JsonObject
[28Aug2026 00:20:30.559] [main/WARN] [io.github.apace100.apoli.Apoli/]: Power "medievalorigins:elf/weak_swords_dungeons_gear" will only be partially loaded: At Ingredient: Unknown item 'dungeons_gear:rapier', At ResourceLocation: JsonObject; At Ingredient: Unknown item 'dungeons_gear:frost_slayer', At ResourceLocation: JsonObject; At Ingredient: Unknown item 'dungeons_gear:heartstealer', At ResourceLocation: JsonObject; At Ingredient: Unknown item 'dungeons_gear:broadsword', At ResourceLocation: JsonObject; At Ingredient: Unknown item 'dungeons_gear:claymore', At ResourceLocation: JsonObject; At Ingredient: Unknown item 'dungeons_gear:truthseeker', At ResourceLocation: JsonObject; At Ingredient: Unknown item 'dungeons_gear:masters_katana', At ResourceLocation: JsonObject; At Ingredient: Unknown item 'dungeons_gear:dark_katana', At ResourceLocation: JsonObject; At Ingredient: Unknown item 'dungeons_gear:katana', At ResourceLocation: JsonObject; At Ingredient: Unknown item 'dungeons_gear:sinister_sword', At ResourceLocation: JsonObject; At Ingredient: Unknown item 'dungeons_gear:hawkbrand', At ResourceLocation: JsonObject; At Ingredient: Unknown item 'dungeons_gear:diamond_sword', At ResourceLocation: JsonObject; At Ingredient: Unknown item 'dungeons_gear:gold_sword', At ResourceLocation: JsonObject; At Ingredient: Unknown item 'dungeons_gear:stone_sword', At ResourceLocation: JsonObject; At Ingredient: Unknown item 'dungeons_gear:sword', At ResourceLocation: JsonObject; At Ingredient: Unknown item 'dungeons_gear:nameless_blade', At ResourceLocation: JsonObject; At Ingredient: Unknown item 'dungeons_gear:cutlass', At ResourceLocation: JsonObject; At Ingredient: Unknown item 'dungeons_gear:freezing_foil', At ResourceLocation: JsonObject; At Ingredient: Unknown item 'dungeons_gear:bee_stinger', At ResourceLocation: JsonObject; At Ingredient: Unknown item 'dungeons_gear:rapier', At ResourceLocation: JsonObject, At ResourceLocation: JsonObject
[28Aug2026 00:20:30.572] [main/WARN] [io.github.apace100.apoli.Apoli/]: Power "arkwys:minotaur/axe_proficiency_dungeons_gear" will only be partially loaded: At Ingredient: Unknown item 'dungeons_gear:whirlwind', At ResourceLocation: JsonObject; At Ingredient: Unknown item 'dungeons_gear:cursed_axe', At ResourceLocation: JsonObject; At Ingredient: Unknown item 'dungeons_gear:double_axe', At ResourceLocation: JsonObject; At Ingredient: Unknown item 'dungeons_gear:highland_axe', At ResourceLocation: JsonObject; At Ingredient: Unknown item 'dungeons_gear:firebrand', At ResourceLocation: JsonObject; At Ingredient: Unknown item 'dungeons_gear:gold_axe', At ResourceLocation: JsonObject; At Ingredient: Unknown item 'dungeons_gear:axe', At ResourceLocation: JsonObject, At ResourceLocation: JsonObject
[28Aug2026 00:20:30.578] [main/WARN] [io.github.apace100.apoli.Apoli/]: Power "arkwys:brute/axe_efficient_spartanweaponry" will only be partially loaded: At Ingredient: Unknown item 'spartanweaponry:battleaxe_gold', At ResourceLocation: JsonObject; At Ingredient: Unknown item 'spartanweaponry:tomahawk_gold', At ResourceLocation: JsonObject; At Ingredient: Unknown item 'spartanweaponry:halberd_gold', At ResourceLocation: JsonObject, At ResourceLocation: JsonObject
[28Aug2026 00:20:30.582] [main/WARN] [io.github.apace100.apoli.Apoli/]: Power "medievalorigins:elf/weak_swords_iceandfire" will only be partially loaded: At Ingredient: Unknown item 'iceandfire:dread_kinght_sword', At ResourceLocation: JsonObject, At ResourceLocation: JsonObject
[28Aug2026 00:20:30.596] [main/WARN] [io.github.apace100.apoli.Apoli/]: Power "medievalorigins:knight/skilled_swordsman_spartanweaponry" will only be partially loaded: At Ingredient: Unknown item 'spartanweaponry:greatsword_lead', At ResourceLocation: JsonObject; At Ingredient: Unknown item 'spartanweaponry:greatsword_nickel', At ResourceLocation: JsonObject; At Ingredient: Unknown item 'spartanweaponry:greatsword_electrum', At ResourceLocation: JsonObject; At Ingredient: Unknown item 'spartanweaponry:greatsword_platinum', At ResourceLocation: JsonObject; At Ingredient: Unknown item 'spartanweaponry:greatsword_invar', At ResourceLocation: JsonObject; At Ingredient: Unknown item 'spartanweaponry:greatsword_silver', At ResourceLocation: JsonObject; At Ingredient: Unknown item 'spartanweaponry:greatsword_steel', At ResourceLocation: JsonObject; At Ingredient: Unknown item 'spartanweaponry:greatsword_bronze', At ResourceLocation: JsonObject; At Ingredient: Unknown item 'spartanweaponry:greatsword_tin', At ResourceLocation: JsonObject; At Ingredient: Unknown item 'spartanweaponry:greatsword_copper', At ResourceLocation: JsonObject; At Ingredient: Unknown item 'spartanweaponry:greatsword_netherite', At ResourceLocation: JsonObject; At Ingredient: Unknown item 'spartanweaponry:greatsword_diamond', At ResourceLocation: JsonObject; At Ingredient: Unknown item 'spartanweaponry:greatsword_gold', At ResourceLocation: JsonObject; At Ingredient: Unknown item 'spartanweaponry:greatsword_iron', At ResourceLocation: JsonObject; At Ingredient: Unknown item 'spartanweaponry:greatsword_stone', At ResourceLocation: JsonObject; At Ingredient: Unknown item 'spartanweaponry:greatsword_wood', At ResourceLocation: JsonObject; At Ingredient: Unknown item 'spartanweaponry:rapier_lead', At ResourceLocation: JsonObject; At Ingredient: Unknown item 'spartanweaponry:rapier_nickel', At ResourceLocation: JsonObject; At Ingredient: Unknown item 'spartanweaponry:rapier_electrum', At ResourceLocation: JsonObject; At Ingredient: Unknown item 'spartanweaponry:rapier_platinum', At ResourceLocation: JsonObject; At Ingredient: Unknown item 'spartanweaponry:rapier_invar', At ResourceLocation: JsonObject; At Ingredient: Unknown item 'spartanweaponry:rapier_silver', At ResourceLocation: JsonObject; At Ingredient: Unknown item 'spartanweaponry:rapier_steel', At ResourceLocation: JsonObject; At Ingredient: Unknown item 'spartanweaponry:rapier_bronze', At ResourceLocation: JsonObject; At Ingredient: Unknown item 'spartanweaponry:rapier_tin', At ResourceLocation: JsonObject; At Ingredient: Unknown item 'spartanweaponry:rapier_copper', At ResourceLocation: JsonObject; At Ingredient: Unknown item 'spartanweaponry:rapier_netherite', At ResourceLocation: JsonObject; At Ingredient: Unknown item 'spartanweaponry:rapier_diamond', At ResourceLocation: JsonObject; At Ingredient: Unknown item 'spartanweaponry:rapier_gold', At ResourceLocation: JsonObject; At Ingredient: Unknown item 'spartanweaponry:rapier_iron', At ResourceLocation: JsonObject; At Ingredient: Unknown item 'spartanweaponry:rapier_stone', At ResourceLocation: JsonObject; At Ingredient: Unknown item 'spartanweaponry:rapier_wood', At ResourceLocation: JsonObject; At Ingredient: Unknown item 'spartanweaponry:saber_lead', At ResourceLocation: JsonObject; At Ingredient: Unknown item 'spartanweaponry:saber_nickel', At ResourceLocation: JsonObject; At Ingredient: Unknown item 'spartanweaponry:saber_electrum', At ResourceLocation: JsonObject; At Ingredient: Unknown item 'spartanweaponry:saber_platinum', At ResourceLocation: JsonObject; At Ingredient: Unknown item 'spartanweaponry:saber_invar', At ResourceLocation: JsonObject; At Ingredient: Unknown item 'spartanweaponry:saber_silver', At ResourceLocation: JsonObject; At Ingredient: Unknown item 'spartanweaponry:saber_steel', At ResourceLocation: JsonObject; At Ingredient: Unknown item 'spartanweaponry:saber_bronze', At ResourceLocation: JsonObject; At Ingredient: Unknown item 'spartanweaponry:saber_tin', At ResourceLocation: JsonObject; At Ingredient: Unknown item 'spartanweaponry:saber_copper', At ResourceLocation: JsonObject; At Ingredient: Unknown item 'spartanweaponry:saber_netherite', At ResourceLocation: JsonObject; At Ingredient: Unknown item 'spartanweaponry:saber_diamond', At ResourceLocation: JsonObject; At Ingredient: Unknown item 'spartanweaponry:saber_gold', At ResourceLocation: JsonObject; At Ingredient: Unknown item 'spartanweaponry:saber_iron', At ResourceLocation: JsonObject; At Ingredient: Unknown item 'spartanweaponry:saber_stone', At ResourceLocation: JsonObject; At Ingredient: Unknown item 'spartanweaponry:saber_wood', At ResourceLocation: JsonObject; At Ingredient: Unknown item 'spartanweaponry:katana_lead', At ResourceLocation: JsonObject; At Ingredient: Unknown item 'spartanweaponry:katana_nickel', At ResourceLocation: JsonObject; At Ingredient: Unknown item 'spartanweaponry:katana_electrum', At ResourceLocation: JsonObject; At Ingredient: Unknown item 'spartanweaponry:katana_platinum', At ResourceLocation: JsonObject; At Ingredient: Unknown item 'spartanweaponry:katana_invar', At ResourceLocation: JsonObject; At Ingredient: Unknown item 'spartanweaponry:katana_silver', At ResourceLocation: JsonObject; At Ingredient: Unknown item 'spartanweaponry:katana_steel', At ResourceLocation: JsonObject; At Ingredient: Unknown item 'spartanweaponry:katana_bronze', At ResourceLocation: JsonObject; At Ingredient: Unknown item 'spartanweaponry:katana_tin', At ResourceLocation: JsonObject; At Ingredient: Unknown item 'spartanweaponry:katana_copper', At ResourceLocation: JsonObject; At Ingredient: Unknown item 'spartanweaponry:katana_netherite', At ResourceLocation: JsonObject; At Ingredient: Unknown item 'spartanweaponry:katana_diamond', At ResourceLocation: JsonObject; At Ingredient: Unknown item 'spartanweaponry:katana_gold', At ResourceLocation: JsonObject; At Ingredient: Unknown item 'spartanweaponry:katana_iron', At ResourceLocation: JsonObject; At Ingredient: Unknown item 'spartanweaponry:katana_stone', At ResourceLocation: JsonObject; At Ingredient: Unknown item 'spartanweaponry:katana_wood', At ResourceLocation: JsonObject; At Ingredient: Unknown item 'spartanweaponry:longsword_lead', At ResourceLocation: JsonObject; At Ingredient: Unknown item 'spartanweaponry:longsword_nickel', At ResourceLocation: JsonObject; At Ingredient: Unknown item 'spartanweaponry:longsword_electrum', At ResourceLocation: JsonObject; At Ingredient: Unknown item 'spartanweaponry:longsword_platinum', At ResourceLocation: JsonObject; At Ingredient: Unknown item 'spartanweaponry:longsword_invar', At ResourceLocation: JsonObject; At Ingredient: Unknown item 'spartanweaponry:longsword_silver', At ResourceLocation: JsonObject; At Ingredient: Unknown item 'spartanweaponry:longsword_steel', At ResourceLocation: JsonObject; At Ingredient: Unknown item 'spartanweaponry:longsword_bronze', At ResourceLocation: JsonObject; At Ingredient: Unknown item 'spartanweaponry:longsword_tin', At ResourceLocation: JsonObject; At Ingredient: Unknown item 'spartanweaponry:longsword_copper', At ResourceLocation: JsonObject; At Ingredient: Unknown item 'spartanweaponry:longsword_netherite', At ResourceLocation: JsonObject; At Ingredient: Unknown item 'spartanweaponry:longsword_diamond', At ResourceLocation: JsonObject; At Ingredient: Unknown item 'spartanweaponry:longsword_gold', At ResourceLocation: JsonObject; At Ingredient: Unknown item 'spartanweaponry:longsword_iron', At ResourceLocation: JsonObject; At Ingredient: Unknown item 'spartanweaponry:longsword_stone', At ResourceLocation: JsonObject; At Ingredient: Unknown item 'spartanweaponry:longsword_wood', At ResourceLocation: JsonObject, At ResourceLocation: JsonObject
[28Aug2026 00:20:30.602] [main/ERROR] [io.github.apace100.apoli.Apoli/]: Error loading power "strictly:holy_shield": At MobEffectInstance: Error reading status effect: could not find status effect with id: dungeons_gear:shielding, At ResourceLocation: JsonObject; At MobEffect: Identifier "dungeons_gear:shielding" was not registered in registry "minecraft:mob_effect"., At ResourceLocation: JsonObject; At MobEffect: Identifier "dungeons_gear:shielding" was not registered in registry "minecraft:mob_effect"., At ResourceLocation: JsonObject
[28Aug2026 00:20:30.602] [main/ERROR] [io.github.apace100.apoli.Apoli/]: Loading for all instances of power strictly:holy_shield failed.
[28Aug2026 00:20:30.603] [main/WARN] [io.github.apace100.apoli.Apoli/]: Power "cisco_rpg_origins:lokis_boon_minor2" will only be partially loaded: At Attribute: Identifier "reach-entity-attributes:attack_range" was not registered in registry "minecraft:attribute".; At Attribute: Identifier "reach-entity-attributes:reach" was not registered in registry "minecraft:attribute".
[28Aug2026 00:20:30.606] [main/WARN] [io.github.apace100.apoli.Apoli/]: Power "cisco_rpg_origins:divine_hunger" will only be partially loaded: At Ingredient: Unknown item 'minecolonies:golden_bread', At ResourceLocation: JsonObject
[28Aug2026 00:20:30.617] [main/WARN] [io.github.apace100.apoli.Apoli/]: Power "arkwys:woodelf/weak_melee_iceandfire" will only be partially loaded: At Ingredient: Unknown item 'iceandfire:dread_kinght_sword', At ResourceLocation: JsonObject; At Ingredient: Unknown item 'iceandfire:dragonsteel_cold_axe', At ResourceLocation: JsonObject, At ResourceLocation: JsonObject
[28Aug2026 00:20:30.623] [main/WARN] [io.github.apace100.apoli.Apoli/]: Power "strictly:withers_immunity" will only be partially loaded: At MobEffect: Identifier "orcz:stunspam" was not registered in registry "minecraft:mob_effect".; At MobEffect: Identifier "orcz:stunlock" was not registered in registry "minecraft:mob_effect".
[28Aug2026 00:20:30.627] [main/WARN] [io.github.apace100.apoli.Apoli/]: Power "arkwys:moth/glowaffinity" will only be partially loaded: At MobEffectInstance: Error reading status effect: could not find status effect with id: netherite_plus:lava_vision, At ResourceLocation: JsonObject, At ResourceLocation: JsonObject
[28Aug2026 00:20:30.631] [main/WARN] [io.github.apace100.apoli.Apoli/]: Power "medievalorigins:paladin/weak_swords_dungeons_gear" will only be partially loaded: At Ingredient: Unknown item 'dungeons_gear:rapier', At ResourceLocation: JsonObject; At Ingredient: Unknown item 'dungeons_gear:frost_slayer', At ResourceLocation: JsonObject; At Ingredient: Unknown item 'dungeons_gear:heartstealer', At ResourceLocation: JsonObject; At Ingredient: Unknown item 'dungeons_gear:broadsword', At ResourceLocation: JsonObject; At Ingredient: Unknown item 'dungeons_gear:claymore', At ResourceLocation: JsonObject; At Ingredient: Unknown item 'dungeons_gear:truthseeker', At ResourceLocation: JsonObject; At Ingredient: Unknown item 'dungeons_gear:masters_katana', At ResourceLocation: JsonObject; At Ingredient: Unknown item 'dungeons_gear:dark_katana', At ResourceLocation: JsonObject; At Ingredient: Unknown item 'dungeons_gear:katana', At ResourceLocation: JsonObject; At Ingredient: Unknown item 'dungeons_gear:sinister_sword', At ResourceLocation: JsonObject; At Ingredient: Unknown item 'dungeons_gear:hawkbrand', At ResourceLocation: JsonObject; At Ingredient: Unknown item 'dungeons_gear:diamond_sword', At ResourceLocation: JsonObject; At Ingredient: Unknown item 'dungeons_gear:gold_sword', At ResourceLocation: JsonObject; At Ingredient: Unknown item 'dungeons_gear:stone_sword', At ResourceLocation: JsonObject; At Ingredient: Unknown item 'dungeons_gear:sword', At ResourceLocation: JsonObject; At Ingredient: Unknown item 'dungeons_gear:nameless_blade', At ResourceLocation: JsonObject; At Ingredient: Unknown item 'dungeons_gear:cutlass', At ResourceLocation: JsonObject; At Ingredient: Unknown item 'dungeons_gear:freezing_foil', At ResourceLocation: JsonObject; At Ingredient: Unknown item 'dungeons_gear:bee_stinger', At ResourceLocation: JsonObject; At Ingredient: Unknown item 'dungeons_gear:rapier', At ResourceLocation: JsonObject, At ResourceLocation: JsonObject
[28Aug2026 00:20:30.638] [main/WARN] [io.github.apace100.apoli.Apoli/]: Power "strictly:shaman_hood" will only be partially loaded: At Item: Identifier "skillcloaks:slayer_hood" was not registered in registry "minecraft:item"., At ResourceLocation: JsonObject, At ResourceLocation: JsonObject
[28Aug2026 00:20:30.639] [main/WARN] [io.github.apace100.apoli.Apoli/]: Power "arkwys:brute/axe_efficient_dungeons_gear" will only be partially loaded: At Ingredient: Unknown item 'dungeons_gear:firebrand', At ResourceLocation: JsonObject; At Ingredient: Unknown item 'dungeons_gear:gold_axe', At ResourceLocation: JsonObject, At ResourceLocation: JsonObject
[28Aug2026 00:20:30.641] [main/WARN] [io.github.apace100.apoli.Apoli/]: Power "medievalorigins:paladin/weak_swords_iceandfire" will only be partially loaded: At Ingredient: Unknown item 'iceandfire:dread_kinght_sword', At ResourceLocation: JsonObject, At ResourceLocation: JsonObject
[28Aug2026 00:20:30.659] [main/ERROR] [io.github.apace100.origins.Origins/]: There was a problem reading Origin file strictly:orcs_shaman (skipping): Identifier "orcz:skullwand" was not registered in registry "minecraft:item".
[28Aug2026 00:20:30.659] [main/ERROR] [io.github.apace100.origins.Origins/]: All instances of origin strictly:orcs_shaman failed to load. Skipped
[28Aug2026 00:20:30.674] [main/ERROR] [io.github.apace100.origins.Origins/]: Removed 1 missing powers from strictly:priest
[28Aug2026 00:20:30.675] [main/ERROR] [io.github.apace100.origins.Origins/]: Removed 2 missing powers from strictly:otter
[28Aug2026 00:20:30.675] [main/ERROR] [io.github.apace100.origins.Origins/]: Removed 1 missing powers from arkwys:piglinbrute
[28Aug2026 00:20:30.676] [main/ERROR] [io.github.apace100.origins.Origins/]: Removed 1 missing powers from strictly:birdofparadise
[28Aug2026 00:20:30.716] [main/INFO] [ModdingLegacy/blue_skies/SkiesDataManager/]: Loaded 8 tool_handle_types
[28Aug2026 00:20:30.717] [main/INFO] [ModdingLegacy/blue_skies/SkiesDataManager/]: Loaded 37 snowcap_oven_freezing_recipes
[28Aug2026 00:20:30.717] [main/INFO] [ModdingLegacy/blue_skies/SkiesDataManager/]: Loaded 7 horizonite_forge_fuels
[28Aug2026 00:20:30.717] [main/INFO] [ModdingLegacy/blue_skies/SkiesDataManager/]: Loaded 12 snowcap_mushroom_freezing
[28Aug2026 00:20:30.751] [main/INFO] [ModdingLegacy/blue_skies/SkiesDataManager/]: Loaded 70 alchemy_recipes
[28Aug2026 00:20:30.753] [main/INFO] [ModdingLegacy/blue_skies/SkiesDataManager/]: Loaded 81 journal/entries
[28Aug2026 00:20:30.753] [main/INFO] [ModdingLegacy/blue_skies/SkiesDataManager/]: Loaded 3 journal/sections
[28Aug2026 00:20:30.754] [main/INFO] [ModdingLegacy/blue_skies/SkiesDataManager/]: Loaded 7 journal/requirements
[28Aug2026 00:20:30.768] [main/WARN] [com.lootintegrations.LootintegrationsMod/]: Ignoring loot modifiers for:supplementaries:tables/blocks/twilightforest/hanging_sign_dark use this folder name:lootintegrations
[28Aug2026 00:20:30.771] [main/INFO] [com.cupboard.Cupboard/]: Loaded config for: lootintegrations.json
[28Aug2026 00:20:30.771] [main/WARN] [com.lootintegrations.LootintegrationsMod/]: Ignoring loot modifiers for:supplementaries:tables/blocks/hanging_sign_dark_oak use this folder name:lootintegrations
[28Aug2026 00:20:30.772] [main/WARN] [com.lootintegrations.LootintegrationsMod/]: Ignoring loot modifiers for:supplementaries:tables/blocks/darkerdepths/hanging_sign_petrified use this folder name:lootintegrations
[28Aug2026 00:20:30.772] [main/WARN] [com.lootintegrations.LootintegrationsMod/]: Ignoring loot modifiers for:supplementaries:tables/blocks/hanging_sign_crimson use this folder name:lootintegrations
[28Aug2026 00:20:30.772] [main/WARN] [com.lootintegrations.LootintegrationsMod/]: Ignoring loot modifiers for:supplementaries:tables/blocks/blue_skies/hanging_sign_dusk use this folder name:lootintegrations
[28Aug2026 00:20:30.772] [main/WARN] [com.lootintegrations.LootintegrationsMod/]: Ignoring loot modifiers for:supplementaries:tables/blocks/byg/hanging_sign_white_mangrove use this folder name:lootintegrations
[28Aug2026 00:20:30.772] [main/WARN] [com.lootintegrations.LootintegrationsMod/]: Ignoring loot modifiers for:supplementaries:tables/blocks/iter_rpg/hanging_sign_sacred use this folder name:lootintegrations
[28Aug2026 00:20:30.772] [main/WARN] [com.lootintegrations.LootintegrationsMod/]: Ignoring loot modifiers for:supplementaries:tables/blocks/quark/hanging_sign_azalea use this folder name:lootintegrations
[28Aug2026 00:20:30.772] [main/WARN] [com.lootintegrations.LootintegrationsMod/]: Ignoring loot modifiers for:supplementaries:tables/blocks/phantasm/hanging_sign_pream use this folder name:lootintegrations
[28Aug2026 00:20:30.772] [main/WARN] [com.lootintegrations.LootintegrationsMod/]: Ignoring loot modifiers for:supplementaries:tables/blocks/domum_ornamentum/hanging_sign_cactus use this folder name:lootintegrations
[28Aug2026 00:20:30.772] [main/WARN] [com.lootintegrations.LootintegrationsMod/]: Ignoring loot modifiers for:supplementaries:tables/blocks/byg/hanging_sign_maple use this folder name:lootintegrations
[28Aug2026 00:20:30.772] [main/WARN] [com.lootintegrations.LootintegrationsMod/]: Ignoring loot modifiers for:supplementaries:tables/blocks/atmospheric/hanging_sign_rosewood use this folder name:lootintegrations
[28Aug2026 00:20:30.772] [main/WARN] [com.lootintegrations.LootintegrationsMod/]: Ignoring loot modifiers for:supplementaries:tables/blocks/byg/hanging_sign_holly use this folder name:lootintegrations
[28Aug2026 00:20:30.772] [main/WARN] [com.lootintegrations.LootintegrationsMod/]: Ignoring loot modifiers for:supplementaries:tables/blocks/iceandfire/hanging_sign_dreadwood use this folder name:lootintegrations
[28Aug2026 00:20:30.772] [main/WARN] [com.lootintegrations.LootintegrationsMod/]: Ignoring loot modifiers for:supplementaries:tables/blocks/twilightforest/hanging_sign_transformation use this folder name:lootintegrations
[28Aug2026 00:20:30.772] [main/WARN] [com.lootintegrations.LootintegrationsMod/]: Ignoring loot modifiers for:supplementaries:tables/blocks/hanging_sign_acacia use this folder name:lootintegrations
[28Aug2026 00:20:30.772] [main/WARN] [com.lootintegrations.LootintegrationsMod/]: Ignoring loot modifiers for:supplementaries:tables/blocks/ars_nouveau/hanging_sign_archwood use this folder name:lootintegrations
[28Aug2026 00:20:30.772] [main/WARN] [com.lootintegrations.LootintegrationsMod/]: Ignoring loot modifiers for:supplementaries:tables/blocks/ecologics/hanging_sign_flowering_azalea use this folder name:lootintegrations
[28Aug2026 00:20:30.772] [main/WARN] [com.lootintegrations.LootintegrationsMod/]: Ignoring loot modifiers for:supplementaries:tables/blocks/blue_skies/hanging_sign_maple use this folder name:lootintegrations
[28Aug2026 00:20:30.772] [main/WARN] [com.lootintegrations.LootintegrationsMod/]: Ignoring loot modifiers for:supplementaries:tables/blocks/enlightened_end/hanging_sign_cerulean use this folder name:lootintegrations
[28Aug2026 00:20:30.772] [main/WARN] [com.lootintegrations.LootintegrationsMod/]: Ignoring loot modifiers for:supplementaries:tables/blocks/blue_skies/hanging_sign_starlit use this folder name:lootintegrations
[28Aug2026 00:20:30.773] [main/WARN] [com.lootintegrations.LootintegrationsMod/]: Ignoring loot modifiers for:supplementaries:tables/blocks/byg/hanging_sign_cypress use this folder name:lootintegrations
[28Aug2026 00:20:30.773] [main/WARN] [com.lootintegrations.LootintegrationsMod/]: Ignoring loot modifiers for:supplementaries:tables/blocks/twilightforest/hanging_sign_sorting use this folder name:lootintegrations
[28Aug2026 00:20:30.773] [main/WARN] [com.lootintegrations.LootintegrationsMod/]: Ignoring loot modifiers for:supplementaries:tables/blocks/byg/hanging_sign_ether use this folder name:lootintegrations
[28Aug2026 00:20:30.773] [main/WARN] [com.lootintegrations.LootintegrationsMod/]: Ignoring loot modifiers for:supplementaries:tables/blocks/atmospheric/hanging_sign_grimwood use this folder name:lootintegrations
[28Aug2026 00:20:30.773] [main/WARN] [com.lootintegrations.LootintegrationsMod/]: Ignoring loot modifiers for:supplementaries:tables/blocks/twilightforest/hanging_sign_time use this folder name:lootintegrations
[28Aug2026 00:20:30.773] [main/WARN] [com.lootintegrations.LootintegrationsMod/]: Ignoring loot modifiers for:supplementaries:tables/blocks/byg/hanging_sign_witch_hazel use this folder name:lootintegrations
[28Aug2026 00:20:30.773] [main/WARN] [com.lootintegrations.LootintegrationsMod/]: Ignoring loot modifiers for:supplementaries:tables/blocks/deep_aether/hanging_sign_roseroot use this folder name:lootintegrations
[28Aug2026 00:20:30.773] [main/WARN] [com.lootintegrations.LootintegrationsMod/]: Ignoring loot modifiers for:supplementaries:tables/blocks/deep_aether/hanging_sign_yagroot use this folder name:lootintegrations
[28Aug2026 00:20:30.773] [main/WARN] [com.lootintegrations.LootintegrationsMod/]: Ignoring loot modifiers for:supplementaries:tables/blocks/byg/hanging_sign_sythian use this folder name:lootintegrations
[28Aug2026 00:20:30.773] [main/WARN] [com.lootintegrations.LootintegrationsMod/]: Ignoring loot modifiers for:supplementaries:tables/blocks/enlightened_end/hanging_sign_indigo use this folder name:lootintegrations
[28Aug2026 00:20:30.773] [main/WARN] [com.lootintegrations.LootintegrationsMod/]: Ignoring loot modifiers for:supplementaries:tables/blocks/atmospheric/hanging_sign_kousa use this folder name:lootintegrations
[28Aug2026 00:20:30.773] [main/WARN] [com.lootintegrations.LootintegrationsMod/]: Ignoring loot modifiers for:supplementaries:tables/blocks/quark/hanging_sign_blossom use this folder name:lootintegrations
[28Aug2026 00:20:30.773] [main/WARN] [com.lootintegrations.LootintegrationsMod/]: Ignoring loot modifiers for:supplementaries:tables/blocks/byg/hanging_sign_cherry use this folder name:lootintegrations
[28Aug2026 00:20:30.773] [main/WARN] [com.lootintegrations.LootintegrationsMod/]: Ignoring loot modifiers for:supplementaries:tables/blocks/hanging_sign_jungle use this folder name:lootintegrations
[28Aug2026 00:20:30.773] [main/WARN] [com.lootintegrations.LootintegrationsMod/]: Ignoring loot modifiers for:supplementaries:tables/blocks/twilightforest/hanging_sign_mangrove use this folder name:lootintegrations
[28Aug2026 00:20:30.773] [main/WARN] [com.lootintegrations.LootintegrationsMod/]: Ignoring loot modifiers for:supplementaries:tables/blocks/quark/hanging_sign_bamboo use this folder name:lootintegrations
[28Aug2026 00:20:30.773] [main/WARN] [com.lootintegrations.LootintegrationsMod/]: Ignoring loot modifiers for:supplementaries:tables/blocks/byg/hanging_sign_redwood use this folder name:lootintegrations
[28Aug2026 00:20:30.773] [main/WARN] [com.lootintegrations.LootintegrationsMod/]: Ignoring loot modifiers for:supplementaries:tables/blocks/hanging_sign_mangrove use this folder name:lootintegrations
[28Aug2026 00:20:30.773] [main/WARN] [com.lootintegrations.LootintegrationsMod/]: Ignoring loot modifiers for:supplementaries:tables/blocks/byg/hanging_sign_baobab use this folder name:lootintegrations
[28Aug2026 00:20:30.773] [main/WARN] [com.lootintegrations.LootintegrationsMod/]: Ignoring loot modifiers for:supplementaries:tables/blocks/hanging_sign_oak use this folder name:lootintegrations
[28Aug2026 00:20:30.773] [main/WARN] [com.lootintegrations.LootintegrationsMod/]: Ignoring loot modifiers for:supplementaries:tables/blocks/byg/hanging_sign_zelkova use this folder name:lootintegrations
[28Aug2026 00:20:30.774] [main/WARN] [com.lootintegrations.LootintegrationsMod/]: Ignoring loot modifiers for:supplementaries:tables/blocks/hanging_sign_spruce use this folder name:lootintegrations
[28Aug2026 00:20:30.774] [main/WARN] [com.lootintegrations.LootintegrationsMod/]: Ignoring loot modifiers for:supplementaries:tables/blocks/byg/hanging_sign_imparius use this folder name:lootintegrations
[28Aug2026 00:20:30.774] [main/WARN] [com.lootintegrations.LootintegrationsMod/]: Ignoring loot modifiers for:supplementaries:tables/blocks/aether/hanging_sign_skyroot use this folder name:lootintegrations
[28Aug2026 00:20:30.774] [main/WARN] [com.lootintegrations.LootintegrationsMod/]: Ignoring loot modifiers for:supplementaries:tables/blocks/blue_skies/hanging_sign_crystallized use this folder name:lootintegrations
[28Aug2026 00:20:30.774] [main/WARN] [com.lootintegrations.LootintegrationsMod/]: Ignoring loot modifiers for:supplementaries:tables/blocks/byg/hanging_sign_green_enchanted use this folder name:lootintegrations
[28Aug2026 00:20:30.774] [main/WARN] [com.lootintegrations.LootintegrationsMod/]: Ignoring loot modifiers for:supplementaries:tables/blocks/byg/hanging_sign_fir use this folder name:lootintegrations
[28Aug2026 00:20:30.774] [main/WARN] [com.lootintegrations.LootintegrationsMod/]: Ignoring loot modifiers for:supplementaries:tables/blocks/forbidden_arcanus/hanging_sign_aurum use this folder name:lootintegrations
[28Aug2026 00:20:30.774] [main/WARN] [com.lootintegrations.LootintegrationsMod/]: Ignoring loot modifiers for:supplementaries:tables/blocks/cataclysm/hanging_sign_chorus use this folder name:lootintegrations
[28Aug2026 00:20:30.774] [main/WARN] [com.lootintegrations.LootintegrationsMod/]: Ignoring loot modifiers for:supplementaries:tables/blocks/byg/hanging_sign_blue_enchanted use this folder name:lootintegrations
[28Aug2026 00:20:30.774] [main/WARN] [com.lootintegrations.LootintegrationsMod/]: Ignoring loot modifiers for:supplementaries:tables/blocks/endlessbiomes/hanging_sign_penumbra use this folder name:lootintegrations
[28Aug2026 00:20:30.774] [main/WARN] [com.lootintegrations.LootintegrationsMod/]: Ignoring loot modifiers for:supplementaries:tables/blocks/byg/hanging_sign_nightshade use this folder name:lootintegrations
[28Aug2026 00:20:30.774] [main/WARN] [com.lootintegrations.LootintegrationsMod/]: Ignoring loot modifiers for:supplementaries:tables/blocks/atmospheric/hanging_sign_laurel use this folder name:lootintegrations
[28Aug2026 00:20:30.774] [main/WARN] [com.lootintegrations.LootintegrationsMod/]: Ignoring loot modifiers for:supplementaries:tables/blocks/twilightforest/hanging_sign_twilight_oak use this folder name:lootintegrations
[28Aug2026 00:20:30.774] [main/WARN] [com.lootintegrations.LootintegrationsMod/]: Ignoring loot modifiers for:supplementaries:tables/blocks/byg/hanging_sign_pine use this folder name:lootintegrations
[28Aug2026 00:20:30.774] [main/WARN] [com.lootintegrations.LootintegrationsMod/]: Ignoring loot modifiers for:supplementaries:tables/blocks/forbidden_arcanus/hanging_sign_cherry use this folder name:lootintegrations
[28Aug2026 00:20:30.774] [main/WARN] [com.lootintegrations.LootintegrationsMod/]: Ignoring loot modifiers for:supplementaries:tables/blocks/byg/hanging_sign_bulbis use this folder name:lootintegrations
[28Aug2026 00:20:30.774] [main/WARN] [com.lootintegrations.LootintegrationsMod/]: Ignoring loot modifiers for:supplementaries:tables/blocks/phantasm/hanging_sign_ebony use this folder name:lootintegrations
[28Aug2026 00:20:30.774] [main/WARN] [com.lootintegrations.LootintegrationsMod/]: Ignoring loot modifiers for:supplementaries:tables/blocks/byg/hanging_sign_skyris use this folder name:lootintegrations
[28Aug2026 00:20:30.774] [main/WARN] [com.lootintegrations.LootintegrationsMod/]: Ignoring loot modifiers for:supplementaries:tables/blocks/vinery/hanging_sign_cherry use this folder name:lootintegrations
[28Aug2026 00:20:30.774] [main/WARN] [com.lootintegrations.LootintegrationsMod/]: Ignoring loot modifiers for:supplementaries:tables/blocks/blue_skies/hanging_sign_bluebright use this folder name:lootintegrations
[28Aug2026 00:20:30.774] [main/WARN] [com.lootintegrations.LootintegrationsMod/]: Ignoring loot modifiers for:supplementaries:tables/blocks/ecologics/hanging_sign_walnut use this folder name:lootintegrations
[28Aug2026 00:20:30.774] [main/WARN] [com.lootintegrations.LootintegrationsMod/]: Ignoring loot modifiers for:supplementaries:tables/blocks/deep_aether/hanging_sign_cruderoot use this folder name:lootintegrations
[28Aug2026 00:20:30.774] [main/WARN] [com.lootintegrations.LootintegrationsMod/]: Ignoring loot modifiers for:supplementaries:tables/blocks/byg/hanging_sign_ebony use this folder name:lootintegrations
[28Aug2026 00:20:30.774] [main/WARN] [com.lootintegrations.LootintegrationsMod/]: Ignoring loot modifiers for:supplementaries:tables/blocks/blue_skies/hanging_sign_cherry use this folder name:lootintegrations
[28Aug2026 00:20:30.775] [main/WARN] [com.lootintegrations.LootintegrationsMod/]: Ignoring loot modifiers for:supplementaries:tables/blocks/byg/hanging_sign_willow use this folder name:lootintegrations
[28Aug2026 00:20:30.775] [main/WARN] [com.lootintegrations.LootintegrationsMod/]: Ignoring loot modifiers for:supplementaries:tables/blocks/byg/hanging_sign_rainbow_eucalyptus use this folder name:lootintegrations
[28Aug2026 00:20:30.775] [main/WARN] [com.lootintegrations.LootintegrationsMod/]: Ignoring loot modifiers for:supplementaries:tables/blocks/ecologics/hanging_sign_coconut use this folder name:lootintegrations
[28Aug2026 00:20:30.775] [main/WARN] [com.lootintegrations.LootintegrationsMod/]: Ignoring loot modifiers for:supplementaries:tables/blocks/deep_aether/hanging_sign_conberry use this folder name:lootintegrations
[28Aug2026 00:20:30.775] [main/WARN] [com.lootintegrations.LootintegrationsMod/]: Ignoring loot modifiers for:supplementaries:tables/blocks/forbidden_arcanus/hanging_sign_edelwood use this folder name:lootintegrations
[28Aug2026 00:20:30.775] [main/WARN] [com.lootintegrations.LootintegrationsMod/]: Ignoring loot modifiers for:supplementaries:tables/blocks/byg/hanging_sign_cika use this folder name:lootintegrations
[28Aug2026 00:20:30.775] [main/WARN] [com.lootintegrations.LootintegrationsMod/]: Ignoring loot modifiers for:supplementaries:tables/blocks/twilightforest/hanging_sign_mining use this folder name:lootintegrations
[28Aug2026 00:20:30.775] [main/WARN] [com.lootintegrations.LootintegrationsMod/]: Ignoring loot modifiers for:supplementaries:tables/blocks/atmospheric/hanging_sign_morado use this folder name:lootintegrations
[28Aug2026 00:20:30.775] [main/WARN] [com.lootintegrations.LootintegrationsMod/]: Ignoring loot modifiers for:supplementaries:tables/blocks/byg/hanging_sign_lament use this folder name:lootintegrations
[28Aug2026 00:20:30.775] [main/WARN] [com.lootintegrations.LootintegrationsMod/]: Ignoring loot modifiers for:supplementaries:tables/blocks/ecologics/hanging_sign_azalea use this folder name:lootintegrations
[28Aug2026 00:20:30.775] [main/WARN] [com.lootintegrations.LootintegrationsMod/]: Ignoring loot modifiers for:supplementaries:tables/blocks/forbidden_arcanus/hanging_sign_fungyss use this folder name:lootintegrations
[28Aug2026 00:20:30.775] [main/WARN] [com.lootintegrations.LootintegrationsMod/]: Ignoring loot modifiers for:supplementaries:tables/blocks/blue_skies/hanging_sign_lunar use this folder name:lootintegrations
[28Aug2026 00:20:30.775] [main/WARN] [com.lootintegrations.LootintegrationsMod/]: Ignoring loot modifiers for:supplementaries:tables/blocks/domum_ornamentum/hanging_sign_cactus_extra use this folder name:lootintegrations
[28Aug2026 00:20:30.775] [main/WARN] [com.lootintegrations.LootintegrationsMod/]: Ignoring loot modifiers for:supplementaries:tables/blocks/hanging_sign_birch use this folder name:lootintegrations
[28Aug2026 00:20:30.775] [main/WARN] [com.lootintegrations.LootintegrationsMod/]: Ignoring loot modifiers for:supplementaries:tables/blocks/blue_skies/hanging_sign_frostbright use this folder name:lootintegrations
[28Aug2026 00:20:30.775] [main/WARN] [com.lootintegrations.LootintegrationsMod/]: Ignoring loot modifiers for:supplementaries:tables/blocks/byg/hanging_sign_mahogany use this folder name:lootintegrations
[28Aug2026 00:20:30.775] [main/WARN] [com.lootintegrations.LootintegrationsMod/]: Ignoring loot modifiers for:supplementaries:tables/blocks/byg/hanging_sign_jacaranda use this folder name:lootintegrations
[28Aug2026 00:20:30.775] [main/WARN] [com.lootintegrations.LootintegrationsMod/]: Ignoring loot modifiers for:supplementaries:tables/blocks/deep_aether/hanging_sign_sunroot use this folder name:lootintegrations
[28Aug2026 00:20:30.775] [main/WARN] [com.lootintegrations.LootintegrationsMod/]: Ignoring loot modifiers for:supplementaries:tables/blocks/deeperdarker/hanging_sign_echo use this folder name:lootintegrations
[28Aug2026 00:20:30.775] [main/WARN] [com.lootintegrations.LootintegrationsMod/]: Ignoring loot modifiers for:supplementaries:tables/blocks/atmospheric/hanging_sign_yucca use this folder name:lootintegrations
[28Aug2026 00:20:30.775] [main/WARN] [com.lootintegrations.LootintegrationsMod/]: Ignoring loot modifiers for:supplementaries:tables/blocks/byg/hanging_sign_palm use this folder name:lootintegrations
[28Aug2026 00:20:30.775] [main/WARN] [com.lootintegrations.LootintegrationsMod/]: Ignoring loot modifiers for:supplementaries:tables/blocks/hanging_sign_warped use this folder name:lootintegrations
[28Aug2026 00:20:30.775] [main/WARN] [com.lootintegrations.LootintegrationsMod/]: Ignoring loot modifiers for:supplementaries:tables/blocks/endlessbiomes/hanging_sign_twisted use this folder name:lootintegrations
[28Aug2026 00:20:30.775] [main/WARN] [com.lootintegrations.LootintegrationsMod/]: Ignoring loot modifiers for:supplementaries:tables/blocks/twilightforest/hanging_sign_canopy use this folder name:lootintegrations
[28Aug2026 00:20:30.775] [main/WARN] [com.lootintegrations.LootintegrationsMod/]: Ignoring loot modifiers for:supplementaries:tables/blocks/atmospheric/hanging_sign_aspen use this folder name:lootintegrations
[28Aug2026 00:20:30.775] [main/WARN] [com.lootintegrations.LootintegrationsMod/]: Ignoring loot modifiers for:supplementaries:tables/blocks/byg/hanging_sign_aspen use this folder name:lootintegrations
[28Aug2026 00:20:30.775] [main/WARN] [com.lootintegrations.LootintegrationsMod/]: Ignoring loot modifiers for:supplementaries:tables/blocks/quark/hanging_sign_ancient use this folder name:lootintegrations
[28Aug2026 00:20:30.776] [main/WARN] [com.lootintegrations.LootintegrationsMod/]: Ignoring loot modifiers for:supplementaries:tables/blocks/valhelsia_structures/hanging_sign_lapidified_jungle use this folder name:lootintegrations
[28Aug2026 00:20:30.784] [main/INFO] [com.teampotato.redirector.Redirector/]: Redirecting twilightforest/data/custom/stalactites/entry/Stalactite$HollowHillType
[28Aug2026 00:20:30.785] [main/INFO] [twilightforest/]: Loaded 9 Stalactite configs!
[28Aug2026 00:20:30.818] [main/INFO] [Dungeon Crawl/]: Loading data...
[28Aug2026 00:20:30.852] [main/INFO] [com.teampotato.redirector.Redirector/]: Redirecting xiroc/dungeoncrawl/dungeon/model/DungeonModelBlockType
[28Aug2026 00:20:31.063] [main/INFO] [com.teampotato.redirector.Redirector/]: Redirecting xiroc/dungeoncrawl/dungeon/DungeonLayerType
[28Aug2026 00:20:31.295] [main/INFO] [Dungeon Crawl/]: Done.
[28Aug2026 00:20:31.296] [main/INFO] [com.teamabnormals.blueprint.core.Blueprint/]: Skipped structure repaletter named 'atmospheric:grimwood_chests_in_ancient_cities' as its conditions were not met
[28Aug2026 00:20:31.297] [main/INFO] [com.teamabnormals.blueprint.core.Blueprint/]: Skipped structure repaletter named 'atmospheric:grimwood_fences_in_ancient_cities' as its conditions were not met
[28Aug2026 00:20:31.297] [main/INFO] [com.teamabnormals.blueprint.core.Blueprint/]: Skipped structure repaletter named 'atmospheric:yucca_buttons_in_desert_villages' as its conditions were not met
[28Aug2026 00:20:31.298] [main/INFO] [com.teamabnormals.blueprint.core.Blueprint/]: Skipped structure repaletter named 'atmospheric:yucca_chests_in_desert_villages' as its conditions were not met
[28Aug2026 00:20:31.298] [main/INFO] [com.teamabnormals.blueprint.core.Blueprint/]: Skipped structure repaletter named 'atmospheric:grimwood_ladders_in_ancient_cities' as its conditions were not met
[28Aug2026 00:20:31.298] [main/INFO] [com.teamabnormals.blueprint.core.Blueprint/]: Skipped structure repaletter named 'atmospheric:grimwood_planks_in_ancient_cities' as its conditions were not met
[28Aug2026 00:20:31.298] [main/INFO] [com.teamabnormals.blueprint.core.Blueprint/]: Skipped structure repaletter named 'atmospheric:grimwood_logs_in_ancient_cities' as its conditions were not met
[28Aug2026 00:20:31.298] [main/INFO] [com.teamabnormals.blueprint.core.Blueprint/]: Skipped structure repaletter named 'atmospheric:yucca_fences_in_desert_villages' as its conditions were not met
[28Aug2026 00:20:31.298] [main/INFO] [com.teamabnormals.blueprint.core.Blueprint/]: Skipped structure repaletter named 'atmospheric:yucca_trapdoors_in_desert_villages' as its conditions were not met
[28Aug2026 00:20:31.298] [main/INFO] [com.teamabnormals.blueprint.core.Blueprint/]: Skipped structure repaletter named 'atmospheric:yucca_ladders_in_desert_villages' as its conditions were not met
[28Aug2026 00:20:31.298] [main/INFO] [com.teamabnormals.blueprint.core.Blueprint/]: Skipped structure repaletter named 'atmospheric:yucca_doors_in_desert_villages' as its conditions were not met
[28Aug2026 00:20:31.298] [main/INFO] [com.teamabnormals.blueprint.core.Blueprint/]: Skipped structure repaletter named 'atmospheric:yucca_bookshelves_in_desert_villages' as its conditions were not met
[28Aug2026 00:20:31.298] [main/INFO] [com.teamabnormals.blueprint.core.Blueprint/]: Skipped structure repaletter named 'atmospheric:yucca_fence_gates_in_desert_villages' as its conditions were not met
[28Aug2026 00:20:31.299] [main/INFO] [com.teamabnormals.blueprint.core.Blueprint/]: Structure Repaletter Manager has loaded 15 repaletters
[28Aug2026 00:20:31.549] [main/INFO] [com.teamabnormals.blueprint.core.Blueprint/]: Modded Biome Slice Manager has loaded 2 slices
[28Aug2026 00:20:31.554] [main/INFO] [com.teamabnormals.blueprint.core.Blueprint/]: Chunk Generator Modification Manager has loaded 1 modifier groups
[28Aug2026 00:20:31.561] [main/INFO] [com.teampotato.redirector.Redirector/]: Redirecting daripher/skilltree/skill/bonus/condition/item/EquipmentCondition$Type
[28Aug2026 00:20:31.566] [main/INFO] [com.teampotato.redirector.Redirector/]: Redirecting daripher/skilltree/skill/bonus/condition/enchantment/NoneEnchantmentCondition
[28Aug2026 00:20:31.571] [main/INFO] [com.teampotato.redirector.Redirector/]: Redirecting daripher/skilltree/skill/bonus/SkillBonus$Target
[28Aug2026 00:20:31.573] [main/INFO] [com.teampotato.redirector.Redirector/]: Redirecting daripher/skilltree/skill/bonus/player/GainedExperienceBonus$ExperienceSource
[28Aug2026 00:20:31.599] [main/INFO] [com.teampotato.redirector.Redirector/]: Redirecting daripher/skilltree/skill/bonus/condition/item/NoneItemCondition
[28Aug2026 00:20:31.637] [main/INFO] [com.brutalbosses.BrutalBosses/]: Loaded boss variant for: minecraft:snow_golem
[28Aug2026 00:20:31.637] [main/INFO] [com.brutalbosses.BrutalBosses/]: Loaded boss variant for: minecraft:wandering_trader
[28Aug2026 00:20:31.637] [main/INFO] [com.brutalbosses.BrutalBosses/]: Loaded boss variant for: minecraft:pillager
[28Aug2026 00:20:31.637] [main/INFO] [com.brutalbosses.BrutalBosses/]: Loaded boss variant for: minecraft:evoker
[28Aug2026 00:20:31.637] [main/INFO] [com.brutalbosses.BrutalBosses/]: Loaded boss variant for: minecraft:zombie
[28Aug2026 00:20:31.637] [main/INFO] [com.brutalbosses.BrutalBosses/]: Loaded boss variant for: minecraft:evoker
[28Aug2026 00:20:31.637] [main/INFO] [com.brutalbosses.BrutalBosses/]: Loaded boss variant for: minecraft:shulker
[28Aug2026 00:20:31.637] [main/INFO] [com.brutalbosses.BrutalBosses/]: Loaded boss variant for: minecraft:blaze
[28Aug2026 00:20:31.637] [main/INFO] [com.brutalbosses.BrutalBosses/]: Loaded boss variant for: minecraft:phantom
[28Aug2026 00:20:31.637] [main/INFO] [com.brutalbosses.BrutalBosses/]: Loaded boss variant for: minecraft:mooshroom
[28Aug2026 00:20:31.637] [main/INFO] [com.brutalbosses.BrutalBosses/]: Loaded boss variant for: minecraft:skeleton
[28Aug2026 00:20:31.637] [main/INFO] [com.brutalbosses.BrutalBosses/]: Loaded boss variant for: minecraft:zombie
[28Aug2026 00:20:31.638] [main/INFO] [com.brutalbosses.BrutalBosses/]: Loaded boss variant for: minecraft:wither_skeleton
[28Aug2026 00:20:31.638] [main/INFO] [com.brutalbosses.BrutalBosses/]: Loaded boss variant for: minecraft:cave_spider
[28Aug2026 00:20:31.638] [main/INFO] [com.brutalbosses.BrutalBosses/]: Loaded boss variant for: minecraft:vindicator
[28Aug2026 00:20:31.638] [main/INFO] [com.brutalbosses.BrutalBosses/]: Loaded boss variant for: minecraft:zoglin
[28Aug2026 00:20:31.638] [main/INFO] [com.brutalbosses.BrutalBosses/]: Loaded boss variant for: minecraft:chicken
[28Aug2026 00:20:31.638] [main/INFO] [com.brutalbosses.BrutalBosses/]: Loaded boss variant for: minecraft:rabbit
[28Aug2026 00:20:31.638] [main/INFO] [com.brutalbosses.BrutalBosses/]: Loaded boss variant for: minecraft:piglin_brute
[28Aug2026 00:20:31.638] [main/INFO] [com.brutalbosses.BrutalBosses/]: Loaded boss variant for: minecraft:stray
[28Aug2026 00:20:31.638] [main/INFO] [com.brutalbosses.BrutalBosses/]: Loaded boss variant for: minecraft:drowned
[28Aug2026 00:20:31.638] [main/INFO] [com.brutalbosses.BrutalBosses/]: Loaded boss variant for: minecraft:iron_golem
[28Aug2026 00:20:31.638] [main/INFO] [com.brutalbosses.BrutalBosses/]: Loaded boss variant for: minecraft:zombie
[28Aug2026 00:20:31.638] [main/INFO] [com.brutalbosses.BrutalBosses/]: Loaded boss variant for: minecraft:vex
[28Aug2026 00:20:31.638] [main/INFO] [com.brutalbosses.BrutalBosses/]: Loaded boss variant for: minecraft:vindicator
[28Aug2026 00:20:31.638] [main/INFO] [com.brutalbosses.BrutalBosses/]: Loaded boss variant for: minecraft:wither_skeleton
[28Aug2026 00:20:31.638] [main/INFO] [com.brutalbosses.BrutalBosses/]: Loaded boss variant for: minecraft:husk
[28Aug2026 00:20:31.638] [main/INFO] [com.brutalbosses.BrutalBosses/]: Loaded boss variant for: minecraft:guardian
[28Aug2026 00:20:31.638] [main/INFO] [com.brutalbosses.BrutalBosses/]: Loaded boss variant for: minecraft:witch
[28Aug2026 00:20:31.638] [main/INFO] [com.brutalbosses.BrutalBosses/]: Loaded boss variant for: minecraft:ghast
[28Aug2026 00:20:31.643] [main/INFO] [supplementaries/]: Loaded  8 flute songs
[28Aug2026 00:20:31.654] [main/INFO] [com.teampotato.redirector.Redirector/]: Redirecting net/mehvahdjukaar/supplementaries/common/misc/mob_container/BuiltinAnimation$Type
[28Aug2026 00:20:31.655] [main/INFO] [com.teampotato.redirector.Redirector/]: Redirecting net/mehvahdjukaar/supplementaries/common/misc/mob_container/DataDefinedCatchableMob$TickMode
[28Aug2026 00:20:31.659] [main/INFO] [quark/]: Modified advancement minecraft:husbandry/wax_on with 2 patches
[28Aug2026 00:20:31.659] [main/INFO] [quark/]: Modified advancement minecraft:adventure/kill_a_mob with 3 patches
[28Aug2026 00:20:31.660] [main/INFO] [quark/]: Modified advancement minecraft:husbandry/bred_all_animals with 3 patches
[28Aug2026 00:20:31.660] [main/INFO] [quark/]: Modified advancement minecraft:adventure/kill_all_mobs with 3 patches
[28Aug2026 00:20:31.660] [main/INFO] [quark/]: Modified advancement minecraft:husbandry/make_a_sign_glow with 1 patches
[28Aug2026 00:20:31.661] [main/INFO] [quark/]: Modified advancement minecraft:husbandry/balanced_diet with 3 patches
[28Aug2026 00:20:31.661] [main/INFO] [quark/]: Modified advancement minecraft:husbandry/plant_seed with 1 patches
[28Aug2026 00:20:31.661] [main/INFO] [quark/]: Modified advancement minecraft:nether/all_effects with 2 patches
[28Aug2026 00:20:31.661] [main/INFO] [quark/]: Modified advancement minecraft:husbandry/wax_off with 2 patches
[28Aug2026 00:20:31.661] [main/INFO] [quark/]: Modified advancement minecraft:adventure/adventuring_time with 1 patches
[28Aug2026 00:20:31.661] [main/INFO] [quark/]: Modified advancement minecraft:nether/all_potions with 1 patches
[28Aug2026 00:20:31.664] [main/INFO] [com.teampotato.redirector.Redirector/]: Redirecting com/stal111/forbidden_arcanus/common/block/entity/forge/ritual/Ritual$PedestalType
[28Aug2026 00:20:31.682] [main/INFO] [Gateways to Eternity/]: Registered 35 gateways.
[28Aug2026 00:20:31.683] [main/INFO] [Apotheosis : Enchantment/]: Registered 33 enchanting_stats.
[28Aug2026 00:20:31.689] [main/ERROR] [Apotheosis : Adventure/]: Failed parsing affixes file apothiccurios:apothcurios/attribute/ironforged.
[28Aug2026 00:20:31.689] [main/ERROR] [Apotheosis : Adventure/]: Underlying Exception: 
java.lang.IllegalArgumentException: null
	at com.google.common.base.Preconditions.checkArgument(Preconditions.java:131) ~[guava-31.0.1-jre.jar%2372!/:?]
	at shadows.placebo.util.StepFunction.<init>(StepFunction.java:49) ~[Placebo-1.19.2-7.4.1.jar%23631!/:7.4.1]
	at com.mojang.datafixers.util.Function3.lambda$curry$0(Function3.java:10) ~[datafixerupper-5.0.28.jar%2375!/:?]
	at com.mojang.datafixers.kinds.Applicative.lambda$ap2$8(Applicative.java:75) ~[datafixerupper-5.0.28.jar%2375!/:?]
	at com.mojang.serialization.DataResult.lambda$ap$17(DataResult.java:159) ~[datafixerupper-5.0.28.jar%2375!/:?]
	at java.util.Optional.map(Optional.java:260) ~[?:?]
	at com.mojang.serialization.DataResult.lambda$ap$18(DataResult.java:159) ~[datafixerupper-5.0.28.jar%2375!/:?]
	at com.mojang.datafixers.util.Either$Right.mapBoth(Either.java:94) ~[datafixerupper-5.0.28.jar%2375!/:?]
	at com.mojang.serialization.DataResult.lambda$ap$19(DataResult.java:157) ~[datafixerupper-5.0.28.jar%2375!/:?]
	at com.mojang.datafixers.util.Either$Left.map(Either.java:38) ~[datafixerupper-5.0.28.jar%2375!/:?]
	at com.mojang.serialization.DataResult.ap(DataResult.java:156) ~[datafixerupper-5.0.28.jar%2375!/:?]
	at com.mojang.serialization.DataResult$Instance.ap(DataResult.java:301) ~[datafixerupper-5.0.28.jar%2375!/:?]
	at com.mojang.datafixers.kinds.Applicative.ap2(Applicative.java:76) ~[datafixerupper-5.0.28.jar%2375!/:?]
	at com.mojang.serialization.DataResult$Instance.ap2(DataResult.java:321) ~[datafixerupper-5.0.28.jar%2375!/:?]
	at com.mojang.datafixers.kinds.Applicative.ap3(Applicative.java:80) ~[datafixerupper-5.0.28.jar%2375!/:?]
	at com.mojang.serialization.DataResult$Instance.ap3(DataResult.java:344) ~[datafixerupper-5.0.28.jar%2375!/:?]
	at com.mojang.serialization.codecs.RecordCodecBuilder$Instance$5.decode(RecordCodecBuilder.java:321) ~[datafixerupper-5.0.28.jar%2375!/:?]
	at com.mojang.serialization.codecs.RecordCodecBuilder$2.decode(RecordCodecBuilder.java:107) ~[datafixerupper-5.0.28.jar%2375!/:?]
	at com.mojang.serialization.MapDecoder.lambda$compressedDecode$0(MapDecoder.java:52) ~[datafixerupper-5.0.28.jar%2375!/:?]
	at com.mojang.serialization.DataResult.lambda$flatMap$10(DataResult.java:138) ~[datafixerupper-5.0.28.jar%2375!/:?]
	at com.mojang.datafixers.util.Either$Left.map(Either.java:38) ~[datafixerupper-5.0.28.jar%2375!/:?]
	at com.mojang.serialization.DataResult.flatMap(DataResult.java:136) ~[datafixerupper-5.0.28.jar%2375!/:?]
	at com.mojang.serialization.MapDecoder.compressedDecode(MapDecoder.java:52) ~[datafixerupper-5.0.28.jar%2375!/:?]
	at com.mojang.serialization.MapCodec$MapCodecCodec.decode(MapCodec.java:91) ~[datafixerupper-5.0.28.jar%2375!/:?]
	at com.mojang.serialization.codecs.EitherCodec.decode(EitherCodec.java:28) ~[datafixerupper-5.0.28.jar%2375!/:?]
	at com.mojang.serialization.Decoder$2.decode(Decoder.java:63) ~[datafixerupper-5.0.28.jar%2375!/:?]
	at com.mojang.serialization.Codec$2.decode(Codec.java:71) ~[datafixerupper-5.0.28.jar%2375!/:?]
	at com.mojang.serialization.Decoder.parse(Decoder.java:18) ~[datafixerupper-5.0.28.jar%2375!/:?]
	at com.mojang.serialization.codecs.BaseMapCodec.lambda$decode$2(BaseMapCodec.java:31) ~[datafixerupper-5.0.28.jar%2375!/:?]
	at java.util.stream.ReduceOps$1ReducingSink.accept(ReduceOps.java:80) ~[?:?]
	at java.util.stream.ReferencePipeline$3$1.accept(ReferencePipeline.java:197) ~[?:?]
	at java.util.Iterator.forEachRemaining(Iterator.java:133) ~[?:?]
	at java.util.Spliterators$IteratorSpliterator.forEachRemaining(Spliterators.java:1845) ~[?:?]
	at java.util.stream.AbstractPipeline.copyInto(AbstractPipeline.java:509) ~[?:?]
	at java.util.stream.AbstractPipeline.wrapAndCopyInto(AbstractPipeline.java:499) ~[?:?]
	at java.util.stream.ReduceOps$ReduceOp.evaluateSequential(ReduceOps.java:921) ~[?:?]
	at java.util.stream.AbstractPipeline.evaluate(AbstractPipeline.java:234) ~[?:?]
	at java.util.stream.ReferencePipeline.reduce(ReferencePipeline.java:667) ~[?:?]
	at com.mojang.serialization.codecs.BaseMapCodec.decode(BaseMapCodec.java:27) ~[datafixerupper-5.0.28.jar%2375!/:?]
	at com.mojang.serialization.codecs.SimpleMapCodec.decode(SimpleMapCodec.java:48) ~[datafixerupper-5.0.28.jar%2375!/:?]
	at com.mojang.serialization.MapDecoder.lambda$compressedDecode$0(MapDecoder.java:52) ~[datafixerupper-5.0.28.jar%2375!/:?]
	at com.mojang.serialization.DataResult.lambda$flatMap$10(DataResult.java:138) ~[datafixerupper-5.0.28.jar%2375!/:?]
	at com.mojang.datafixers.util.Either$Left.map(Either.java:38) ~[datafixerupper-5.0.28.jar%2375!/:?]
	at com.mojang.serialization.DataResult.flatMap(DataResult.java:136) ~[datafixerupper-5.0.28.jar%2375!/:?]
	at com.mojang.serialization.MapDecoder.compressedDecode(MapDecoder.java:52) ~[datafixerupper-5.0.28.jar%2375!/:?]
	at com.mojang.serialization.MapCodec$MapCodecCodec.decode(MapCodec.java:91) ~[datafixerupper-5.0.28.jar%2375!/:?]
	at com.mojang.serialization.Decoder.parse(Decoder.java:18) ~[datafixerupper-5.0.28.jar%2375!/:?]
	at com.mojang.serialization.codecs.FieldDecoder.decode(FieldDecoder.java:29) ~[datafixerupper-5.0.28.jar%2375!/:?]
	at com.mojang.serialization.MapCodec$1.decode(MapCodec.java:34) ~[datafixerupper-5.0.28.jar%2375!/:?]
	at com.mojang.serialization.codecs.RecordCodecBuilder$Instance$7.decode(RecordCodecBuilder.java:408) ~[datafixerupper-5.0.28.jar%2375!/:?]
	at com.mojang.serialization.codecs.RecordCodecBuilder$2.decode(RecordCodecBuilder.java:107) ~[datafixerupper-5.0.28.jar%2375!/:?]
	at com.mojang.serialization.MapDecoder.lambda$compressedDecode$0(MapDecoder.java:52) ~[datafixerupper-5.0.28.jar%2375!/:?]
	at com.mojang.serialization.DataResult.lambda$flatMap$10(DataResult.java:138) ~[datafixerupper-5.0.28.jar%2375!/:?]
	at com.mojang.datafixers.util.Either$Left.map(Either.java:38) ~[datafixerupper-5.0.28.jar%2375!/:?]
	at com.mojang.serialization.DataResult.flatMap(DataResult.java:136) ~[datafixerupper-5.0.28.jar%2375!/:?]
	at com.mojang.serialization.MapDecoder.compressedDecode(MapDecoder.java:52) ~[datafixerupper-5.0.28.jar%2375!/:?]
	at com.mojang.serialization.MapCodec$MapCodecCodec.decode(MapCodec.java:91) ~[datafixerupper-5.0.28.jar%2375!/:?]
	at shadows.placebo.json.PSerializer.lambda$fromCodec$2(PSerializer.java:122) ~[Placebo-1.19.2-7.4.1.jar%23631!/:7.4.1]
	at shadows.placebo.json.PSerializer.read(PSerializer.java:76) ~[Placebo-1.19.2-7.4.1.jar%23631!/:7.4.1]
	at shadows.placebo.json.SerializerMap.read(SerializerMap.java:112) ~[Placebo-1.19.2-7.4.1.jar%23631!/:7.4.1]
	at shadows.placebo.json.PlaceboJsonReloadListener.lambda$apply$0(PlaceboJsonReloadListener.java:97) ~[Placebo-1.19.2-7.4.1.jar%23631!/:7.4.1]
	at java.util.HashMap.forEach(HashMap.java:1421) ~[?:?]
	at shadows.placebo.json.PlaceboJsonReloadListener.apply(PlaceboJsonReloadListener.java:91) ~[Placebo-1.19.2-7.4.1.jar%23631!/:7.4.1]
	at shadows.placebo.json.PlaceboJsonReloadListener.m_5787_(PlaceboJsonReloadListener.java:47) ~[Placebo-1.19.2-7.4.1.jar%23631!/:7.4.1]
	at net.minecraft.server.packs.resources.SimplePreparableReloadListener.m_10789_(SimplePreparableReloadListener.java:13) ~[server-1.19.2-20220805.130853-srg.jar%23717!/:?]
	at java.util.concurrent.CompletableFuture$UniAccept.tryFire(CompletableFuture.java:718) ~[?:?]
	at java.util.concurrent.CompletableFuture$Completion.run(CompletableFuture.java:482) ~[?:?]
	at net.minecraft.server.packs.resources.SimpleReloadInstance.m_143940_(SimpleReloadInstance.java:69) ~[server-1.19.2-20220805.130853-srg.jar%23717!/:?]
	at net.minecraft.Util.m_214652_(Util.java:781) ~[server-1.19.2-20220805.130853-srg.jar%23717!/:?]
	at net.minecraft.Util.m_214679_(Util.java:770) ~[server-1.19.2-20220805.130853-srg.jar%23717!/:?]
	at net.minecraft.server.Main.main(Main.java:157) ~[server-1.19.2-20220805.130853-srg.jar%23717!/:?]
	at jdk.internal.reflect.NativeMethodAccessorImpl.invoke0(Native Method) ~[?:?]
	at jdk.internal.reflect.NativeMethodAccessorImpl.invoke(NativeMethodAccessorImpl.java:77) ~[?:?]
	at jdk.internal.reflect.DelegatingMethodAccessorImpl.invoke(DelegatingMethodAccessorImpl.java:43) ~[?:?]
	at java.lang.reflect.Method.invoke(Method.java:569) ~[?:?]
	at net.minecraftforge.fml.loading.targets.CommonServerLaunchHandler.lambda$launchService$0(CommonServerLaunchHandler.java:29) ~[fmlloader-1.19.2-43.4.2.jar%2367!/:?]
	at cpw.mods.modlauncher.LaunchServiceHandlerDecorator.launch(LaunchServiceHandlerDecorator.java:30) [modlauncher-10.0.8.jar%2354!/:?]
	at cpw.mods.modlauncher.LaunchServiceHandler.launch(LaunchServiceHandler.java:53) [modlauncher-10.0.8.jar%2354!/:?]
	at cpw.mods.modlauncher.LaunchServiceHandler.launch(LaunchServiceHandler.java:71) [modlauncher-10.0.8.jar%2354!/:?]
	at cpw.mods.modlauncher.Launcher.run(Launcher.java:106) [modlauncher-10.0.8.jar%2354!/:?]
	at cpw.mods.modlauncher.Launcher.main(Launcher.java:77) [modlauncher-10.0.8.jar%2354!/:?]
	at cpw.mods.modlauncher.BootstrapLaunchConsumer.accept(BootstrapLaunchConsumer.java:26) [modlauncher-10.0.8.jar%2354!/:?]
	at cpw.mods.modlauncher.BootstrapLaunchConsumer.accept(BootstrapLaunchConsumer.java:23) [modlauncher-10.0.8.jar%2354!/:?]
	at cpw.mods.bootstraplauncher.BootstrapLauncher.main(BootstrapLauncher.java:141) [bootstraplauncher-1.1.2.jar:?]
[28Aug2026 00:20:31.692] [main/ERROR] [Apotheosis : Adventure/]: Failed parsing affixes file apothiccurios:apothcurios/attribute/immortal.
[28Aug2026 00:20:31.692] [main/ERROR] [Apotheosis : Adventure/]: Underlying Exception: 
java.lang.IllegalArgumentException: null
	at com.google.common.base.Preconditions.checkArgument(Preconditions.java:131) ~[guava-31.0.1-jre.jar%2372!/:?]
	at shadows.placebo.util.StepFunction.<init>(StepFunction.java:49) ~[Placebo-1.19.2-7.4.1.jar%23631!/:7.4.1]
	at com.mojang.datafixers.util.Function3.lambda$curry$0(Function3.java:10) ~[datafixerupper-5.0.28.jar%2375!/:?]
	at com.mojang.datafixers.kinds.Applicative.lambda$ap2$8(Applicative.java:75) ~[datafixerupper-5.0.28.jar%2375!/:?]
	at com.mojang.serialization.DataResult.lambda$ap$17(DataResult.java:159) ~[datafixerupper-5.0.28.jar%2375!/:?]
	at java.util.Optional.map(Optional.java:260) ~[?:?]
	at com.mojang.serialization.DataResult.lambda$ap$18(DataResult.java:159) ~[datafixerupper-5.0.28.jar%2375!/:?]
	at com.mojang.datafixers.util.Either$Right.mapBoth(Either.java:94) ~[datafixerupper-5.0.28.jar%2375!/:?]
	at com.mojang.serialization.DataResult.lambda$ap$19(DataResult.java:157) ~[datafixerupper-5.0.28.jar%2375!/:?]
	at com.mojang.datafixers.util.Either$Left.map(Either.java:38) ~[datafixerupper-5.0.28.jar%2375!/:?]
	at com.mojang.serialization.DataResult.ap(DataResult.java:156) ~[datafixerupper-5.0.28.jar%2375!/:?]
	at com.mojang.serialization.DataResult$Instance.ap(DataResult.java:301) ~[datafixerupper-5.0.28.jar%2375!/:?]
	at com.mojang.datafixers.kinds.Applicative.ap2(Applicative.java:76) ~[datafixerupper-5.0.28.jar%2375!/:?]
	at com.mojang.serialization.DataResult$Instance.ap2(DataResult.java:321) ~[datafixerupper-5.0.28.jar%2375!/:?]
	at com.mojang.datafixers.kinds.Applicative.ap3(Applicative.java:80) ~[datafixerupper-5.0.28.jar%2375!/:?]
	at com.mojang.serialization.DataResult$Instance.ap3(DataResult.java:344) ~[datafixerupper-5.0.28.jar%2375!/:?]
	at com.mojang.serialization.codecs.RecordCodecBuilder$Instance$5.decode(RecordCodecBuilder.java:321) ~[datafixerupper-5.0.28.jar%2375!/:?]
	at com.mojang.serialization.codecs.RecordCodecBuilder$2.decode(RecordCodecBuilder.java:107) ~[datafixerupper-5.0.28.jar%2375!/:?]
	at com.mojang.serialization.MapDecoder.lambda$compressedDecode$0(MapDecoder.java:52) ~[datafixerupper-5.0.28.jar%2375!/:?]
	at com.mojang.serialization.DataResult.lambda$flatMap$10(DataResult.java:138) ~[datafixerupper-5.0.28.jar%2375!/:?]
	at com.mojang.datafixers.util.Either$Left.map(Either.java:38) ~[datafixerupper-5.0.28.jar%2375!/:?]
	at com.mojang.serialization.DataResult.flatMap(DataResult.java:136) ~[datafixerupper-5.0.28.jar%2375!/:?]
	at com.mojang.serialization.MapDecoder.compressedDecode(MapDecoder.java:52) ~[datafixerupper-5.0.28.jar%2375!/:?]
	at com.mojang.serialization.MapCodec$MapCodecCodec.decode(MapCodec.java:91) ~[datafixerupper-5.0.28.jar%2375!/:?]
	at com.mojang.serialization.codecs.EitherCodec.decode(EitherCodec.java:28) ~[datafixerupper-5.0.28.jar%2375!/:?]
	at com.mojang.serialization.Decoder$2.decode(Decoder.java:63) ~[datafixerupper-5.0.28.jar%2375!/:?]
	at com.mojang.serialization.Codec$2.decode(Codec.java:71) ~[datafixerupper-5.0.28.jar%2375!/:?]
	at com.mojang.serialization.Decoder.parse(Decoder.java:18) ~[datafixerupper-5.0.28.jar%2375!/:?]
	at com.mojang.serialization.codecs.BaseMapCodec.lambda$decode$2(BaseMapCodec.java:31) ~[datafixerupper-5.0.28.jar%2375!/:?]
	at java.util.stream.ReduceOps$1ReducingSink.accept(ReduceOps.java:80) ~[?:?]
	at java.util.stream.ReferencePipeline$3$1.accept(ReferencePipeline.java:197) ~[?:?]
	at java.util.Iterator.forEachRemaining(Iterator.java:133) ~[?:?]
	at java.util.Spliterators$IteratorSpliterator.forEachRemaining(Spliterators.java:1845) ~[?:?]
	at java.util.stream.AbstractPipeline.copyInto(AbstractPipeline.java:509) ~[?:?]
	at java.util.stream.AbstractPipeline.wrapAndCopyInto(AbstractPipeline.java:499) ~[?:?]
	at java.util.stream.ReduceOps$ReduceOp.evaluateSequential(ReduceOps.java:921) ~[?:?]
	at java.util.stream.AbstractPipeline.evaluate(AbstractPipeline.java:234) ~[?:?]
	at java.util.stream.ReferencePipeline.reduce(ReferencePipeline.java:667) ~[?:?]
	at com.mojang.serialization.codecs.BaseMapCodec.decode(BaseMapCodec.java:27) ~[datafixerupper-5.0.28.jar%2375!/:?]
	at com.mojang.serialization.codecs.SimpleMapCodec.decode(SimpleMapCodec.java:48) ~[datafixerupper-5.0.28.jar%2375!/:?]
	at com.mojang.serialization.MapDecoder.lambda$compressedDecode$0(MapDecoder.java:52) ~[datafixerupper-5.0.28.jar%2375!/:?]
	at com.mojang.serialization.DataResult.lambda$flatMap$10(DataResult.java:138) ~[datafixerupper-5.0.28.jar%2375!/:?]
	at com.mojang.datafixers.util.Either$Left.map(Either.java:38) ~[datafixerupper-5.0.28.jar%2375!/:?]
	at com.mojang.serialization.DataResult.flatMap(DataResult.java:136) ~[datafixerupper-5.0.28.jar%2375!/:?]
	at com.mojang.serialization.MapDecoder.compressedDecode(MapDecoder.java:52) ~[datafixerupper-5.0.28.jar%2375!/:?]
	at com.mojang.serialization.MapCodec$MapCodecCodec.decode(MapCodec.java:91) ~[datafixerupper-5.0.28.jar%2375!/:?]
	at com.mojang.serialization.Decoder.parse(Decoder.java:18) ~[datafixerupper-5.0.28.jar%2375!/:?]
	at com.mojang.serialization.codecs.FieldDecoder.decode(FieldDecoder.java:29) ~[datafixerupper-5.0.28.jar%2375!/:?]
	at com.mojang.serialization.MapCodec$1.decode(MapCodec.java:34) ~[datafixerupper-5.0.28.jar%2375!/:?]
	at com.mojang.serialization.codecs.RecordCodecBuilder$Instance$7.decode(RecordCodecBuilder.java:408) ~[datafixerupper-5.0.28.jar%2375!/:?]
	at com.mojang.serialization.codecs.RecordCodecBuilder$2.decode(RecordCodecBuilder.java:107) ~[datafixerupper-5.0.28.jar%2375!/:?]
	at com.mojang.serialization.MapDecoder.lambda$compressedDecode$0(MapDecoder.java:52) ~[datafixerupper-5.0.28.jar%2375!/:?]
	at com.mojang.serialization.DataResult.lambda$flatMap$10(DataResult.java:138) ~[datafixerupper-5.0.28.jar%2375!/:?]
	at com.mojang.datafixers.util.Either$Left.map(Either.java:38) ~[datafixerupper-5.0.28.jar%2375!/:?]
	at com.mojang.serialization.DataResult.flatMap(DataResult.java:136) ~[datafixerupper-5.0.28.jar%2375!/:?]
	at com.mojang.serialization.MapDecoder.compressedDecode(MapDecoder.java:52) ~[datafixerupper-5.0.28.jar%2375!/:?]
	at com.mojang.serialization.MapCodec$MapCodecCodec.decode(MapCodec.java:91) ~[datafixerupper-5.0.28.jar%2375!/:?]
	at shadows.placebo.json.PSerializer.lambda$fromCodec$2(PSerializer.java:122) ~[Placebo-1.19.2-7.4.1.jar%23631!/:7.4.1]
	at shadows.placebo.json.PSerializer.read(PSerializer.java:76) ~[Placebo-1.19.2-7.4.1.jar%23631!/:7.4.1]
	at shadows.placebo.json.SerializerMap.read(SerializerMap.java:112) ~[Placebo-1.19.2-7.4.1.jar%23631!/:7.4.1]
	at shadows.placebo.json.PlaceboJsonReloadListener.lambda$apply$0(PlaceboJsonReloadListener.java:97) ~[Placebo-1.19.2-7.4.1.jar%23631!/:7.4.1]
	at java.util.HashMap.forEach(HashMap.java:1421) ~[?:?]
	at shadows.placebo.json.PlaceboJsonReloadListener.apply(PlaceboJsonReloadListener.java:91) ~[Placebo-1.19.2-7.4.1.jar%23631!/:7.4.1]
	at shadows.placebo.json.PlaceboJsonReloadListener.m_5787_(PlaceboJsonReloadListener.java:47) ~[Placebo-1.19.2-7.4.1.jar%23631!/:7.4.1]
	at net.minecraft.server.packs.resources.SimplePreparableReloadListener.m_10789_(SimplePreparableReloadListener.java:13) ~[server-1.19.2-20220805.130853-srg.jar%23717!/:?]
	at java.util.concurrent.CompletableFuture$UniAccept.tryFire(CompletableFuture.java:718) ~[?:?]
	at java.util.concurrent.CompletableFuture$Completion.run(CompletableFuture.java:482) ~[?:?]
	at net.minecraft.server.packs.resources.SimpleReloadInstance.m_143940_(SimpleReloadInstance.java:69) ~[server-1.19.2-20220805.130853-srg.jar%23717!/:?]
	at net.minecraft.Util.m_214652_(Util.java:781) ~[server-1.19.2-20220805.130853-srg.jar%23717!/:?]
	at net.minecraft.Util.m_214679_(Util.java:770) ~[server-1.19.2-20220805.130853-srg.jar%23717!/:?]
	at net.minecraft.server.Main.main(Main.java:157) ~[server-1.19.2-20220805.130853-srg.jar%23717!/:?]
	at jdk.internal.reflect.NativeMethodAccessorImpl.invoke0(Native Method) ~[?:?]
	at jdk.internal.reflect.NativeMethodAccessorImpl.invoke(NativeMethodAccessorImpl.java:77) ~[?:?]
	at jdk.internal.reflect.DelegatingMethodAccessorImpl.invoke(DelegatingMethodAccessorImpl.java:43) ~[?:?]
	at java.lang.reflect.Method.invoke(Method.java:569) ~[?:?]
	at net.minecraftforge.fml.loading.targets.CommonServerLaunchHandler.lambda$launchService$0(CommonServerLaunchHandler.java:29) ~[fmlloader-1.19.2-43.4.2.jar%2367!/:?]
	at cpw.mods.modlauncher.LaunchServiceHandlerDecorator.launch(LaunchServiceHandlerDecorator.java:30) [modlauncher-10.0.8.jar%2354!/:?]
	at cpw.mods.modlauncher.LaunchServiceHandler.launch(LaunchServiceHandler.java:53) [modlauncher-10.0.8.jar%2354!/:?]
	at cpw.mods.modlauncher.LaunchServiceHandler.launch(LaunchServiceHandler.java:71) [modlauncher-10.0.8.jar%2354!/:?]
	at cpw.mods.modlauncher.Launcher.run(Launcher.java:106) [modlauncher-10.0.8.jar%2354!/:?]
	at cpw.mods.modlauncher.Launcher.main(Launcher.java:77) [modlauncher-10.0.8.jar%2354!/:?]
	at cpw.mods.modlauncher.BootstrapLaunchConsumer.accept(BootstrapLaunchConsumer.java:26) [modlauncher-10.0.8.jar%2354!/:?]
	at cpw.mods.modlauncher.BootstrapLaunchConsumer.accept(BootstrapLaunchConsumer.java:23) [modlauncher-10.0.8.jar%2354!/:?]
	at cpw.mods.bootstraplauncher.BootstrapLauncher.main(BootstrapLauncher.java:141) [bootstraplauncher-1.1.2.jar:?]
[28Aug2026 00:20:31.701] [main/ERROR] [Apotheosis : Adventure/]: Failed parsing affixes file apothiccurios:apothcurios/attribute/steel_touched.
[28Aug2026 00:20:31.701] [main/ERROR] [Apotheosis : Adventure/]: Underlying Exception: 
java.lang.IllegalArgumentException: null
	at com.google.common.base.Preconditions.checkArgument(Preconditions.java:131) ~[guava-31.0.1-jre.jar%2372!/:?]
	at shadows.placebo.util.StepFunction.<init>(StepFunction.java:49) ~[Placebo-1.19.2-7.4.1.jar%23631!/:7.4.1]
	at com.mojang.datafixers.util.Function3.lambda$curry$0(Function3.java:10) ~[datafixerupper-5.0.28.jar%2375!/:?]
	at com.mojang.datafixers.kinds.Applicative.lambda$ap2$8(Applicative.java:75) ~[datafixerupper-5.0.28.jar%2375!/:?]
	at com.mojang.serialization.DataResult.lambda$ap$17(DataResult.java:159) ~[datafixerupper-5.0.28.jar%2375!/:?]
	at java.util.Optional.map(Optional.java:260) ~[?:?]
	at com.mojang.serialization.DataResult.lambda$ap$18(DataResult.java:159) ~[datafixerupper-5.0.28.jar%2375!/:?]
	at com.mojang.datafixers.util.Either$Right.mapBoth(Either.java:94) ~[datafixerupper-5.0.28.jar%2375!/:?]
	at com.mojang.serialization.DataResult.lambda$ap$19(DataResult.java:157) ~[datafixerupper-5.0.28.jar%2375!/:?]
	at com.mojang.datafixers.util.Either$Left.map(Either.java:38) ~[datafixerupper-5.0.28.jar%2375!/:?]
	at com.mojang.serialization.DataResult.ap(DataResult.java:156) ~[datafixerupper-5.0.28.jar%2375!/:?]
	at com.mojang.serialization.DataResult$Instance.ap(DataResult.java:301) ~[datafixerupper-5.0.28.jar%2375!/:?]
	at com.mojang.datafixers.kinds.Applicative.ap2(Applicative.java:76) ~[datafixerupper-5.0.28.jar%2375!/:?]
	at com.mojang.serialization.DataResult$Instance.ap2(DataResult.java:321) ~[datafixerupper-5.0.28.jar%2375!/:?]
	at com.mojang.datafixers.kinds.Applicative.ap3(Applicative.java:80) ~[datafixerupper-5.0.28.jar%2375!/:?]
	at com.mojang.serialization.DataResult$Instance.ap3(DataResult.java:344) ~[datafixerupper-5.0.28.jar%2375!/:?]
	at com.mojang.serialization.codecs.RecordCodecBuilder$Instance$5.decode(RecordCodecBuilder.java:321) ~[datafixerupper-5.0.28.jar%2375!/:?]
	at com.mojang.serialization.codecs.RecordCodecBuilder$2.decode(RecordCodecBuilder.java:107) ~[datafixerupper-5.0.28.jar%2375!/:?]
	at com.mojang.serialization.MapDecoder.lambda$compressedDecode$0(MapDecoder.java:52) ~[datafixerupper-5.0.28.jar%2375!/:?]
	at com.mojang.serialization.DataResult.lambda$flatMap$10(DataResult.java:138) ~[datafixerupper-5.0.28.jar%2375!/:?]
	at com.mojang.datafixers.util.Either$Left.map(Either.java:38) ~[datafixerupper-5.0.28.jar%2375!/:?]
	at com.mojang.serialization.DataResult.flatMap(DataResult.java:136) ~[datafixerupper-5.0.28.jar%2375!/:?]
	at com.mojang.serialization.MapDecoder.compressedDecode(MapDecoder.java:52) ~[datafixerupper-5.0.28.jar%2375!/:?]
	at com.mojang.serialization.MapCodec$MapCodecCodec.decode(MapCodec.java:91) ~[datafixerupper-5.0.28.jar%2375!/:?]
	at com.mojang.serialization.codecs.EitherCodec.decode(EitherCodec.java:28) ~[datafixerupper-5.0.28.jar%2375!/:?]
	at com.mojang.serialization.Decoder$2.decode(Decoder.java:63) ~[datafixerupper-5.0.28.jar%2375!/:?]
	at com.mojang.serialization.Codec$2.decode(Codec.java:71) ~[datafixerupper-5.0.28.jar%2375!/:?]
	at com.mojang.serialization.Decoder.parse(Decoder.java:18) ~[datafixerupper-5.0.28.jar%2375!/:?]
	at com.mojang.serialization.codecs.BaseMapCodec.lambda$decode$2(BaseMapCodec.java:31) ~[datafixerupper-5.0.28.jar%2375!/:?]
	at java.util.stream.ReduceOps$1ReducingSink.accept(ReduceOps.java:80) ~[?:?]
	at java.util.stream.ReferencePipeline$3$1.accept(ReferencePipeline.java:197) ~[?:?]
	at java.util.Iterator.forEachRemaining(Iterator.java:133) ~[?:?]
	at java.util.Spliterators$IteratorSpliterator.forEachRemaining(Spliterators.java:1845) ~[?:?]
	at java.util.stream.AbstractPipeline.copyInto(AbstractPipeline.java:509) ~[?:?]
	at java.util.stream.AbstractPipeline.wrapAndCopyInto(AbstractPipeline.java:499) ~[?:?]
	at java.util.stream.ReduceOps$ReduceOp.evaluateSequential(ReduceOps.java:921) ~[?:?]
	at java.util.stream.AbstractPipeline.evaluate(AbstractPipeline.java:234) ~[?:?]
	at java.util.stream.ReferencePipeline.reduce(ReferencePipeline.java:667) ~[?:?]
	at com.mojang.serialization.codecs.BaseMapCodec.decode(BaseMapCodec.java:27) ~[datafixerupper-5.0.28.jar%2375!/:?]
	at com.mojang.serialization.codecs.SimpleMapCodec.decode(SimpleMapCodec.java:48) ~[datafixerupper-5.0.28.jar%2375!/:?]
	at com.mojang.serialization.MapDecoder.lambda$compressedDecode$0(MapDecoder.java:52) ~[datafixerupper-5.0.28.jar%2375!/:?]
	at com.mojang.serialization.DataResult.lambda$flatMap$10(DataResult.java:138) ~[datafixerupper-5.0.28.jar%2375!/:?]
	at com.mojang.datafixers.util.Either$Left.map(Either.java:38) ~[datafixerupper-5.0.28.jar%2375!/:?]
	at com.mojang.serialization.DataResult.flatMap(DataResult.java:136) ~[datafixerupper-5.0.28.jar%2375!/:?]
	at com.mojang.serialization.MapDecoder.compressedDecode(MapDecoder.java:52) ~[datafixerupper-5.0.28.jar%2375!/:?]
	at com.mojang.serialization.MapCodec$MapCodecCodec.decode(MapCodec.java:91) ~[datafixerupper-5.0.28.jar%2375!/:?]
	at com.mojang.serialization.Decoder.parse(Decoder.java:18) ~[datafixerupper-5.0.28.jar%2375!/:?]
	at com.mojang.serialization.codecs.FieldDecoder.decode(FieldDecoder.java:29) ~[datafixerupper-5.0.28.jar%2375!/:?]
	at com.mojang.serialization.MapCodec$1.decode(MapCodec.java:34) ~[datafixerupper-5.0.28.jar%2375!/:?]
	at com.mojang.serialization.codecs.RecordCodecBuilder$Instance$7.decode(RecordCodecBuilder.java:408) ~[datafixerupper-5.0.28.jar%2375!/:?]
	at com.mojang.serialization.codecs.RecordCodecBuilder$2.decode(RecordCodecBuilder.java:107) ~[datafixerupper-5.0.28.jar%2375!/:?]
	at com.mojang.serialization.MapDecoder.lambda$compressedDecode$0(MapDecoder.java:52) ~[datafixerupper-5.0.28.jar%2375!/:?]
	at com.mojang.serialization.DataResult.lambda$flatMap$10(DataResult.java:138) ~[datafixerupper-5.0.28.jar%2375!/:?]
	at com.mojang.datafixers.util.Either$Left.map(Either.java:38) ~[datafixerupper-5.0.28.jar%2375!/:?]
	at com.mojang.serialization.DataResult.flatMap(DataResult.java:136) ~[datafixerupper-5.0.28.jar%2375!/:?]
	at com.mojang.serialization.MapDecoder.compressedDecode(MapDecoder.java:52) ~[datafixerupper-5.0.28.jar%2375!/:?]
	at com.mojang.serialization.MapCodec$MapCodecCodec.decode(MapCodec.java:91) ~[datafixerupper-5.0.28.jar%2375!/:?]
	at shadows.placebo.json.PSerializer.lambda$fromCodec$2(PSerializer.java:122) ~[Placebo-1.19.2-7.4.1.jar%23631!/:7.4.1]
	at shadows.placebo.json.PSerializer.read(PSerializer.java:76) ~[Placebo-1.19.2-7.4.1.jar%23631!/:7.4.1]
	at shadows.placebo.json.SerializerMap.read(SerializerMap.java:112) ~[Placebo-1.19.2-7.4.1.jar%23631!/:7.4.1]
	at shadows.placebo.json.PlaceboJsonReloadListener.lambda$apply$0(PlaceboJsonReloadListener.java:97) ~[Placebo-1.19.2-7.4.1.jar%23631!/:7.4.1]
	at java.util.HashMap.forEach(HashMap.java:1421) ~[?:?]
	at shadows.placebo.json.PlaceboJsonReloadListener.apply(PlaceboJsonReloadListener.java:91) ~[Placebo-1.19.2-7.4.1.jar%23631!/:7.4.1]
	at shadows.placebo.json.PlaceboJsonReloadListener.m_5787_(PlaceboJsonReloadListener.java:47) ~[Placebo-1.19.2-7.4.1.jar%23631!/:7.4.1]
	at net.minecraft.server.packs.resources.SimplePreparableReloadListener.m_10789_(SimplePreparableReloadListener.java:13) ~[server-1.19.2-20220805.130853-srg.jar%23717!/:?]
	at java.util.concurrent.CompletableFuture$UniAccept.tryFire(CompletableFuture.java:718) ~[?:?]
	at java.util.concurrent.CompletableFuture$Completion.run(CompletableFuture.java:482) ~[?:?]
	at net.minecraft.server.packs.resources.SimpleReloadInstance.m_143940_(SimpleReloadInstance.java:69) ~[server-1.19.2-20220805.130853-srg.jar%23717!/:?]
	at net.minecraft.Util.m_214652_(Util.java:781) ~[server-1.19.2-20220805.130853-srg.jar%23717!/:?]
	at net.minecraft.Util.m_214679_(Util.java:770) ~[server-1.19.2-20220805.130853-srg.jar%23717!/:?]
	at net.minecraft.server.Main.main(Main.java:157) ~[server-1.19.2-20220805.130853-srg.jar%23717!/:?]
	at jdk.internal.reflect.NativeMethodAccessorImpl.invoke0(Native Method) ~[?:?]
	at jdk.internal.reflect.NativeMethodAccessorImpl.invoke(NativeMethodAccessorImpl.java:77) ~[?:?]
	at jdk.internal.reflect.DelegatingMethodAccessorImpl.invoke(DelegatingMethodAccessorImpl.java:43) ~[?:?]
	at java.lang.reflect.Method.invoke(Method.java:569) ~[?:?]
	at net.minecraftforge.fml.loading.targets.CommonServerLaunchHandler.lambda$launchService$0(CommonServerLaunchHandler.java:29) ~[fmlloader-1.19.2-43.4.2.jar%2367!/:?]
	at cpw.mods.modlauncher.LaunchServiceHandlerDecorator.launch(LaunchServiceHandlerDecorator.java:30) [modlauncher-10.0.8.jar%2354!/:?]
	at cpw.mods.modlauncher.LaunchServiceHandler.launch(LaunchServiceHandler.java:53) [modlauncher-10.0.8.jar%2354!/:?]
	at cpw.mods.modlauncher.LaunchServiceHandler.launch(LaunchServiceHandler.java:71) [modlauncher-10.0.8.jar%2354!/:?]
	at cpw.mods.modlauncher.Launcher.run(Launcher.java:106) [modlauncher-10.0.8.jar%2354!/:?]
	at cpw.mods.modlauncher.Launcher.main(Launcher.java:77) [modlauncher-10.0.8.jar%2354!/:?]
	at cpw.mods.modlauncher.BootstrapLaunchConsumer.accept(BootstrapLaunchConsumer.java:26) [modlauncher-10.0.8.jar%2354!/:?]
	at cpw.mods.modlauncher.BootstrapLaunchConsumer.accept(BootstrapLaunchConsumer.java:23) [modlauncher-10.0.8.jar%2354!/:?]
	at cpw.mods.bootstraplauncher.BootstrapLauncher.main(BootstrapLauncher.java:141) [bootstraplauncher-1.1.2.jar:?]
[28Aug2026 00:20:31.703] [main/INFO] [Apotheosis : Adventure/]: Registered 209 affixes.
[28Aug2026 00:20:31.710] [main/ERROR] [Apotheosis : Adventure/]: Failed parsing gems file apotheosis:fell_corruption.
[28Aug2026 00:20:31.710] [main/ERROR] [Apotheosis : Adventure/]: Underlying Exception: 
java.lang.IllegalArgumentException: No bonuses were provided.
	at com.google.common.base.Preconditions.checkArgument(Preconditions.java:145) ~[guava-31.0.1-jre.jar%2372!/:?]
	at shadows.apotheosis.adventure.affix.socket.gem.Gem.<init>(Gem.java:71) ~[Apotheosis-1.19.2-6.5.2.jar%23415!/:6.5.2]
	at com.mojang.datafixers.util.Function8.lambda$curry4$6(Function8.java:22) ~[datafixerupper-5.0.28.jar%2375!/:?]
	at com.mojang.datafixers.util.Function4.lambda$curry2$2(Function4.java:14) ~[datafixerupper-5.0.28.jar%2375!/:?]
	at com.mojang.datafixers.kinds.Applicative.lambda$ap2$8(Applicative.java:75) ~[datafixerupper-5.0.28.jar%2375!/:?]
	at com.mojang.serialization.DataResult.lambda$ap$17(DataResult.java:159) ~[datafixerupper-5.0.28.jar%2375!/:?]
	at java.util.Optional.map(Optional.java:260) ~[?:?]
	at com.mojang.serialization.DataResult.lambda$ap$18(DataResult.java:159) ~[datafixerupper-5.0.28.jar%2375!/:?]
	at com.mojang.datafixers.util.Either$Right.mapBoth(Either.java:94) ~[datafixerupper-5.0.28.jar%2375!/:?]
	at com.mojang.serialization.DataResult.lambda$ap$19(DataResult.java:157) ~[datafixerupper-5.0.28.jar%2375!/:?]
	at com.mojang.datafixers.util.Either$Left.map(Either.java:38) ~[datafixerupper-5.0.28.jar%2375!/:?]
	at com.mojang.serialization.DataResult.ap(DataResult.java:156) ~[datafixerupper-5.0.28.jar%2375!/:?]
	at com.mojang.serialization.DataResult$Instance.ap(DataResult.java:301) ~[datafixerupper-5.0.28.jar%2375!/:?]
	at com.mojang.datafixers.kinds.Applicative.ap2(Applicative.java:76) ~[datafixerupper-5.0.28.jar%2375!/:?]
	at com.mojang.serialization.DataResult$Instance.ap2(DataResult.java:321) ~[datafixerupper-5.0.28.jar%2375!/:?]
	at com.mojang.datafixers.kinds.Applicative.ap4(Applicative.java:84) ~[datafixerupper-5.0.28.jar%2375!/:?]
	at com.mojang.serialization.codecs.RecordCodecBuilder$Instance$7.decode(RecordCodecBuilder.java:404) ~[datafixerupper-5.0.28.jar%2375!/:?]
	at com.mojang.serialization.codecs.RecordCodecBuilder$2.decode(RecordCodecBuilder.java:107) ~[datafixerupper-5.0.28.jar%2375!/:?]
	at com.mojang.serialization.MapDecoder.lambda$compressedDecode$0(MapDecoder.java:52) ~[datafixerupper-5.0.28.jar%2375!/:?]
	at com.mojang.serialization.DataResult.lambda$flatMap$10(DataResult.java:138) ~[datafixerupper-5.0.28.jar%2375!/:?]
	at com.mojang.datafixers.util.Either$Left.map(Either.java:38) ~[datafixerupper-5.0.28.jar%2375!/:?]
	at com.mojang.serialization.DataResult.flatMap(DataResult.java:136) ~[datafixerupper-5.0.28.jar%2375!/:?]
	at com.mojang.serialization.MapDecoder.compressedDecode(MapDecoder.java:52) ~[datafixerupper-5.0.28.jar%2375!/:?]
	at com.mojang.serialization.MapCodec$MapCodecCodec.decode(MapCodec.java:91) ~[datafixerupper-5.0.28.jar%2375!/:?]
	at shadows.placebo.json.PSerializer.lambda$fromCodec$2(PSerializer.java:122) ~[Placebo-1.19.2-7.4.1.jar%23631!/:7.4.1]
	at shadows.placebo.json.PSerializer.read(PSerializer.java:76) ~[Placebo-1.19.2-7.4.1.jar%23631!/:7.4.1]
	at shadows.placebo.json.PlaceboJsonReloadListener.lambda$apply$0(PlaceboJsonReloadListener.java:99) ~[Placebo-1.19.2-7.4.1.jar%23631!/:7.4.1]
	at java.util.HashMap.forEach(HashMap.java:1421) ~[?:?]
	at shadows.placebo.json.PlaceboJsonReloadListener.apply(PlaceboJsonReloadListener.java:91) ~[Placebo-1.19.2-7.4.1.jar%23631!/:7.4.1]
	at shadows.placebo.json.PlaceboJsonReloadListener.m_5787_(PlaceboJsonReloadListener.java:47) ~[Placebo-1.19.2-7.4.1.jar%23631!/:7.4.1]
	at net.minecraft.server.packs.resources.SimplePreparableReloadListener.m_10789_(SimplePreparableReloadListener.java:13) ~[server-1.19.2-20220805.130853-srg.jar%23717!/:?]
	at java.util.concurrent.CompletableFuture$UniAccept.tryFire(CompletableFuture.java:718) ~[?:?]
	at java.util.concurrent.CompletableFuture$Completion.run(CompletableFuture.java:482) ~[?:?]
	at net.minecraft.server.packs.resources.SimpleReloadInstance.m_143940_(SimpleReloadInstance.java:69) ~[server-1.19.2-20220805.130853-srg.jar%23717!/:?]
	at net.minecraft.Util.m_214652_(Util.java:781) ~[server-1.19.2-20220805.130853-srg.jar%23717!/:?]
	at net.minecraft.Util.m_214679_(Util.java:770) ~[server-1.19.2-20220805.130853-srg.jar%23717!/:?]
	at net.minecraft.server.Main.main(Main.java:157) ~[server-1.19.2-20220805.130853-srg.jar%23717!/:?]
	at jdk.internal.reflect.NativeMethodAccessorImpl.invoke0(Native Method) ~[?:?]
	at jdk.internal.reflect.NativeMethodAccessorImpl.invoke(NativeMethodAccessorImpl.java:77) ~[?:?]
	at jdk.internal.reflect.DelegatingMethodAccessorImpl.invoke(DelegatingMethodAccessorImpl.java:43) ~[?:?]
	at java.lang.reflect.Method.invoke(Method.java:569) ~[?:?]
	at net.minecraftforge.fml.loading.targets.CommonServerLaunchHandler.lambda$launchService$0(CommonServerLaunchHandler.java:29) ~[fmlloader-1.19.2-43.4.2.jar%2367!/:?]
	at cpw.mods.modlauncher.LaunchServiceHandlerDecorator.launch(LaunchServiceHandlerDecorator.java:30) [modlauncher-10.0.8.jar%2354!/:?]
	at cpw.mods.modlauncher.LaunchServiceHandler.launch(LaunchServiceHandler.java:53) [modlauncher-10.0.8.jar%2354!/:?]
	at cpw.mods.modlauncher.LaunchServiceHandler.launch(LaunchServiceHandler.java:71) [modlauncher-10.0.8.jar%2354!/:?]
	at cpw.mods.modlauncher.Launcher.run(Launcher.java:106) [modlauncher-10.0.8.jar%2354!/:?]
	at cpw.mods.modlauncher.Launcher.main(Launcher.java:77) [modlauncher-10.0.8.jar%2354!/:?]
	at cpw.mods.modlauncher.BootstrapLaunchConsumer.accept(BootstrapLaunchConsumer.java:26) [modlauncher-10.0.8.jar%2354!/:?]
	at cpw.mods.modlauncher.BootstrapLaunchConsumer.accept(BootstrapLaunchConsumer.java:23) [modlauncher-10.0.8.jar%2354!/:?]
	at cpw.mods.bootstraplauncher.BootstrapLauncher.main(BootstrapLauncher.java:141) [bootstraplauncher-1.1.2.jar:?]
[28Aug2026 00:20:31.712] [main/ERROR] [placebo/]: Codec failure for type Gem, message: Unknown registry key in ResourceKey[minecraft:root / minecraft:attribute]: attributeslib:fire_damage
[28Aug2026 00:20:31.713] [main/ERROR] [Apotheosis : Adventure/]: Failed parsing gems file apotheotic_additions:modded/draconic_legacy.
[28Aug2026 00:20:31.713] [main/ERROR] [Apotheosis : Adventure/]: Underlying Exception: 
java.lang.RuntimeException: Unknown registry key in ResourceKey[minecraft:root / minecraft:attribute]: attributeslib:fire_damage
	at com.mojang.serialization.DataResult.lambda$getOrThrow$4(DataResult.java:100) ~[datafixerupper-5.0.28.jar%2375!/:?]
	at com.mojang.datafixers.util.Either$Right.map(Either.java:99) ~[datafixerupper-5.0.28.jar%2375!/:?]
	at com.mojang.serialization.DataResult.getOrThrow(DataResult.java:93) ~[datafixerupper-5.0.28.jar%2375!/:?]
	at shadows.placebo.json.PSerializer.lambda$fromCodec$2(PSerializer.java:122) ~[Placebo-1.19.2-7.4.1.jar%23631!/:7.4.1]
	at shadows.placebo.json.PSerializer.read(PSerializer.java:76) ~[Placebo-1.19.2-7.4.1.jar%23631!/:7.4.1]
	at shadows.placebo.json.PlaceboJsonReloadListener.lambda$apply$0(PlaceboJsonReloadListener.java:99) ~[Placebo-1.19.2-7.4.1.jar%23631!/:7.4.1]
	at java.util.HashMap.forEach(HashMap.java:1421) ~[?:?]
	at shadows.placebo.json.PlaceboJsonReloadListener.apply(PlaceboJsonReloadListener.java:91) ~[Placebo-1.19.2-7.4.1.jar%23631!/:7.4.1]
	at shadows.placebo.json.PlaceboJsonReloadListener.m_5787_(PlaceboJsonReloadListener.java:47) ~[Placebo-1.19.2-7.4.1.jar%23631!/:7.4.1]
	at net.minecraft.server.packs.resources.SimplePreparableReloadListener.m_10789_(SimplePreparableReloadListener.java:13) ~[server-1.19.2-20220805.130853-srg.jar%23717!/:?]
	at java.util.concurrent.CompletableFuture$UniAccept.tryFire(CompletableFuture.java:718) ~[?:?]
	at java.util.concurrent.CompletableFuture$Completion.run(CompletableFuture.java:482) ~[?:?]
	at net.minecraft.server.packs.resources.SimpleReloadInstance.m_143940_(SimpleReloadInstance.java:69) ~[server-1.19.2-20220805.130853-srg.jar%23717!/:?]
	at net.minecraft.Util.m_214652_(Util.java:781) ~[server-1.19.2-20220805.130853-srg.jar%23717!/:?]
	at net.minecraft.Util.m_214679_(Util.java:770) ~[server-1.19.2-20220805.130853-srg.jar%23717!/:?]
	at net.minecraft.server.Main.main(Main.java:157) ~[server-1.19.2-20220805.130853-srg.jar%23717!/:?]
	at jdk.internal.reflect.NativeMethodAccessorImpl.invoke0(Native Method) ~[?:?]
	at jdk.internal.reflect.NativeMethodAccessorImpl.invoke(NativeMethodAccessorImpl.java:77) ~[?:?]
	at jdk.internal.reflect.DelegatingMethodAccessorImpl.invoke(DelegatingMethodAccessorImpl.java:43) ~[?:?]
	at java.lang.reflect.Method.invoke(Method.java:569) ~[?:?]
	at net.minecraftforge.fml.loading.targets.CommonServerLaunchHandler.lambda$launchService$0(CommonServerLaunchHandler.java:29) ~[fmlloader-1.19.2-43.4.2.jar%2367!/:?]
	at cpw.mods.modlauncher.LaunchServiceHandlerDecorator.launch(LaunchServiceHandlerDecorator.java:30) [modlauncher-10.0.8.jar%2354!/:?]
	at cpw.mods.modlauncher.LaunchServiceHandler.launch(LaunchServiceHandler.java:53) [modlauncher-10.0.8.jar%2354!/:?]
	at cpw.mods.modlauncher.LaunchServiceHandler.launch(LaunchServiceHandler.java:71) [modlauncher-10.0.8.jar%2354!/:?]
	at cpw.mods.modlauncher.Launcher.run(Launcher.java:106) [modlauncher-10.0.8.jar%2354!/:?]
	at cpw.mods.modlauncher.Launcher.main(Launcher.java:77) [modlauncher-10.0.8.jar%2354!/:?]
	at cpw.mods.modlauncher.BootstrapLaunchConsumer.accept(BootstrapLaunchConsumer.java:26) [modlauncher-10.0.8.jar%2354!/:?]
	at cpw.mods.modlauncher.BootstrapLaunchConsumer.accept(BootstrapLaunchConsumer.java:23) [modlauncher-10.0.8.jar%2354!/:?]
	at cpw.mods.bootstraplauncher.BootstrapLauncher.main(BootstrapLauncher.java:141) [bootstraplauncher-1.1.2.jar:?]
[28Aug2026 00:20:31.715] [main/ERROR] [Apotheosis : Adventure/]: Failed parsing gems file apotheosis:divinity.
[28Aug2026 00:20:31.715] [main/ERROR] [Apotheosis : Adventure/]: Underlying Exception: 
java.lang.IllegalArgumentException: No bonuses were provided.
	at com.google.common.base.Preconditions.checkArgument(Preconditions.java:145) ~[guava-31.0.1-jre.jar%2372!/:?]
	at shadows.apotheosis.adventure.affix.socket.gem.Gem.<init>(Gem.java:71) ~[Apotheosis-1.19.2-6.5.2.jar%23415!/:6.5.2]
	at com.mojang.datafixers.util.Function8.lambda$curry4$6(Function8.java:22) ~[datafixerupper-5.0.28.jar%2375!/:?]
	at com.mojang.datafixers.util.Function4.lambda$curry2$2(Function4.java:14) ~[datafixerupper-5.0.28.jar%2375!/:?]
	at com.mojang.datafixers.kinds.Applicative.lambda$ap2$8(Applicative.java:75) ~[datafixerupper-5.0.28.jar%2375!/:?]
	at com.mojang.serialization.DataResult.lambda$ap$17(DataResult.java:159) ~[datafixerupper-5.0.28.jar%2375!/:?]
	at java.util.Optional.map(Optional.java:260) ~[?:?]
	at com.mojang.serialization.DataResult.lambda$ap$18(DataResult.java:159) ~[datafixerupper-5.0.28.jar%2375!/:?]
	at com.mojang.datafixers.util.Either$Right.mapBoth(Either.java:94) ~[datafixerupper-5.0.28.jar%2375!/:?]
	at com.mojang.serialization.DataResult.lambda$ap$19(DataResult.java:157) ~[datafixerupper-5.0.28.jar%2375!/:?]
	at com.mojang.datafixers.util.Either$Left.map(Either.java:38) ~[datafixerupper-5.0.28.jar%2375!/:?]
	at com.mojang.serialization.DataResult.ap(DataResult.java:156) ~[datafixerupper-5.0.28.jar%2375!/:?]
	at com.mojang.serialization.DataResult$Instance.ap(DataResult.java:301) ~[datafixerupper-5.0.28.jar%2375!/:?]
	at com.mojang.datafixers.kinds.Applicative.ap2(Applicative.java:76) ~[datafixerupper-5.0.28.jar%2375!/:?]
	at com.mojang.serialization.DataResult$Instance.ap2(DataResult.java:321) ~[datafixerupper-5.0.28.jar%2375!/:?]
	at com.mojang.datafixers.kinds.Applicative.ap4(Applicative.java:84) ~[datafixerupper-5.0.28.jar%2375!/:?]
	at com.mojang.serialization.codecs.RecordCodecBuilder$Instance$7.decode(RecordCodecBuilder.java:404) ~[datafixerupper-5.0.28.jar%2375!/:?]
	at com.mojang.serialization.codecs.RecordCodecBuilder$2.decode(RecordCodecBuilder.java:107) ~[datafixerupper-5.0.28.jar%2375!/:?]
	at com.mojang.serialization.MapDecoder.lambda$compressedDecode$0(MapDecoder.java:52) ~[datafixerupper-5.0.28.jar%2375!/:?]
	at com.mojang.serialization.DataResult.lambda$flatMap$10(DataResult.java:138) ~[datafixerupper-5.0.28.jar%2375!/:?]
	at com.mojang.datafixers.util.Either$Left.map(Either.java:38) ~[datafixerupper-5.0.28.jar%2375!/:?]
	at com.mojang.serialization.DataResult.flatMap(DataResult.java:136) ~[datafixerupper-5.0.28.jar%2375!/:?]
	at com.mojang.serialization.MapDecoder.compressedDecode(MapDecoder.java:52) ~[datafixerupper-5.0.28.jar%2375!/:?]
	at com.mojang.serialization.MapCodec$MapCodecCodec.decode(MapCodec.java:91) ~[datafixerupper-5.0.28.jar%2375!/:?]
	at shadows.placebo.json.PSerializer.lambda$fromCodec$2(PSerializer.java:122) ~[Placebo-1.19.2-7.4.1.jar%23631!/:7.4.1]
	at shadows.placebo.json.PSerializer.read(PSerializer.java:76) ~[Placebo-1.19.2-7.4.1.jar%23631!/:7.4.1]
	at shadows.placebo.json.PlaceboJsonReloadListener.lambda$apply$0(PlaceboJsonReloadListener.java:99) ~[Placebo-1.19.2-7.4.1.jar%23631!/:7.4.1]
	at java.util.HashMap.forEach(HashMap.java:1421) ~[?:?]
	at shadows.placebo.json.PlaceboJsonReloadListener.apply(PlaceboJsonReloadListener.java:91) ~[Placebo-1.19.2-7.4.1.jar%23631!/:7.4.1]
	at shadows.placebo.json.PlaceboJsonReloadListener.m_5787_(PlaceboJsonReloadListener.java:47) ~[Placebo-1.19.2-7.4.1.jar%23631!/:7.4.1]
	at net.minecraft.server.packs.resources.SimplePreparableReloadListener.m_10789_(SimplePreparableReloadListener.java:13) ~[server-1.19.2-20220805.130853-srg.jar%23717!/:?]
	at java.util.concurrent.CompletableFuture$UniAccept.tryFire(CompletableFuture.java:718) ~[?:?]
	at java.util.concurrent.CompletableFuture$Completion.run(CompletableFuture.java:482) ~[?:?]
	at net.minecraft.server.packs.resources.SimpleReloadInstance.m_143940_(SimpleReloadInstance.java:69) ~[server-1.19.2-20220805.130853-srg.jar%23717!/:?]
	at net.minecraft.Util.m_214652_(Util.java:781) ~[server-1.19.2-20220805.130853-srg.jar%23717!/:?]
	at net.minecraft.Util.m_214679_(Util.java:770) ~[server-1.19.2-20220805.130853-srg.jar%23717!/:?]
	at net.minecraft.server.Main.main(Main.java:157) ~[server-1.19.2-20220805.130853-srg.jar%23717!/:?]
	at jdk.internal.reflect.NativeMethodAccessorImpl.invoke0(Native Method) ~[?:?]
	at jdk.internal.reflect.NativeMethodAccessorImpl.invoke(NativeMethodAccessorImpl.java:77) ~[?:?]
	at jdk.internal.reflect.DelegatingMethodAccessorImpl.invoke(DelegatingMethodAccessorImpl.java:43) ~[?:?]
	at java.lang.reflect.Method.invoke(Method.java:569) ~[?:?]
	at net.minecraftforge.fml.loading.targets.CommonServerLaunchHandler.lambda$launchService$0(CommonServerLaunchHandler.java:29) ~[fmlloader-1.19.2-43.4.2.jar%2367!/:?]
	at cpw.mods.modlauncher.LaunchServiceHandlerDecorator.launch(LaunchServiceHandlerDecorator.java:30) [modlauncher-10.0.8.jar%2354!/:?]
	at cpw.mods.modlauncher.LaunchServiceHandler.launch(LaunchServiceHandler.java:53) [modlauncher-10.0.8.jar%2354!/:?]
	at cpw.mods.modlauncher.LaunchServiceHandler.launch(LaunchServiceHandler.java:71) [modlauncher-10.0.8.jar%2354!/:?]
	at cpw.mods.modlauncher.Launcher.run(Launcher.java:106) [modlauncher-10.0.8.jar%2354!/:?]
	at cpw.mods.modlauncher.Launcher.main(Launcher.java:77) [modlauncher-10.0.8.jar%2354!/:?]
	at cpw.mods.modlauncher.BootstrapLaunchConsumer.accept(BootstrapLaunchConsumer.java:26) [modlauncher-10.0.8.jar%2354!/:?]
	at cpw.mods.modlauncher.BootstrapLaunchConsumer.accept(BootstrapLaunchConsumer.java:23) [modlauncher-10.0.8.jar%2354!/:?]
	at cpw.mods.bootstraplauncher.BootstrapLauncher.main(BootstrapLauncher.java:141) [bootstraplauncher-1.1.2.jar:?]
[28Aug2026 00:20:31.731] [main/INFO] [Apotheosis : Adventure/]: Registered 74 gems.
[28Aug2026 00:20:31.741] [main/INFO] [Apotheosis : Adventure/]: Registered 198 affix_loot_entries.
[28Aug2026 00:20:31.743] [main/INFO] [Apotheosis : Adventure/]: Registered 29 boss_gear.
[28Aug2026 00:20:31.749] [main/INFO] [Apotheosis : Adventure/]: Registered 50 bosses.
[28Aug2026 00:20:31.754] [main/INFO] [Apotheosis : Adventure/]: Registered 8 random_spawners.
[28Aug2026 00:20:31.755] [main/INFO] [Apotheosis : Adventure/]: Registered 6 rarities.
[28Aug2026 00:20:31.768] [main/INFO] [Apotheosis : Adventure/]: Registered 9 minibosses.
[28Aug2026 00:20:31.773] [main/INFO] [Apotheosis : Village/]: Registered 81 wanderer_trades.
[28Aug2026 00:20:31.777] [main/INFO] [CraftTweaker/]: crafttweaker.reload.start
[28Aug2026 00:20:31.816] [main/INFO] [com.teampotato.redirector.Redirector/]: Redirecting net/minecraft/world/level/block/SupportType
[28Aug2026 00:20:31.821] [main/INFO] [com.teampotato.redirector.Redirector/]: Redirecting me/wesley1808/servercore/common/activation_range/ActivationType$Wakeup
[28Aug2026 00:20:31.823] [main/INFO] [com.teampotato.redirector.Redirector/]: Redirecting net/minecraft/world/ticks/TickPriority
[28Aug2026 00:20:31.943] [main/INFO] [com.teampotato.redirector.Redirector/]: Redirecting net/minecraft/world/entity/projectile/AbstractArrow$Pickup
[28Aug2026 00:20:32.280] [main/INFO] [CraftTweaker/]: crafttweaker.reload.complete
[28Aug2026 00:20:32.295] [main/WARN] [net.minecraft.core.MappedRegistry/]: Not all defined tags for registry ResourceKey[minecraft:root / minecraft:worldgen/biome] are present in data pack: forge:is_oecean, totw_modded:has_structure/glacio_tower, totw_modded:has_structure/mars_tower, totw_modded:has_structure/mercury_tower, totw_modded:has_structure/moon_tower, totw_modded:has_structure/ratlantis_tower, totw_modded:has_structure/venus_tower
[28Aug2026 00:20:32.384] [main/INFO] [com.teampotato.redirector.Redirector/]: Redirecting net/minecraftforge/event/TagsUpdatedEvent$UpdateCause
[28Aug2026 00:20:32.552] [main/INFO] [supplementaries/]: Finished additional setup in 127 ms
[28Aug2026 00:20:32.934] [main/INFO] [com.teampotato.redirector.Redirector/]: Redirecting potionstudios/byg/common/world/math/noise/fastnoise/lite/FastNoiseLite$NoiseType
[28Aug2026 00:20:32.935] [main/INFO] [com.teampotato.redirector.Redirector/]: Redirecting potionstudios/byg/common/world/math/noise/fastnoise/lite/FastNoiseLite$RotationType3D
[28Aug2026 00:20:32.935] [main/INFO] [com.teampotato.redirector.Redirector/]: Redirecting potionstudios/byg/common/world/math/noise/fastnoise/lite/FastNoiseLite$TransformType3D
[28Aug2026 00:20:32.935] [main/INFO] [com.teampotato.redirector.Redirector/]: Redirecting potionstudios/byg/common/world/math/noise/fastnoise/lite/FastNoiseLite$FractalType
[28Aug2026 00:20:32.936] [main/INFO] [com.teampotato.redirector.Redirector/]: Redirecting potionstudios/byg/common/world/math/noise/fastnoise/lite/FastNoiseLite$CellularDistanceFunction
[28Aug2026 00:20:32.936] [main/INFO] [com.teampotato.redirector.Redirector/]: Redirecting potionstudios/byg/common/world/math/noise/fastnoise/lite/FastNoiseLite$CellularReturnType
[28Aug2026 00:20:32.937] [main/INFO] [com.teampotato.redirector.Redirector/]: Redirecting potionstudios/byg/common/world/math/noise/fastnoise/lite/FastNoiseLite$DomainWarpType
[28Aug2026 00:20:32.940] [main/INFO] [com.teampotato.redirector.Redirector/]: Redirecting terrablender/worldgen/noise/ZoomLayer
[28Aug2026 00:20:32.972] [main/INFO] [majruszlibrary/]: [majruszsdifficulty.json] Reloading configuration file took 10 milliseconds
[28Aug2026 00:20:32.977] [main/INFO] [majruszlibrary/]: [majruszlibrary.json] Reloading configuration file took 1 milliseconds
[28Aug2026 00:20:32.979] [main/INFO] [majruszlibrary/]: [majruszsaccessories.json] Reloading configuration file took 2 milliseconds
[28Aug2026 00:20:32.984] [main/INFO] [majruszlibrary/]: [majruszsenchantments.json] Reloading configuration file took 2 milliseconds
[28Aug2026 00:20:32.985] [Server thread/INFO] [net.minecraft.server.dedicated.DedicatedServer/]: Starting minecraft server version 1.19.2
[28Aug2026 00:20:32.986] [Server thread/INFO] [net.minecraft.server.dedicated.DedicatedServer/]: Loading properties
[28Aug2026 00:20:32.986] [Server thread/INFO] [net.minecraft.server.dedicated.DedicatedServer/]: Default game type: SURVIVAL
[28Aug2026 00:20:32.986] [Server thread/INFO] [net.minecraft.server.MinecraftServer/]: Generating keypair
[28Aug2026 00:20:33.087] [Server thread/INFO] [net.minecraft.server.dedicated.DedicatedServer/]: Starting Minecraft server on *:25565
[28Aug2026 00:20:33.196] [Server thread/INFO] [net.minecraft.server.network.ServerConnectionListener/]: Using epoll channel type
[28Aug2026 00:20:33.279] [Server thread/WARN] [net.minecraft.server.dedicated.DedicatedServer/]: **** SERVER IS RUNNING IN OFFLINE/INSECURE MODE!
[28Aug2026 00:20:33.279] [Server thread/WARN] [net.minecraft.server.dedicated.DedicatedServer/]: The server will make no attempt to authenticate usernames. Beware.
[28Aug2026 00:20:33.279] [Server thread/WARN] [net.minecraft.server.dedicated.DedicatedServer/]: While this makes the game possible to play without internet access, it also opens up the ability for hackers to connect with any username they choose.
[28Aug2026 00:20:33.279] [Server thread/WARN] [net.minecraft.server.dedicated.DedicatedServer/]: To change this, set "online-mode" to "true" in the server.properties file.
[28Aug2026 00:20:33.312] [Server thread/INFO] [Puzzles Lib/]: Loading server config for leavesbegone
[28Aug2026 00:20:33.333] [Server thread/INFO] [com.tom.storagemod.StorageMod/]: Loaded Tom's Simple Storage config file toms_storage-server.toml
[28Aug2026 00:20:33.545] [Server thread/INFO] [YAWP/]: 0 UUID(s) with permission read from config
[28Aug2026 00:20:33.546] [Server thread/INFO] [com.teampotato.redirector.Redirector/]: Redirecting de/z0rdak/yawp/commands/CommandConstants
[28Aug2026 00:20:33.568] [Server thread/INFO] [YAWP/]: 5 Block Entity entries read from config: minecraft:armor_stand, minecraft:item_frame, minecraft:glow_item_frame, minecraft:painting, minecraft:leash_knot
[28Aug2026 00:20:33.568] [Server thread/INFO] [YAWP/]: 0 Block Entity tag entries read from config
[28Aug2026 00:20:33.569] [Server thread/INFO] [YAWP/]: 0 default flag(s) for Local Regions read from config
[28Aug2026 00:20:33.570] [Server thread/INFO] [YAWP/]: 0 default flag(s) for Dimensional Regions read from config
[28Aug2026 00:20:33.946] [Server thread/INFO] [com.teampotato.redirector.Redirector/]: Redirecting net/minecraftforge/common/world/StructureModifier$Phase
[28Aug2026 00:20:34.016] [Server thread/INFO] [com.teampotato.redirector.Redirector/]: Redirecting dev/ftb/mods/ftbteams/data/TeamType
[28Aug2026 00:20:34.037] [Server thread/INFO] [com.teampotato.redirector.Redirector/]: Redirecting dev/ftb/mods/ftbteams/data/PrivacyMode
[28Aug2026 00:20:34.041] [Server thread/INFO] [com.teampotato.redirector.Redirector/]: Redirecting dev/ftb/mods/ftbteams/data/TeamRank
[28Aug2026 00:20:34.047] [Server thread/INFO] [FTB Teams/]: loaded team data: 4 known players, 4 teams total
[28Aug2026 00:20:34.055] [Server thread/INFO] [com.teampotato.redirector.Redirector/]: Redirecting dev/ftb/mods/ftbquests/quest/reward/RewardAutoClaim
[28Aug2026 00:20:34.056] [Server thread/INFO] [com.teampotato.redirector.Redirector/]: Redirecting dev/ftb/mods/ftbquests/quest/ProgressionMode
[28Aug2026 00:20:34.059] [Server thread/INFO] [com.teampotato.redirector.Redirector/]: Redirecting dev/ftb/mods/ftbchunks/data/ProtectionOverride
[28Aug2026 00:20:34.060] [Server thread/INFO] [com.teampotato.redirector.Redirector/]: Redirecting dev/ftb/mods/ftbchunks/data/ForceLoadMode
[28Aug2026 00:20:34.062] [Server thread/INFO] [com.teampotato.redirector.Redirector/]: Redirecting dev/ftb/mods/ftbchunks/data/AllyMode
[28Aug2026 00:20:34.062] [Server thread/INFO] [com.teampotato.redirector.Redirector/]: Redirecting dev/ftb/mods/ftbchunks/data/PartyLimitMode
[28Aug2026 00:20:34.221] [Server thread/WARN] [potionstudios.byg.BYG/]: "minecraft:none" is not a registered villager profession, skipping trade entry...
[28Aug2026 00:20:34.226] [Server thread/WARN] [potionstudios.byg.BYG/]: "minecraft:nitwit" is not a registered villager profession, skipping trade entry...
[28Aug2026 00:20:34.229] [Server thread/WARN] [potionstudios.byg.BYG/]: "immersiveengineering:engineer" is not a registered villager profession, skipping trade entry...
[28Aug2026 00:20:34.229] [Server thread/WARN] [potionstudios.byg.BYG/]: "immersiveengineering:machinist" is not a registered villager profession, skipping trade entry...
[28Aug2026 00:20:34.229] [Server thread/WARN] [potionstudios.byg.BYG/]: "immersiveengineering:electrician" is not a registered villager profession, skipping trade entry...
[28Aug2026 00:20:34.230] [Server thread/WARN] [potionstudios.byg.BYG/]: "immersiveengineering:outfitter" is not a registered villager profession, skipping trade entry...
[28Aug2026 00:20:34.231] [Server thread/WARN] [potionstudios.byg.BYG/]: "immersiveengineering:gunsmith" is not a registered villager profession, skipping trade entry...
[28Aug2026 00:20:34.231] [Server thread/WARN] [potionstudios.byg.BYG/]: "iceandfire:scribe" is not a registered villager profession, skipping trade entry...
[28Aug2026 00:20:34.246] [Server thread/INFO] [configured/]: Loading server configs...
[28Aug2026 00:20:34.389] [Server thread/INFO] [terrablender/]: Initialized TerraBlender biomes for level stem aether:the_aether
[28Aug2026 00:20:34.760] [Server thread/INFO] [terrablender/]: Initialized TerraBlender biomes for level stem minecraft:overworld
[28Aug2026 00:20:34.761] [Server thread/INFO] [net.minecraft.server.dedicated.DedicatedServer/]: Preparing level "world"
[28Aug2026 00:20:34.780] [Server thread/INFO] [com.teampotato.redirector.Redirector/]: Redirecting net/minecraft/util/ModCheck$Confidence
[28Aug2026 00:20:34.782] [Server thread/INFO] [mixin/]: Mixing MixinPhantomSpawner from enigmaticlegacy.mixins.json into net.minecraft.world.level.levelgen.PhantomSpawner
[28Aug2026 00:20:34.792] [Server thread/INFO] [com.teampotato.redirector.Redirector/]: Redirecting net/minecraft/world/entity/ai/village/VillageSiege$State
[28Aug2026 00:20:34.847] [Server thread/INFO] [com.teampotato.redirector.Redirector/]: Redirecting net/minecraft/world/level/chunk/storage/IOWorker$Priority
[28Aug2026 00:20:34.866] [Server thread/INFO] [com.teampotato.redirector.Redirector/]: Redirecting net/minecraft/world/level/entity/Visibility
[28Aug2026 00:20:34.867] [Server thread/INFO] [com.teampotato.redirector.Redirector/]: Redirecting net/minecraft/world/level/entity/PersistentEntitySectionManager$ChunkLoadStatus
[28Aug2026 00:20:34.887] [Server thread/INFO] [com.teampotato.redirector.Redirector/]: Redirecting net/minecraft/server/level/ChunkHolder$FullChunkStatus
[28Aug2026 00:20:35.353] [Server thread/INFO] [com.teampotato.redirector.Redirector/]: Redirecting net/minecraft/world/BossEvent$BossBarColor
[28Aug2026 00:20:35.353] [Server thread/INFO] [com.teampotato.redirector.Redirector/]: Redirecting net/minecraft/world/BossEvent$BossBarOverlay
[28Aug2026 00:20:35.354] [Server thread/INFO] [com.teampotato.redirector.Redirector/]: Redirecting net/minecraft/world/entity/raid/Raid$RaidStatus
[28Aug2026 00:20:35.381] [Server thread/INFO] [com.teampotato.redirector.Redirector/]: Redirecting net/minecraft/server/ServerScoreboard$Method
[28Aug2026 00:20:35.382] [Server thread/INFO] [com.teampotato.redirector.Redirector/]: Redirecting net/minecraft/world/scores/Team$Visibility
[28Aug2026 00:20:35.383] [Server thread/INFO] [com.teampotato.redirector.Redirector/]: Redirecting net/minecraft/world/scores/Team$CollisionRule
[28Aug2026 00:20:35.386] [Server thread/INFO] [com.teampotato.redirector.Redirector/]: Redirecting net/minecraft/network/protocol/game/ClientboundSetPlayerTeamPacket$Action
[28Aug2026 00:20:35.434] [Server thread/INFO] [com.teampotato.redirector.Redirector/]: Redirecting com/aetherteam/nitrogen/capability/INBTSynchable$Type
[28Aug2026 00:20:35.444] [Server thread/INFO] [com.teampotato.redirector.Redirector/]: Redirecting net/minecraft/world/level/lighting/LayerLightEventListener$DummyLightLayerEventListener
[28Aug2026 00:20:35.451] [Server thread/INFO] [com.teampotato.redirector.Redirector/]: Redirecting net/minecraft/network/protocol/game/ClientboundBossEventPacket$OperationType
[28Aug2026 00:20:35.544] [Server thread/INFO] [net.minecraft.server.MinecraftServer/]: Preparing start region for dimension minecraft:overworld
[28Aug2026 00:20:35.550] [Server thread/WARN] [mixin/]: Method overwrite conflict for removeIf in canary.mixins.json:world.chunk_tickets.SortedArraySetMixin, previously written by org.embeddedt.modernfix.common.mixin.bugfix.paper_chunk_patches.SortedArraySetMixin. Skipping method.
[28Aug2026 00:20:35.743] [Server thread/INFO] [com.teampotato.redirector.Redirector/]: Redirecting net/minecraft/world/level/EmptyBlockGetter
[28Aug2026 00:20:35.746] [Server thread/INFO] [com.teampotato.redirector.Redirector/]: Redirecting net/minecraft/core/Direction8
[28Aug2026 00:20:35.857] [Server thread/INFO] [com.teampotato.redirector.Redirector/]: Redirecting ca/spottedleaf/starlight/common/light/StarLightEngine$AxisDirection
[28Aug2026 00:20:36.990] [Server thread/INFO] [com.teampotato.redirector.Redirector/]: Redirecting net/minecraft/server/level/ThreadedLevelLightEngine$TaskType
[28Aug2026 00:20:38.082] [Server thread/INFO] [net.minecraft.server.level.progress.LoggerChunkProgressListener/]: Time elapsed: 10551074 ms
[28Aug2026 00:20:38.083] [Server thread/INFO] [net.minecraft.server.dedicated.DedicatedServer/]: Done (4.793s)! For help, type "help"
[28Aug2026 00:20:38.277] [Server thread/INFO] [net.minecraftforge.server.permission.PermissionAPI/]: Successfully initialized permission handler forge:default_handler
[28Aug2026 00:20:38.281] [Server thread/WARN] [solapplepie/]: Item is not food: largemeals:sweet_berry_custard
[28Aug2026 00:20:38.282] [Server thread/WARN] [solapplepie/]: Item is not food: largemeals:pufferfish_broth
[28Aug2026 00:20:38.282] [Server thread/WARN] [solapplepie/]: Item is not food: largemeals:mushroom_pot_pie
[28Aug2026 00:20:38.282] [Server thread/WARN] [solapplepie/]: Item is not food: largemeals:hearty_lunch
[28Aug2026 00:20:38.286] [Server thread/INFO] [com.amuzil.omegasource.dragonenchants.DragonEnchants/]: HELLO from server starting
[28Aug2026 00:20:38.290] [Server thread/INFO] [ICL/]: Using default permission system
[28Aug2026 00:20:38.291] [Server thread/INFO] [ICL/]: ICL initialized
[28Aug2026 00:20:38.296] [Server thread/INFO] [xaero.hud.minimap.MinimapLogs/]: Registered synced player tracker system: ftb_teams
[28Aug2026 00:20:38.297] [Server thread/INFO] [net.stardustlabs.incendium.Incendium/]: Thanks for choosing Incendium!
[28Aug2026 00:20:38.298] [Server thread/INFO] [xaero.map.WorldMap/]: Registered synced player tracker system: ftb_teams
[28Aug2026 00:20:38.300] [Server thread/INFO] [net.stardustlabs.structorytowers.StructoryTowers/]: Thanks for choosing StructoryTowers!
[28Aug2026 00:20:38.300] [Server thread/INFO] [net.stardustlabs.structory.Structory/]: Thanks for choosing Structory!
[28Aug2026 00:20:38.302] [Server thread/INFO] [YAWP/]: Loading region(s) for 1 dimension(s)
[28Aug2026 00:20:38.303] [Server thread/INFO] [YAWP/]: Loading 0 region(s) for dimension 'minecraft:overworld'
[28Aug2026 00:20:38.304] [Server thread/INFO] [YAWP/]: Loaded 0 region(s) for dimension 'minecraft:overworld'
[28Aug2026 00:20:38.305] [Server thread/INFO] [YAWP/]: Loaded 0 region(s) for 1 dimension(s)
[28Aug2026 00:20:38.318] [Server thread/INFO] [FTB Ranks/]: Loaded 3 ranks
[28Aug2026 00:20:38.318] [Server thread/INFO] [FTB Quests/]: Loading quests from /workspaces/otro/servidor_minecraft/config/ftbquests/quests
[28Aug2026 00:20:38.326] [Server thread/INFO] [com.teampotato.redirector.Redirector/]: Redirecting dev/ftb/mods/ftbquests/quest/DependencyRequirement
[28Aug2026 00:20:38.395] [Server thread/INFO] [FTB Quests/]: Loaded 7 chapter groups, 18 chapters, 507 quests, 25 reward tables
[28Aug2026 00:20:38.412] [Server thread/INFO] [net.creeperhost.ftbbackups.FTBBackups/]: Created backup folder at /workspaces/otro/servidor_minecraft/backups
[28Aug2026 00:20:38.440] [Server thread/INFO] [atomicstryker.infernalmobs.common.InfernalMobsCore/]: item config parser finished, item count: 14
[28Aug2026 00:20:38.440] [Server thread/INFO] [atomicstryker.infernalmobs.common.InfernalMobsCore/]: item config parser finished, item count: 17
[28Aug2026 00:20:38.441] [Server thread/ERROR] [atomicstryker.infernalmobs.common.InfernalMobsCore/]: item config parser could not build item: {Count:3b,id:"minecraft:apotheosis:mythic_material"}
[28Aug2026 00:20:38.441] [Server thread/INFO] [atomicstryker.infernalmobs.common.InfernalMobsCore/]: item config parser finished, item count: 15
[28Aug2026 00:20:38.441] [Server thread/INFO] [atomicstryker.infernalmobs.common.InfernalMobsCore/]: InfernalMobsCore commonSetup completed! Modifiers ready: 22
[28Aug2026 00:20:38.442] [Server thread/INFO] [atomicstryker.infernalmobs.common.InfernalMobsCore/]: InfernalMobsCore commonSetup completed! config file at: /workspaces/otro/servidor_minecraft/./config/infernalmobs.cfg
[28Aug2026 00:20:38.473] [Server thread/INFO] [com.teampotato.redirector.Redirector/]: Redirecting net/bettercombat/api/WeaponAttributes$Condition
[28Aug2026 00:20:38.474] [Server thread/INFO] [com.teampotato.redirector.Redirector/]: Redirecting net/bettercombat/api/WeaponAttributes$HitBoxShape
[28Aug2026 00:20:38.650] [Server thread/INFO] [net.bettercombat.logic.WeaponRegistry/]: Encoded Weapon Attribute registry size (with package overhead): 370570 bytes (in 38 string chunks with the size of 10000)
[28Aug2026 00:20:38.859] [Server thread/INFO] [com.github.alexthe666.iceandfire.IceAndFire/]: {iceandfire:fire_dragon_roost=true, iceandfire:fire_lily=true, iceandfire:spawn_dragon_skeleton_fire=true, iceandfire:lightning_dragon_roost=true, iceandfire:spawn_dragon_skeleton_lightning=true, iceandfire:ice_dragon_roost=true, iceandfire:ice_dragon_cave=true, iceandfire:lightning_dragon_cave=true, iceandfire:cyclops_cave=true, iceandfire:spawn_wandering_cyclops=true, iceandfire:spawn_sea_serpent=true, iceandfire:frost_lily=true, iceandfire:hydra_cave=true, iceandfire:lightning_lily=true, iceandfire:pixie_village=true, iceandfire:myrmex_hive_jungle=true, iceandfire:myrmex_hive_desert=true, iceandfire:silver_ore=true, iceandfire:siren_island=true, iceandfire:spawn_dragon_skeleton_ice=true, iceandfire:spawn_stymphalian_bird=true, iceandfire:fire_dragon_cave=true, iceandfire:sapphire_ore=true, iceandfire:spawn_hippocampus=true, iceandfire:spawn_death_worm=true}
[28Aug2026 00:20:38.859] [Server thread/INFO] [com.github.alexthe666.iceandfire.IceAndFire/]: {TROLL_S=true, HIPPOGRYPH=true, AMPHITHERE=true, COCKATRICE=true, TROLL_M=true, DREAD_LICH=true, TROLL_F=true}
[28Aug2026 00:20:38.860] [Server thread/INFO] [com.cupboard.Cupboard/]: Loaded config for: betterfpsdist.json
[28Aug2026 00:20:38.862] [Server thread/INFO] [com.cupboard.Cupboard/]: Loaded config for: biomemusic.json
[28Aug2026 00:20:38.862] [Server thread/INFO] [com.cupboard.Cupboard/]: Loaded config for: brutalbosses.json
[28Aug2026 00:20:38.863] [Server thread/INFO] [com.cupboard.Cupboard/]: Loaded config for: chunksending.json
[28Aug2026 00:20:38.866] [Server thread/WARN] [voicechat/]: [voicechat] Running in offline mode - Voice chat encryption is not secure!
[28Aug2026 00:20:38.893] [Server thread/INFO] [patchouli/]: Sending reload packet to clients
[28Aug2026 00:20:38.911] [VoiceChatServerThread/INFO] [voicechat/]: [voicechat] Voice chat server started at port 24454
[28Aug2026 00:20:39.125] [Server thread/INFO] [immersiveengineering/]: Couldn't fully analyze 1 shield_leggings, missing knowledge for {1 netherite_leggings=1.0}
[28Aug2026 00:20:39.125] [Server thread/INFO] [immersiveengineering/]: Couldn't fully analyze 1 silver_helmet, missing knowledge for {1 diamond_helmet=1.0}
[28Aug2026 00:20:39.125] [Server thread/INFO] [immersiveengineering/]: Couldn't fully analyze 1 warrior_boots, missing knowledge for {1 leather_boots=1.0}
[28Aug2026 00:20:39.125] [Server thread/INFO] [immersiveengineering/]: Couldn't fully analyze 1 shield_boots, missing knowledge for {1 netherite_boots=1.0}
[28Aug2026 00:20:39.126] [Server thread/INFO] [immersiveengineering/]: Couldn't fully analyze 1 warlord_leggings, missing knowledge for {1 netherite_leggings=1.0}
[28Aug2026 00:20:39.126] [Server thread/INFO] [immersiveengineering/]: Couldn't fully analyze 1 warlord_helmet, missing knowledge for {1 netherite_helmet=1.0}
[28Aug2026 00:20:39.126] [Server thread/INFO] [immersiveengineering/]: Couldn't fully analyze 1 warlord_chestplate, missing knowledge for {1 netherite_chestplate=1.0}
[28Aug2026 00:20:39.126] [Server thread/INFO] [immersiveengineering/]: Couldn't fully analyze 1 slumbering_equillibrium, missing knowledge for {1 netherite_sword=1.0}
[28Aug2026 00:20:39.126] [Server thread/INFO] [immersiveengineering/]: Couldn't fully analyze 1 polar_boots, missing knowledge for {1 diamond_boots=1.0}
[28Aug2026 00:20:39.126] [Server thread/INFO] [immersiveengineering/]: Couldn't fully analyze 1 wither_chestplate, missing knowledge for {1 bone_chestplate=1.0}
[28Aug2026 00:20:39.126] [Server thread/INFO] [immersiveengineering/]: Couldn't fully analyze 1 warlord_boots, missing knowledge for {1 netherite_boots=1.0}
[28Aug2026 00:20:39.127] [Server thread/INFO] [immersiveengineering/]: Couldn't fully analyze 1 conquistador2_helmet, missing knowledge for {1 netherite_helmet=1.0}
[28Aug2026 00:20:39.127] [Server thread/INFO] [immersiveengineering/]: Couldn't fully analyze 1 polar_helmet, missing knowledge for {1 diamond_helmet=1.0}
[28Aug2026 00:20:39.127] [Server thread/INFO] [immersiveengineering/]: Couldn't fully analyze 1 bamboo_blue_boots, missing knowledge for {1 netherite_boots=1.0}
[28Aug2026 00:20:39.127] [Server thread/INFO] [immersiveengineering/]: Couldn't fully analyze 1 shield_helmet, missing knowledge for {1 netherite_helmet=1.0}
[28Aug2026 00:20:39.127] [Server thread/INFO] [immersiveengineering/]: Couldn't fully analyze 1 bamboo_blue_leggings, missing knowledge for {1 netherite_leggings=1.0}
[28Aug2026 00:20:39.127] [Server thread/INFO] [immersiveengineering/]: Couldn't fully analyze 1 righteous_relic, missing knowledge for {1 dormant_relic=1.0}
[28Aug2026 00:20:39.127] [Server thread/INFO] [immersiveengineering/]: Couldn't fully analyze 1 nightfall, missing knowledge for {1 equillibrium=1.0}
[28Aug2026 00:20:39.127] [Server thread/INFO] [immersiveengineering/]: Couldn't fully analyze 1 shield_chestplate, missing knowledge for {1 netherite_chestplate=1.0}
[28Aug2026 00:20:39.128] [Server thread/INFO] [immersiveengineering/]: Couldn't fully analyze 1 divine_boots, missing knowledge for {1 robe_boots=1.0}
[28Aug2026 00:20:39.128] [Server thread/INFO] [immersiveengineering/]: Couldn't fully analyze 1 warrior_leggings, missing knowledge for {1 leather_leggings=1.0}
[28Aug2026 00:20:39.128] [Server thread/INFO] [immersiveengineering/]: Couldn't fully analyze 1 divine_chestplate, missing knowledge for {1 robe_chestplate=1.0}
[28Aug2026 00:20:39.128] [Server thread/INFO] [immersiveengineering/]: Couldn't fully analyze 1 polar_leggings, missing knowledge for {1 diamond_leggings=1.0}
[28Aug2026 00:20:39.128] [Server thread/INFO] [immersiveengineering/]: Couldn't fully analyze 1 equillibrium, missing knowledge for {1 refined_equillibrium=1.0}
[28Aug2026 00:20:39.128] [Server thread/INFO] [immersiveengineering/]: Couldn't fully analyze 1 silver_chestplate, missing knowledge for {1 diamond_chestplate=1.0}
[28Aug2026 00:20:39.128] [Server thread/INFO] [immersiveengineering/]: Couldn't fully analyze 1 warrior_helmet, missing knowledge for {1 leather_helmet=1.0}
[28Aug2026 00:20:39.129] [Server thread/INFO] [immersiveengineering/]: Couldn't fully analyze 1 warrior_chestplate, missing knowledge for {1 leather_chestplate=1.0}
[28Aug2026 00:20:39.129] [Server thread/INFO] [immersiveengineering/]: Couldn't fully analyze 1 bamboo_blue_chestplate, missing knowledge for {1 netherite_chestplate=1.0}
[28Aug2026 00:20:39.129] [Server thread/INFO] [immersiveengineering/]: Couldn't fully analyze 1 silver_leggings, missing knowledge for {1 diamond_leggings=1.0}
[28Aug2026 00:20:39.129] [Server thread/INFO] [immersiveengineering/]: Couldn't fully analyze 1 polar_chestplate, missing knowledge for {1 diamond_chestplate=1.0}
[28Aug2026 00:20:39.129] [Server thread/INFO] [immersiveengineering/]: Couldn't fully analyze 1 forbidden_axe, missing knowledge for {1 diamond_axe=1.0}
[28Aug2026 00:20:39.129] [Server thread/INFO] [immersiveengineering/]: Couldn't fully analyze 1 silver_boots, missing knowledge for {1 diamond_boots=1.0}
[28Aug2026 00:20:39.129] [Server thread/INFO] [immersiveengineering/]: Couldn't fully analyze 1 divine_helmet, missing knowledge for {1 robe_helmet=1.0}
[28Aug2026 00:20:39.130] [Server thread/INFO] [immersiveengineering/]: Couldn't fully analyze 1 monstrous_anchor, missing knowledge for {1 anchor_handle=1.0}
[28Aug2026 00:20:39.130] [Server thread/INFO] [immersiveengineering/]: Couldn't fully analyze 1 bamboo_blue_helmet, missing knowledge for {1 netherite_helmet=1.0}
[28Aug2026 00:20:39.130] [Server thread/INFO] [immersiveengineering/]: Couldn't fully analyze 1 cleaver, missing knowledge for {1 netherite_axe=1.0}
[28Aug2026 00:20:39.130] [Server thread/INFO] [immersiveengineering/]: Couldn't fully analyze 1 divine_leggings, missing knowledge for {1 robe_leggings=1.0}
[28Aug2026 00:20:39.130] [Server thread/INFO] [immersiveengineering/]: Finished recipe profiler for Arc Recycling, took 225 milliseconds
[28Aug2026 00:20:39.132] [Server thread/WARN] [ModernFix/]: Dedicated server took 79.87 seconds to load
[28Aug2026 00:20:39.387] [Server thread/INFO] [com.teampotato.redirector.Redirector/]: Redirecting net/minecraft/world/level/border/BorderStatus
[28Aug2026 00:20:39.425] [Server thread/INFO] [com.teampotato.redirector.Redirector/]: Redirecting dev/ftb/mods/ftbchunks/data/ClaimExpirationManager
[28Aug2026 00:20:39.428] [Server thread/INFO] [com.teampotato.redirector.Redirector/]: Redirecting dev/ftb/mods/ftbchunks/LongRangePlayerTracker
[28Aug2026 00:20:39.543] [Server thread/INFO] [com.teampotato.redirector.Redirector/]: Redirecting net/minecraft/world/level/chunk/LevelChunk$EntityCreationType
[28Aug2026 00:20:42.217] [Forge Version Check/WARN] [net.minecraftforge.fml.VersionChecker/]: Failed to process update information
java.net.http.HttpConnectTimeoutException: HTTP connect timed out
	at jdk.internal.net.http.HttpClientImpl.send(HttpClientImpl.java:894) ~[java.net.http:?]
	at jdk.internal.net.http.HttpClientFacade.send(HttpClientFacade.java:133) ~[java.net.http:?]
	at net.minecraftforge.fml.VersionChecker$1.openUrlString(VersionChecker.java:139) ~[fmlcore-1.19.2-43.4.2.jar%23718!/:?]
	at net.minecraftforge.fml.VersionChecker$1.process(VersionChecker.java:177) ~[fmlcore-1.19.2-43.4.2.jar%23718!/:?]
	at java.lang.Iterable.forEach(Iterable.java:75) [?:?]
	at net.minecraftforge.fml.VersionChecker$1.run(VersionChecker.java:114) [fmlcore-1.19.2-43.4.2.jar%23718!/:?]
Caused by: java.net.http.HttpConnectTimeoutException: HTTP connect timed out
	at jdk.internal.net.http.ResponseTimerEvent.handle(ResponseTimerEvent.java:68) ~[java.net.http:?]
	at jdk.internal.net.http.HttpClientImpl.purgeTimeoutsAndReturnNextDeadline(HttpClientImpl.java:1693) ~[java.net.http:?]
	at jdk.internal.net.http.HttpClientImpl$SelectorManager.run(HttpClientImpl.java:1311) ~[java.net.http:?]
Caused by: java.net.ConnectException: HTTP connect timed out
	at jdk.internal.net.http.ResponseTimerEvent.handle(ResponseTimerEvent.java:69) ~[java.net.http:?]
	at jdk.internal.net.http.HttpClientImpl.purgeTimeoutsAndReturnNextDeadline(HttpClientImpl.java:1693) ~[java.net.http:?]
	at jdk.internal.net.http.HttpClientImpl$SelectorManager.run(HttpClientImpl.java:1311) ~[java.net.http:?]
[28Aug2026 00:20:42.218] [Forge Version Check/INFO] [net.minecraftforge.fml.VersionChecker/]: [gamestages] Starting version check at https://updates.blamejared.com/get?n=gamestages&gv=1.19.2
[28Aug2026 00:20:42.539] [Forge Version Check/INFO] [net.minecraftforge.fml.VersionChecker/]: [gamestages] Found status: BETA_OUTDATED Current: 11.1.4 Target: 11.1.5
[28Aug2026 00:20:42.539] [Forge Version Check/INFO] [net.minecraftforge.fml.VersionChecker/]: [cumulus_menus] Starting version check at https://github.com/The-Aether-Team/Cumulus/raw/1.19.2-develop/update.json
[28Aug2026 00:20:42.687] [Forge Version Check/INFO] [net.minecraftforge.fml.VersionChecker/]: [cumulus_menus] Found status: UP_TO_DATE Current: 1.19.2-1.0.0-forge Target: null
[28Aug2026 00:20:42.687] [Forge Version Check/INFO] [net.minecraftforge.fml.VersionChecker/]: [pluto] Starting version check at https://github.com/AbdElAziz333/Pluto/blob/mc1.19.2/dev/updates.json
[28Aug2026 00:20:42.861] [Forge Version Check/WARN] [net.minecraftforge.fml.VersionChecker/]: Failed to process update information
com.google.gson.JsonSyntaxException: java.lang.IllegalStateException: Expected BEGIN_OBJECT but was STRING at line 9 column 1 path $
	at com.google.gson.Gson.fromJson(Gson.java:975) ~[gson-2.8.9.jar%2370!/:?]
	at com.google.gson.Gson.fromJson(Gson.java:928) ~[gson-2.8.9.jar%2370!/:?]
	at com.google.gson.Gson.fromJson(Gson.java:877) ~[gson-2.8.9.jar%2370!/:?]
	at com.google.gson.Gson.fromJson(Gson.java:848) ~[gson-2.8.9.jar%2370!/:?]
	at net.minecraftforge.fml.VersionChecker$1.process(VersionChecker.java:183) ~[fmlcore-1.19.2-43.4.2.jar%23718!/:?]
	at java.lang.Iterable.forEach(Iterable.java:75) [?:?]
	at net.minecraftforge.fml.VersionChecker$1.run(VersionChecker.java:114) [fmlcore-1.19.2-43.4.2.jar%23718!/:?]
Caused by: java.lang.IllegalStateException: Expected BEGIN_OBJECT but was STRING at line 9 column 1 path $
	at com.google.gson.stream.JsonReader.beginObject(JsonReader.java:384) ~[gson-2.8.9.jar%2370!/:?]
	at com.google.gson.internal.bind.MapTypeAdapterFactory$Adapter.read(MapTypeAdapterFactory.java:183) ~[gson-2.8.9.jar%2370!/:?]
	at com.google.gson.internal.bind.MapTypeAdapterFactory$Adapter.read(MapTypeAdapterFactory.java:145) ~[gson-2.8.9.jar%2370!/:?]
	at com.google.gson.Gson.fromJson(Gson.java:963) ~[gson-2.8.9.jar%2370!/:?]
	... 6 more
[28Aug2026 00:20:42.862] [Forge Version Check/INFO] [net.minecraftforge.fml.VersionChecker/]: [unilib] Starting version check at https://raw.githubusercontent.com/CDAGaming/VersionLibrary/master/UniLib/update.json
[28Aug2026 00:20:42.873] [Forge Version Check/INFO] [net.minecraftforge.fml.VersionChecker/]: [unilib] Found status: AHEAD Current: 1.1.1 Target: null
[28Aug2026 00:20:42.873] [Forge Version Check/INFO] [net.minecraftforge.fml.VersionChecker/]: [toms_storage] Starting version check at https://raw.githubusercontent.com/tom5454/Toms-Storage/master/version-check.json
[28Aug2026 00:20:42.884] [Forge Version Check/INFO] [net.minecraftforge.fml.VersionChecker/]: [toms_storage] Found status: BETA Current: 1.5.11 Target: 1.5.11
[28Aug2026 00:20:42.884] [Forge Version Check/INFO] [net.minecraftforge.fml.VersionChecker/]: [majruszlibrary] Starting version check at https://raw.githubusercontent.com/Majrusz/MinecraftCommon/main/Library/update.json
[28Aug2026 00:20:42.896] [Forge Version Check/INFO] [net.minecraftforge.fml.VersionChecker/]: [majruszlibrary] Found status: AHEAD Current: 7.0.5-backport.1 Target: null
[28Aug2026 00:20:42.896] [Forge Version Check/INFO] [net.minecraftforge.fml.VersionChecker/]: [fastload] Starting version check at https://github.com/BumbleSoftware/Fastload/raw/Forge-1.20.1/updates.json
[28Aug2026 00:20:42.914] [Forge Version Check/INFO] [net.minecraftforge.fml.VersionChecker/]: [fastload] Found status: UP_TO_DATE Current: 3.4.0 Target: null
[28Aug2026 00:20:42.914] [Forge Version Check/INFO] [net.minecraftforge.fml.VersionChecker/]: [mutantmonsters] Starting version check at https://raw.githubusercontent.com/Fuzss/modresources/main/update/mutantmonsters.json
[28Aug2026 00:20:42.924] [Forge Version Check/INFO] [net.minecraftforge.fml.VersionChecker/]: [mutantmonsters] Found status: UP_TO_DATE Current: 4.0.6 Target: null
[28Aug2026 00:20:42.924] [Forge Version Check/INFO] [net.minecraftforge.fml.VersionChecker/]: [attributefix] Starting version check at https://updates.blamejared.com/get?n=attributefix&gv=1.19.2
[28Aug2026 00:20:43.020] [Forge Version Check/INFO] [net.minecraftforge.fml.VersionChecker/]: [attributefix] Found status: BETA Current: 17.2.8 Target: 17.2.8
[28Aug2026 00:20:43.020] [Forge Version Check/INFO] [net.minecraftforge.fml.VersionChecker/]: [goblintraders] Starting version check at https://mrcrayfish.com/modupdatejson?id=goblintraders
[28Aug2026 00:20:43.774] [Forge Version Check/WARN] [net.minecraftforge.fml.VersionChecker/]: Failed to process update information
com.google.gson.JsonSyntaxException: java.lang.IllegalStateException: Expected BEGIN_OBJECT but was STRING at line 1 column 1 path $
	at com.google.gson.Gson.fromJson(Gson.java:975) ~[gson-2.8.9.jar%2370!/:?]
	at com.google.gson.Gson.fromJson(Gson.java:928) ~[gson-2.8.9.jar%2370!/:?]
	at com.google.gson.Gson.fromJson(Gson.java:877) ~[gson-2.8.9.jar%2370!/:?]
	at com.google.gson.Gson.fromJson(Gson.java:848) ~[gson-2.8.9.jar%2370!/:?]
	at net.minecraftforge.fml.VersionChecker$1.process(VersionChecker.java:183) ~[fmlcore-1.19.2-43.4.2.jar%23718!/:?]
	at java.lang.Iterable.forEach(Iterable.java:75) [?:?]
	at net.minecraftforge.fml.VersionChecker$1.run(VersionChecker.java:114) [fmlcore-1.19.2-43.4.2.jar%23718!/:?]
Caused by: java.lang.IllegalStateException: Expected BEGIN_OBJECT but was STRING at line 1 column 1 path $
	at com.google.gson.stream.JsonReader.beginObject(JsonReader.java:384) ~[gson-2.8.9.jar%2370!/:?]
	at com.google.gson.internal.bind.MapTypeAdapterFactory$Adapter.read(MapTypeAdapterFactory.java:183) ~[gson-2.8.9.jar%2370!/:?]
	at com.google.gson.internal.bind.MapTypeAdapterFactory$Adapter.read(MapTypeAdapterFactory.java:145) ~[gson-2.8.9.jar%2370!/:?]
	at com.google.gson.Gson.fromJson(Gson.java:963) ~[gson-2.8.9.jar%2370!/:?]
	... 6 more
[28Aug2026 00:20:43.775] [Forge Version Check/INFO] [net.minecraftforge.fml.VersionChecker/]: [crafttweaker] Starting version check at https://updates.blamejared.com/get?n=crafttweaker&gv=1.19.2
[28Aug2026 00:20:43.871] [Forge Version Check/INFO] [net.minecraftforge.fml.VersionChecker/]: [crafttweaker] Found status: BETA Current: 10.1.56 Target: 10.1.56
[28Aug2026 00:20:43.871] [Forge Version Check/INFO] [net.minecraftforge.fml.VersionChecker/]: [forge] Starting version check at https://files.minecraftforge.net/net/minecraftforge/forge/promotions_slim.json
[28Aug2026 00:20:43.953] [Forge Version Check/INFO] [net.minecraftforge.fml.VersionChecker/]: [forge] Found status: OUTDATED Current: 43.4.2 Target: 43.5.0
[28Aug2026 00:20:43.953] [Forge Version Check/INFO] [net.minecraftforge.fml.VersionChecker/]: [voicechat] Starting version check at https://update.maxhenkel.de/forge/voicechat
[28Aug2026 00:20:44.243] [Forge Version Check/INFO] [net.minecraftforge.fml.VersionChecker/]: [voicechat] Found status: UP_TO_DATE Current: 1.19.2-2.6.22 Target: null
[28Aug2026 00:20:44.244] [Forge Version Check/INFO] [net.minecraftforge.fml.VersionChecker/]: [commonality] Starting version check at https://api.modrinth.com/updates/apexcore/forge_updates.json
[28Aug2026 00:20:44.275] [Forge Version Check/INFO] [net.minecraftforge.fml.VersionChecker/]: [commonality] Found status: OUTDATED Current: 4.2.1 Target: 7.3.1
[28Aug2026 00:20:44.275] [Forge Version Check/INFO] [net.minecraftforge.fml.VersionChecker/]: [immersiveengineering] Starting version check at https://raw.githubusercontent.com/BluSunrize/ImmersiveEngineering/1.19/changelog.json
[28Aug2026 00:20:44.318] [Forge Version Check/INFO] [net.minecraftforge.fml.VersionChecker/]: [immersiveengineering] Found status: BETA Current: 1.19.2-9.2.4-170 Target: null
[28Aug2026 00:20:44.318] [Forge Version Check/INFO] [net.minecraftforge.fml.VersionChecker/]: [flywheel] Starting version check at https://api.modrinth.com/updates/flywheel/forge_updates.json
[28Aug2026 00:20:44.341] [Forge Version Check/INFO] [net.minecraftforge.fml.VersionChecker/]: [flywheel] Found status: AHEAD Current: 0.6.11-22 Target: null
[28Aug2026 00:20:44.341] [Forge Version Check/INFO] [net.minecraftforge.fml.VersionChecker/]: [canary] Starting version check at https://github.com/AbdElAziz333/Canary/raw/mc1.19.2/dev/updates.json
[28Aug2026 00:20:44.359] [Forge Version Check/WARN] [net.minecraftforge.fml.VersionChecker/]: Failed to process update information
com.google.gson.JsonSyntaxException: java.lang.IllegalStateException: Expected BEGIN_OBJECT but was STRING at line 9 column 1 path $
	at com.google.gson.Gson.fromJson(Gson.java:975) ~[gson-2.8.9.jar%2370!/:?]
	at com.google.gson.Gson.fromJson(Gson.java:928) ~[gson-2.8.9.jar%2370!/:?]
	at com.google.gson.Gson.fromJson(Gson.java:877) ~[gson-2.8.9.jar%2370!/:?]
	at com.google.gson.Gson.fromJson(Gson.java:848) ~[gson-2.8.9.jar%2370!/:?]
	at net.minecraftforge.fml.VersionChecker$1.process(VersionChecker.java:183) ~[fmlcore-1.19.2-43.4.2.jar%23718!/:?]
	at java.lang.Iterable.forEach(Iterable.java:75) [?:?]
	at net.minecraftforge.fml.VersionChecker$1.run(VersionChecker.java:114) [fmlcore-1.19.2-43.4.2.jar%23718!/:?]
Caused by: java.lang.IllegalStateException: Expected BEGIN_OBJECT but was STRING at line 9 column 1 path $
	at com.google.gson.stream.JsonReader.beginObject(JsonReader.java:384) ~[gson-2.8.9.jar%2370!/:?]
	at com.google.gson.internal.bind.MapTypeAdapterFactory$Adapter.read(MapTypeAdapterFactory.java:183) ~[gson-2.8.9.jar%2370!/:?]
	at com.google.gson.internal.bind.MapTypeAdapterFactory$Adapter.read(MapTypeAdapterFactory.java:145) ~[gson-2.8.9.jar%2370!/:?]
	at com.google.gson.Gson.fromJson(Gson.java:963) ~[gson-2.8.9.jar%2370!/:?]
	... 6 more
[28Aug2026 00:20:44.360] [Forge Version Check/INFO] [net.minecraftforge.fml.VersionChecker/]: [puzzleslib] Starting version check at https://raw.githubusercontent.com/Fuzss/modresources/main/update/puzzleslib.json
[28Aug2026 00:20:44.370] [Forge Version Check/INFO] [net.minecraftforge.fml.VersionChecker/]: [puzzleslib] Found status: UP_TO_DATE Current: 4.4.3 Target: null
[28Aug2026 00:20:44.370] [Forge Version Check/INFO] [net.minecraftforge.fml.VersionChecker/]: [blue_skies] Starting version check at http://changelogs.moddinglegacy.com/blue-skies.json
[28Aug2026 00:20:44.599] [Forge Version Check/INFO] [net.minecraftforge.fml.VersionChecker/]: [blue_skies] Found status: UP_TO_DATE Current: 1.3.20 Target: null
[28Aug2026 00:20:44.599] [Forge Version Check/INFO] [net.minecraftforge.fml.VersionChecker/]: [aether] Starting version check at https://github.com/The-Aether-Team/The-Aether/raw/1.19.2-develop/update.json
[28Aug2026 00:20:44.711] [Forge Version Check/INFO] [net.minecraftforge.fml.VersionChecker/]: [aether] Found status: OUTDATED Current: 1.19.2-1.4.2-forge Target: 1.19.2-1.5.1-forge
[28Aug2026 00:20:44.712] [Forge Version Check/INFO] [net.minecraftforge.fml.VersionChecker/]: [controlling] Starting version check at https://updates.blamejared.com/get?n=controlling&gv=1.19.2
[28Aug2026 00:20:44.807] [Forge Version Check/INFO] [net.minecraftforge.fml.VersionChecker/]: [controlling] Found status: BETA Current: 10.0+7 Target: 10.0+7
[28Aug2026 00:20:44.807] [Forge Version Check/INFO] [net.minecraftforge.fml.VersionChecker/]: [prism] Starting version check at https://mc-update-check.anthonyhilyard.com/638111
[28Aug2026 00:20:59.811] [Forge Version Check/WARN] [net.minecraftforge.fml.VersionChecker/]: Failed to process update information
java.net.http.HttpConnectTimeoutException: HTTP connect timed out
	at jdk.internal.net.http.HttpClientImpl.send(HttpClientImpl.java:894) ~[java.net.http:?]
	at jdk.internal.net.http.HttpClientFacade.send(HttpClientFacade.java:133) ~[java.net.http:?]
	at net.minecraftforge.fml.VersionChecker$1.openUrlString(VersionChecker.java:139) ~[fmlcore-1.19.2-43.4.2.jar%23718!/:?]
	at net.minecraftforge.fml.VersionChecker$1.process(VersionChecker.java:177) ~[fmlcore-1.19.2-43.4.2.jar%23718!/:?]
	at java.lang.Iterable.forEach(Iterable.java:75) [?:?]
	at net.minecraftforge.fml.VersionChecker$1.run(VersionChecker.java:114) [fmlcore-1.19.2-43.4.2.jar%23718!/:?]
Caused by: java.net.http.HttpConnectTimeoutException: HTTP connect timed out
	at jdk.internal.net.http.ResponseTimerEvent.handle(ResponseTimerEvent.java:68) ~[java.net.http:?]
	at jdk.internal.net.http.HttpClientImpl.purgeTimeoutsAndReturnNextDeadline(HttpClientImpl.java:1693) ~[java.net.http:?]
	at jdk.internal.net.http.HttpClientImpl$SelectorManager.run(HttpClientImpl.java:1311) ~[java.net.http:?]
Caused by: java.net.ConnectException: HTTP connect timed out
	at jdk.internal.net.http.ResponseTimerEvent.handle(ResponseTimerEvent.java:69) ~[java.net.http:?]
	at jdk.internal.net.http.HttpClientImpl.purgeTimeoutsAndReturnNextDeadline(HttpClientImpl.java:1693) ~[java.net.http:?]
	at jdk.internal.net.http.HttpClientImpl$SelectorManager.run(HttpClientImpl.java:1311) ~[java.net.http:?]
[28Aug2026 00:20:59.811] [Forge Version Check/INFO] [net.minecraftforge.fml.VersionChecker/]: [bookshelf] Starting version check at https://updates.blamejared.com/get?n=bookshelf&gv=1.19.2
[28Aug2026 00:20:59.908] [Forge Version Check/INFO] [net.minecraftforge.fml.VersionChecker/]: [bookshelf] Found status: BETA Current: 16.3.20 Target: 16.3.20
[28Aug2026 00:20:59.909] [Forge Version Check/INFO] [net.minecraftforge.fml.VersionChecker/]: [twilightforest] Starting version check at https://gh.tamaized.com/TeamTwilight/twilightforest/update.json
[28Aug2026 00:21:00.023] [Forge Version Check/INFO] [net.minecraftforge.fml.VersionChecker/]: [twilightforest] Found status: BETA Current: 4.2.1518 Target: null
[28Aug2026 00:21:00.023] [Forge Version Check/INFO] [net.minecraftforge.fml.VersionChecker/]: [nightconfigfixes] Starting version check at https://raw.githubusercontent.com/Fuzss/modresources/main/update/nightconfigfixes.json
[28Aug2026 00:21:00.037] [Forge Version Check/INFO] [net.minecraftforge.fml.VersionChecker/]: [nightconfigfixes] Found status: UP_TO_DATE Current: 4.0.7 Target: null
[28Aug2026 00:21:00.037] [Forge Version Check/INFO] [net.minecraftforge.fml.VersionChecker/]: [smallships] Starting version check at https://raw.githubusercontent.com/talhanation/smallships/main/update.json
[28Aug2026 00:21:00.047] [Forge Version Check/INFO] [net.minecraftforge.fml.VersionChecker/]: [smallships] Found status: AHEAD Current: 2.0.0-b1.3.1 Target: null
[28Aug2026 00:21:00.048] [Forge Version Check/INFO] [net.minecraftforge.fml.VersionChecker/]: [majruszsaccessories] Starting version check at https://raw.githubusercontent.com/Majrusz/MinecraftCommon/main/Accessories/update.json
[28Aug2026 00:21:00.063] [Forge Version Check/INFO] [net.minecraftforge.fml.VersionChecker/]: [majruszsaccessories] Found status: AHEAD Current: 1.5.2-backport.2 Target: null
[28Aug2026 00:21:00.063] [Forge Version Check/INFO] [net.minecraftforge.fml.VersionChecker/]: [copycats] Starting version check at https://raw.githubusercontent.com/copycats-plus/copycats/multiloader/update.json
[28Aug2026 00:21:00.071] [Forge Version Check/INFO] [net.minecraftforge.fml.VersionChecker/]: [copycats] Found status: AHEAD Current: 2.2.2+mc.1.19.2-forge Target: null
[28Aug2026 00:21:00.071] [Forge Version Check/INFO] [net.minecraftforge.fml.VersionChecker/]: [obscure_api] Starting version check at https://raw.githubusercontent.com/ObscuriaLithium/Home/main/obscure_api/versions.json
[28Aug2026 00:21:00.098] [Forge Version Check/WARN] [net.minecraftforge.fml.VersionChecker/]: Failed to process update information
com.google.gson.JsonSyntaxException: java.lang.IllegalStateException: Expected BEGIN_OBJECT but was NUMBER at line 1 column 4 path $
	at com.google.gson.Gson.fromJson(Gson.java:975) ~[gson-2.8.9.jar%2370!/:?]
	at com.google.gson.Gson.fromJson(Gson.java:928) ~[gson-2.8.9.jar%2370!/:?]
	at com.google.gson.Gson.fromJson(Gson.java:877) ~[gson-2.8.9.jar%2370!/:?]
	at com.google.gson.Gson.fromJson(Gson.java:848) ~[gson-2.8.9.jar%2370!/:?]
	at net.minecraftforge.fml.VersionChecker$1.process(VersionChecker.java:183) ~[fmlcore-1.19.2-43.4.2.jar%23718!/:?]
	at java.lang.Iterable.forEach(Iterable.java:75) [?:?]
	at net.minecraftforge.fml.VersionChecker$1.run(VersionChecker.java:114) [fmlcore-1.19.2-43.4.2.jar%23718!/:?]
Caused by: java.lang.IllegalStateException: Expected BEGIN_OBJECT but was NUMBER at line 1 column 4 path $
	at com.google.gson.stream.JsonReader.beginObject(JsonReader.java:384) ~[gson-2.8.9.jar%2370!/:?]
	at com.google.gson.internal.bind.MapTypeAdapterFactory$Adapter.read(MapTypeAdapterFactory.java:183) ~[gson-2.8.9.jar%2370!/:?]
	at com.google.gson.internal.bind.MapTypeAdapterFactory$Adapter.read(MapTypeAdapterFactory.java:145) ~[gson-2.8.9.jar%2370!/:?]
	at com.google.gson.Gson.fromJson(Gson.java:963) ~[gson-2.8.9.jar%2370!/:?]
	... 6 more
[28Aug2026 00:21:00.098] [Forge Version Check/INFO] [net.minecraftforge.fml.VersionChecker/]: [aquamirae] Starting version check at https://raw.githubusercontent.com/ObscuriaLithium/Home/main/aquamirae/versions.json
[28Aug2026 00:21:00.106] [Forge Version Check/WARN] [net.minecraftforge.fml.VersionChecker/]: Failed to process update information
com.google.gson.JsonSyntaxException: java.lang.IllegalStateException: Expected BEGIN_OBJECT but was NUMBER at line 1 column 4 path $
	at com.google.gson.Gson.fromJson(Gson.java:975) ~[gson-2.8.9.jar%2370!/:?]
	at com.google.gson.Gson.fromJson(Gson.java:928) ~[gson-2.8.9.jar%2370!/:?]
	at com.google.gson.Gson.fromJson(Gson.java:877) ~[gson-2.8.9.jar%2370!/:?]
	at com.google.gson.Gson.fromJson(Gson.java:848) ~[gson-2.8.9.jar%2370!/:?]
	at net.minecraftforge.fml.VersionChecker$1.process(VersionChecker.java:183) ~[fmlcore-1.19.2-43.4.2.jar%23718!/:?]
	at java.lang.Iterable.forEach(Iterable.java:75) [?:?]
	at net.minecraftforge.fml.VersionChecker$1.run(VersionChecker.java:114) [fmlcore-1.19.2-43.4.2.jar%23718!/:?]
Caused by: java.lang.IllegalStateException: Expected BEGIN_OBJECT but was NUMBER at line 1 column 4 path $
	at com.google.gson.stream.JsonReader.beginObject(JsonReader.java:384) ~[gson-2.8.9.jar%2370!/:?]
	at com.google.gson.internal.bind.MapTypeAdapterFactory$Adapter.read(MapTypeAdapterFactory.java:183) ~[gson-2.8.9.jar%2370!/:?]
	at com.google.gson.internal.bind.MapTypeAdapterFactory$Adapter.read(MapTypeAdapterFactory.java:145) ~[gson-2.8.9.jar%2370!/:?]
	at com.google.gson.Gson.fromJson(Gson.java:963) ~[gson-2.8.9.jar%2370!/:?]
	... 6 more
[28Aug2026 00:21:00.107] [Forge Version Check/INFO] [net.minecraftforge.fml.VersionChecker/]: [delightful] Starting version check at https://raw.githubusercontent.com/brnbrd/Delightful/1.19/update/update.json
[28Aug2026 00:21:00.116] [Forge Version Check/INFO] [net.minecraftforge.fml.VersionChecker/]: [delightful] Found status: BETA Current: 3.4.1 Target: null
[28Aug2026 00:21:00.116] [Forge Version Check/INFO] [net.minecraftforge.fml.VersionChecker/]: [clumps] Starting version check at https://updates.blamejared.com/get?n=clumps&gv=1.19.2
[28Aug2026 00:21:00.212] [Forge Version Check/INFO] [net.minecraftforge.fml.VersionChecker/]: [clumps] Found status: BETA Current: 9.0.0+14 Target: 9.0.0+14
[28Aug2026 00:21:00.212] [Forge Version Check/INFO] [net.minecraftforge.fml.VersionChecker/]: [configured] Starting version check at https://mrcrayfish.com/modupdatejson?id=configured
[28Aug2026 00:21:00.465] [Forge Version Check/WARN] [net.minecraftforge.fml.VersionChecker/]: Failed to process update information
com.google.gson.JsonSyntaxException: java.lang.IllegalStateException: Expected BEGIN_OBJECT but was STRING at line 1 column 1 path $
	at com.google.gson.Gson.fromJson(Gson.java:975) ~[gson-2.8.9.jar%2370!/:?]
	at com.google.gson.Gson.fromJson(Gson.java:928) ~[gson-2.8.9.jar%2370!/:?]
	at com.google.gson.Gson.fromJson(Gson.java:877) ~[gson-2.8.9.jar%2370!/:?]
	at com.google.gson.Gson.fromJson(Gson.java:848) ~[gson-2.8.9.jar%2370!/:?]
	at net.minecraftforge.fml.VersionChecker$1.process(VersionChecker.java:183) ~[fmlcore-1.19.2-43.4.2.jar%23718!/:?]
	at java.lang.Iterable.forEach(Iterable.java:75) [?:?]
	at net.minecraftforge.fml.VersionChecker$1.run(VersionChecker.java:114) [fmlcore-1.19.2-43.4.2.jar%23718!/:?]
Caused by: java.lang.IllegalStateException: Expected BEGIN_OBJECT but was STRING at line 1 column 1 path $
	at com.google.gson.stream.JsonReader.beginObject(JsonReader.java:384) ~[gson-2.8.9.jar%2370!/:?]
	at com.google.gson.internal.bind.MapTypeAdapterFactory$Adapter.read(MapTypeAdapterFactory.java:183) ~[gson-2.8.9.jar%2370!/:?]
	at com.google.gson.internal.bind.MapTypeAdapterFactory$Adapter.read(MapTypeAdapterFactory.java:145) ~[gson-2.8.9.jar%2370!/:?]
	at com.google.gson.Gson.fromJson(Gson.java:963) ~[gson-2.8.9.jar%2370!/:?]
	... 6 more
[28Aug2026 00:21:00.466] [Forge Version Check/INFO] [net.minecraftforge.fml.VersionChecker/]: [badmobs] Starting version check at https://updates.blamejared.com/get?n=badmobs&gv=1.19.2
[28Aug2026 00:21:00.561] [Forge Version Check/INFO] [net.minecraftforge.fml.VersionChecker/]: [badmobs] Found status: BETA Current: 16.1.3 Target: 16.1.3
[28Aug2026 00:21:00.562] [Forge Version Check/INFO] [net.minecraftforge.fml.VersionChecker/]: [dungeons_andtaverns_mr] Starting version check at https://api.modrinth.comauth/init?url=https://modrinth.com/datapack/dungeons-and-taverns/version/2.0.2/updates/tpehi7ww/forge_updates.json
[28Aug2026 00:21:00.701] [Forge Version Check/WARN] [net.minecraftforge.fml.VersionChecker/]: Failed to process update information
java.net.ConnectException: null
	at jdk.internal.net.http.HttpClientImpl.send(HttpClientImpl.java:900) ~[java.net.http:?]
	at jdk.internal.net.http.HttpClientFacade.send(HttpClientFacade.java:133) ~[java.net.http:?]
	at net.minecraftforge.fml.VersionChecker$1.openUrlString(VersionChecker.java:139) ~[fmlcore-1.19.2-43.4.2.jar%23718!/:?]
	at net.minecraftforge.fml.VersionChecker$1.process(VersionChecker.java:177) ~[fmlcore-1.19.2-43.4.2.jar%23718!/:?]
	at java.lang.Iterable.forEach(Iterable.java:75) [?:?]
	at net.minecraftforge.fml.VersionChecker$1.run(VersionChecker.java:114) [fmlcore-1.19.2-43.4.2.jar%23718!/:?]
Caused by: java.net.ConnectException
	at jdk.internal.net.http.common.Utils.toConnectException(Utils.java:1107) ~[java.net.http:?]
	at jdk.internal.net.http.PlainHttpConnection.connectAsync(PlainHttpConnection.java:203) ~[java.net.http:?]
	at jdk.internal.net.http.AsyncSSLConnection.connectAsync(AsyncSSLConnection.java:56) ~[java.net.http:?]
	at jdk.internal.net.http.Http2Connection.createAsync(Http2Connection.java:450) ~[java.net.http:?]
	at jdk.internal.net.http.Http2ClientImpl.getConnectionFor(Http2ClientImpl.java:133) ~[java.net.http:?]
	at jdk.internal.net.http.ExchangeImpl.get(ExchangeImpl.java:98) ~[java.net.http:?]
	at jdk.internal.net.http.Exchange.establishExchange(Exchange.java:374) ~[java.net.http:?]
	at jdk.internal.net.http.Exchange.responseAsyncImpl0(Exchange.java:567) ~[java.net.http:?]
	at jdk.internal.net.http.Exchange.responseAsyncImpl(Exchange.java:411) ~[java.net.http:?]
	at jdk.internal.net.http.Exchange.responseAsync(Exchange.java:403) ~[java.net.http:?]
	at jdk.internal.net.http.MultiExchange.responseAsyncImpl(MultiExchange.java:430) ~[java.net.http:?]
	at jdk.internal.net.http.MultiExchange.lambda$responseAsyncImpl$7(MultiExchange.java:471) ~[java.net.http:?]
	at java.util.concurrent.CompletableFuture.uniHandle(CompletableFuture.java:934) ~[?:?]
	at java.util.concurrent.CompletableFuture.uniHandleStage(CompletableFuture.java:950) ~[?:?]
	at java.util.concurrent.CompletableFuture.handle(CompletableFuture.java:2340) ~[?:?]
	at jdk.internal.net.http.MultiExchange.responseAsyncImpl(MultiExchange.java:461) ~[java.net.http:?]
	at jdk.internal.net.http.MultiExchange.lambda$responseAsync0$2(MultiExchange.java:350) ~[java.net.http:?]
	at java.util.concurrent.CompletableFuture$UniCompose.tryFire(CompletableFuture.java:1150) ~[?:?]
	at java.util.concurrent.CompletableFuture.postComplete(CompletableFuture.java:510) ~[?:?]
	at java.util.concurrent.CompletableFuture$AsyncSupply.run(CompletableFuture.java:1773) ~[?:?]
	at jdk.internal.net.http.HttpClientImpl$DelegatingExecutor.execute(HttpClientImpl.java:174) ~[java.net.http:?]
	at java.util.concurrent.CompletableFuture.completeAsync(CompletableFuture.java:2673) ~[?:?]
	at jdk.internal.net.http.MultiExchange.responseAsync(MultiExchange.java:303) ~[java.net.http:?]
	at jdk.internal.net.http.HttpClientImpl.sendAsync(HttpClientImpl.java:991) ~[java.net.http:?]
	at jdk.internal.net.http.HttpClientImpl.send(HttpClientImpl.java:878) ~[java.net.http:?]
	... 5 more
Caused by: java.nio.channels.UnresolvedAddressException
	at sun.nio.ch.Net.checkAddress(Net.java:159) ~[?:?]
	at sun.nio.ch.Net.checkAddress(Net.java:167) ~[?:?]
	at sun.nio.ch.SocketChannelImpl.checkRemote(SocketChannelImpl.java:816) ~[?:?]
	at sun.nio.ch.SocketChannelImpl.connect(SocketChannelImpl.java:839) ~[?:?]
	at jdk.internal.net.http.PlainHttpConnection.lambda$connectAsync$0(PlainHttpConnection.java:187) ~[java.net.http:?]
	at java.security.AccessController.doPrivileged(AccessController.java:569) ~[?:?]
	at jdk.internal.net.http.PlainHttpConnection.connectAsync(PlainHttpConnection.java:189) ~[java.net.http:?]
	at jdk.internal.net.http.AsyncSSLConnection.connectAsync(AsyncSSLConnection.java:56) ~[java.net.http:?]
	at jdk.internal.net.http.Http2Connection.createAsync(Http2Connection.java:450) ~[java.net.http:?]
	at jdk.internal.net.http.Http2ClientImpl.getConnectionFor(Http2ClientImpl.java:133) ~[java.net.http:?]
	at jdk.internal.net.http.ExchangeImpl.get(ExchangeImpl.java:98) ~[java.net.http:?]
	at jdk.internal.net.http.Exchange.establishExchange(Exchange.java:374) ~[java.net.http:?]
	at jdk.internal.net.http.Exchange.responseAsyncImpl0(Exchange.java:567) ~[java.net.http:?]
	at jdk.internal.net.http.Exchange.responseAsyncImpl(Exchange.java:411) ~[java.net.http:?]
	at jdk.internal.net.http.Exchange.responseAsync(Exchange.java:403) ~[java.net.http:?]
	at jdk.internal.net.http.MultiExchange.responseAsyncImpl(MultiExchange.java:430) ~[java.net.http:?]
	at jdk.internal.net.http.MultiExchange.lambda$responseAsyncImpl$7(MultiExchange.java:471) ~[java.net.http:?]
	at java.util.concurrent.CompletableFuture.uniHandle(CompletableFuture.java:934) ~[?:?]
	at java.util.concurrent.CompletableFuture.uniHandleStage(CompletableFuture.java:950) ~[?:?]
	at java.util.concurrent.CompletableFuture.handle(CompletableFuture.java:2340) ~[?:?]
	at jdk.internal.net.http.MultiExchange.responseAsyncImpl(MultiExchange.java:461) ~[java.net.http:?]
	at jdk.internal.net.http.MultiExchange.lambda$responseAsync0$2(MultiExchange.java:350) ~[java.net.http:?]
	at java.util.concurrent.CompletableFuture$UniCompose.tryFire(CompletableFuture.java:1150) ~[?:?]
	at java.util.concurrent.CompletableFuture.postComplete(CompletableFuture.java:510) ~[?:?]
	at java.util.concurrent.CompletableFuture$AsyncSupply.run(CompletableFuture.java:1773) ~[?:?]
	at jdk.internal.net.http.HttpClientImpl$DelegatingExecutor.execute(HttpClientImpl.java:174) ~[java.net.http:?]
	at java.util.concurrent.CompletableFuture.completeAsync(CompletableFuture.java:2673) ~[?:?]
	at jdk.internal.net.http.MultiExchange.responseAsync(MultiExchange.java:303) ~[java.net.http:?]
	at jdk.internal.net.http.HttpClientImpl.sendAsync(HttpClientImpl.java:991) ~[java.net.http:?]
	at jdk.internal.net.http.HttpClientImpl.send(HttpClientImpl.java:878) ~[java.net.http:?]
	... 5 more
[28Aug2026 00:21:00.702] [Forge Version Check/INFO] [net.minecraftforge.fml.VersionChecker/]: [enchdesc] Starting version check at https://updates.blamejared.com/get?n=enchdesc&gv=1.19.2
[28Aug2026 00:21:00.798] [Forge Version Check/INFO] [net.minecraftforge.fml.VersionChecker/]: [enchdesc] Found status: BETA_OUTDATED Current: 13.0.14 Target: 13.0.20
[28Aug2026 00:21:00.798] [Forge Version Check/INFO] [net.minecraftforge.fml.VersionChecker/]: [moonlight] Starting version check at https://raw.githubusercontent.com/MehVahdJukaar/Moonlight/multi-loader/forge/update.json
[28Aug2026 00:21:00.841] [Forge Version Check/INFO] [net.minecraftforge.fml.VersionChecker/]: [moonlight] Found status: UP_TO_DATE Current: 1.19.2-2.3.7 Target: null
[28Aug2026 00:21:00.841] [Forge Version Check/INFO] [net.minecraftforge.fml.VersionChecker/]: [eccentrictome] Starting version check at https://api.modrinth.com/updates/eccentric-tome/forge_updates.json
[28Aug2026 00:21:00.865] [Forge Version Check/INFO] [net.minecraftforge.fml.VersionChecker/]: [eccentrictome] Found status: UP_TO_DATE Current: 1.19.2-1.10.2 Target: null
[28Aug2026 00:21:00.865] [Forge Version Check/INFO] [net.minecraftforge.fml.VersionChecker/]: [smoothboot] Starting version check at https://github.com/AbdElAziz333/SmoothBoot-Reloaded/raw/mc1.20.1/dev/updates.json
[28Aug2026 00:21:00.881] [Forge Version Check/WARN] [net.minecraftforge.fml.VersionChecker/]: Failed to process update information
com.google.gson.JsonSyntaxException: java.lang.IllegalStateException: Expected BEGIN_OBJECT but was STRING at line 9 column 1 path $
	at com.google.gson.Gson.fromJson(Gson.java:975) ~[gson-2.8.9.jar%2370!/:?]
	at com.google.gson.Gson.fromJson(Gson.java:928) ~[gson-2.8.9.jar%2370!/:?]
	at com.google.gson.Gson.fromJson(Gson.java:877) ~[gson-2.8.9.jar%2370!/:?]
	at com.google.gson.Gson.fromJson(Gson.java:848) ~[gson-2.8.9.jar%2370!/:?]
	at net.minecraftforge.fml.VersionChecker$1.process(VersionChecker.java:183) ~[fmlcore-1.19.2-43.4.2.jar%23718!/:?]
	at java.lang.Iterable.forEach(Iterable.java:75) [?:?]
	at net.minecraftforge.fml.VersionChecker$1.run(VersionChecker.java:114) [fmlcore-1.19.2-43.4.2.jar%23718!/:?]
Caused by: java.lang.IllegalStateException: Expected BEGIN_OBJECT but was STRING at line 9 column 1 path $
	at com.google.gson.stream.JsonReader.beginObject(JsonReader.java:384) ~[gson-2.8.9.jar%2370!/:?]
	at com.google.gson.internal.bind.MapTypeAdapterFactory$Adapter.read(MapTypeAdapterFactory.java:183) ~[gson-2.8.9.jar%2370!/:?]
	at com.google.gson.internal.bind.MapTypeAdapterFactory$Adapter.read(MapTypeAdapterFactory.java:145) ~[gson-2.8.9.jar%2370!/:?]
	at com.google.gson.Gson.fromJson(Gson.java:963) ~[gson-2.8.9.jar%2370!/:?]
	... 6 more
[28Aug2026 00:21:00.882] [Forge Version Check/INFO] [net.minecraftforge.fml.VersionChecker/]: [easy_villagers] Starting version check at https://update.maxhenkel.de/forge/easy_villagers
[28Aug2026 00:21:00.983] [Forge Version Check/INFO] [net.minecraftforge.fml.VersionChecker/]: [easy_villagers] Found status: AHEAD Current: 1.19.2-1.1.23 Target: null
[28Aug2026 00:21:00.984] [Forge Version Check/INFO] [net.minecraftforge.fml.VersionChecker/]: [iceberg] Starting version check at https://mc-update-check.anthonyhilyard.com/520110
[28Aug2026 00:21:09.137] [Server thread/INFO] [com.teampotato.redirector.Redirector/]: Redirecting net/minecraft/network/protocol/game/ClientboundPlayerInfoPacket$Action
[28Aug2026 00:21:15.986] [Forge Version Check/WARN] [net.minecraftforge.fml.VersionChecker/]: Failed to process update information
java.net.http.HttpConnectTimeoutException: HTTP connect timed out
	at jdk.internal.net.http.HttpClientImpl.send(HttpClientImpl.java:894) ~[java.net.http:?]
	at jdk.internal.net.http.HttpClientFacade.send(HttpClientFacade.java:133) ~[java.net.http:?]
	at net.minecraftforge.fml.VersionChecker$1.openUrlString(VersionChecker.java:139) ~[fmlcore-1.19.2-43.4.2.jar%23718!/:?]
	at net.minecraftforge.fml.VersionChecker$1.process(VersionChecker.java:177) ~[fmlcore-1.19.2-43.4.2.jar%23718!/:?]
	at java.lang.Iterable.forEach(Iterable.java:75) [?:?]
	at net.minecraftforge.fml.VersionChecker$1.run(VersionChecker.java:114) [fmlcore-1.19.2-43.4.2.jar%23718!/:?]
Caused by: java.net.http.HttpConnectTimeoutException: HTTP connect timed out
	at jdk.internal.net.http.ResponseTimerEvent.handle(ResponseTimerEvent.java:68) ~[java.net.http:?]
	at jdk.internal.net.http.HttpClientImpl.purgeTimeoutsAndReturnNextDeadline(HttpClientImpl.java:1693) ~[java.net.http:?]
	at jdk.internal.net.http.HttpClientImpl$SelectorManager.run(HttpClientImpl.java:1311) ~[java.net.http:?]
Caused by: java.net.ConnectException: HTTP connect timed out
	at jdk.internal.net.http.ResponseTimerEvent.handle(ResponseTimerEvent.java:69) ~[java.net.http:?]
	at jdk.internal.net.http.HttpClientImpl.purgeTimeoutsAndReturnNextDeadline(HttpClientImpl.java:1693) ~[java.net.http:?]
	at jdk.internal.net.http.HttpClientImpl$SelectorManager.run(HttpClientImpl.java:1311) ~[java.net.http:?]
[28Aug2026 00:21:15.987] [Forge Version Check/INFO] [net.minecraftforge.fml.VersionChecker/]: [supplementaries] Starting version check at https://raw.githubusercontent.com/MehVahdJukaar/Supplementaries/master/forge/update.json
[28Aug2026 00:21:15.996] [Forge Version Check/INFO] [net.minecraftforge.fml.VersionChecker/]: [supplementaries] Found status: BETA Current: 1.19.2-2.4.20 Target: null
[28Aug2026 00:21:15.996] [Forge Version Check/INFO] [net.minecraftforge.fml.VersionChecker/]: [apexcore] Starting version check at https://api.modrinth.com/updates/apexcore/forge_updates.json
[28Aug2026 00:21:16.024] [Forge Version Check/INFO] [net.minecraftforge.fml.VersionChecker/]: [apexcore] Found status: UP_TO_DATE Current: 7.3.1 Target: null
[28Aug2026 00:21:16.024] [Forge Version Check/INFO] [net.minecraftforge.fml.VersionChecker/]: [fantasyfurniture] Starting version check at https://api.modrinth.com/updates/fantasy-furniture/forge_updates.json
[28Aug2026 00:21:16.048] [Forge Version Check/INFO] [net.minecraftforge.fml.VersionChecker/]: [fantasyfurniture] Found status: UP_TO_DATE Current: 6.7.0 Target: null
[28Aug2026 00:21:16.048] [Forge Version Check/INFO] [net.minecraftforge.fml.VersionChecker/]: [majruszsenchantments] Starting version check at https://raw.githubusercontent.com/Majrusz/MinecraftCommon/main/Enchantments/update.json
[28Aug2026 00:21:16.056] [Forge Version Check/INFO] [net.minecraftforge.fml.VersionChecker/]: [majruszsenchantments] Found status: AHEAD Current: 1.10.7-backport.1 Target: null
[28Aug2026 00:21:16.056] [Forge Version Check/INFO] [net.minecraftforge.fml.VersionChecker/]: [overflowingbars] Starting version check at https://raw.githubusercontent.com/Fuzss/modresources/main/update/overflowingbars.json
[28Aug2026 00:21:16.064] [Forge Version Check/INFO] [net.minecraftforge.fml.VersionChecker/]: [overflowingbars] Found status: UP_TO_DATE Current: 4.0.1 Target: null
[28Aug2026 00:24:34.793] [Server thread/INFO] [net.minecraft.server.MinecraftServer/]: /advancement (grant|revoke)
[28Aug2026 00:24:34.794] [Server thread/INFO] [net.minecraft.server.MinecraftServer/]: /attribute <target> <attribute> (get|base|modifier)
[28Aug2026 00:24:34.794] [Server thread/INFO] [net.minecraft.server.MinecraftServer/]: /execute (run|if|unless|as|at|store|positioned|rotated|facing|align|anchored|in)
[28Aug2026 00:24:34.794] [Server thread/INFO] [net.minecraft.server.MinecraftServer/]: /bossbar (add|remove|list|set|get)
[28Aug2026 00:24:34.794] [Server thread/INFO] [net.minecraft.server.MinecraftServer/]: /clear [<targets>]
[28Aug2026 00:24:34.794] [Server thread/INFO] [net.minecraft.server.MinecraftServer/]: /clone <begin> <end> <destination> [replace|masked|filtered]
[28Aug2026 00:24:34.794] [Server thread/INFO] [net.minecraft.server.MinecraftServer/]: /data (merge|get|remove|modify)
[28Aug2026 00:24:34.794] [Server thread/INFO] [net.minecraft.server.MinecraftServer/]: /datapack (enable|disable|list)
[28Aug2026 00:24:34.794] [Server thread/INFO] [net.minecraft.server.MinecraftServer/]: /debug (start|stop|function)
[28Aug2026 00:24:34.794] [Server thread/INFO] [net.minecraft.server.MinecraftServer/]: /defaultgamemode (survival|creative|adventure|spectator)
[28Aug2026 00:24:34.795] [Server thread/INFO] [net.minecraft.server.MinecraftServer/]: /difficulty [peaceful|easy|normal|hard]
[28Aug2026 00:24:34.795] [Server thread/INFO] [net.minecraft.server.MinecraftServer/]: /effect (clear|give)
[28Aug2026 00:24:34.795] [Server thread/INFO] [net.minecraft.server.MinecraftServer/]: /me <action>
[28Aug2026 00:24:34.795] [Server thread/INFO] [net.minecraft.server.MinecraftServer/]: /enchant <targets> <enchantment> [<level>]
[28Aug2026 00:24:34.795] [Server thread/INFO] [net.minecraft.server.MinecraftServer/]: /experience (add|set|query)
[28Aug2026 00:24:34.795] [Server thread/INFO] [net.minecraft.server.MinecraftServer/]: /xp -> experience
[28Aug2026 00:24:34.796] [Server thread/INFO] [net.minecraft.server.MinecraftServer/]: /fill <from> <to> <block> [replace|keep|outline|hollow|destroy]
[28Aug2026 00:24:34.796] [Server thread/INFO] [net.minecraft.server.MinecraftServer/]: /forceload (add|remove|query)
[28Aug2026 00:24:34.796] [Server thread/INFO] [net.minecraft.server.MinecraftServer/]: /function <name>
[28Aug2026 00:24:34.796] [Server thread/INFO] [net.minecraft.server.MinecraftServer/]: /gamemode (survival|creative|adventure|spectator)
[28Aug2026 00:24:34.796] [Server thread/INFO] [net.minecraft.server.MinecraftServer/]: /gamerule (allowFlamebreathersSpawning|allowGraverisers|allowHauntersSpawning|allowKnightsSpawning|allowWraithSpawning|announceAdvancements|armedSkeletons|buildingDamage|buildingDebug|commandBlockOutput|disableElytraMovementCheck|disableRaids|doBigPutacGenerate|doDaylightCycle|doEndblobBounce|doEntityDrops|doFireTick|doGravesGenerate|doImmediateRespawn|doInsomnia|doLimitedCrafting|doMobLoot|doMobSpawning|doPatrolSpawning|doTileDrops|doTraderSpawning|doWardenSpawning|doWeatherCycle|drowningDamage|endblobShieldKnockbackForPlayers|fallDamage|fireDamage|floatingPouchCooldown|forgiveDeadPlayers|fragileBlocks|freezeDamage|jawsDamageLimit|keepInventory|logAdminCommands|maxCommandChainLength|maxEntityCramming|mobGriefing|naturalRegeneration|needTeleportationAnchor|playersSleepingPercentage|randomTickSpeed|reducedDebugInfo|royalCreeperSpawn|royalSkeletonSpawn|royalZombieSpawn|sendCommandFeedback|showDeathMessages|spawnRadius|spectatorsGenerateChunks|teleportationAnchorCooldown|tfEnforcedProgression|universalAnger)
[28Aug2026 00:24:34.796] [Server thread/INFO] [net.minecraft.server.MinecraftServer/]: /give <targets> <item> [<count>]
[28Aug2026 00:24:34.796] [Server thread/INFO] [net.minecraft.server.MinecraftServer/]: /help [<command>]
[28Aug2026 00:24:34.796] [Server thread/INFO] [net.minecraft.server.MinecraftServer/]: /item (replace|modify)
[28Aug2026 00:24:34.796] [Server thread/INFO] [net.minecraft.server.MinecraftServer/]: /kick <targets> [<reason>]
[28Aug2026 00:24:34.797] [Server thread/INFO] [net.minecraft.server.MinecraftServer/]: /kill [<targets>]
[28Aug2026 00:24:34.797] [Server thread/INFO] [net.minecraft.server.MinecraftServer/]: /list [uuids]
[28Aug2026 00:24:34.797] [Server thread/INFO] [net.minecraft.server.MinecraftServer/]: /locate (structure|biome|poi)
[28Aug2026 00:24:34.797] [Server thread/INFO] [net.minecraft.server.MinecraftServer/]: /loot (replace|insert|give|spawn)
[28Aug2026 00:24:34.797] [Server thread/INFO] [net.minecraft.server.MinecraftServer/]: /msg <targets> <message>
[28Aug2026 00:24:34.797] [Server thread/INFO] [net.minecraft.server.MinecraftServer/]: /tell -> msg
[28Aug2026 00:24:34.797] [Server thread/INFO] [net.minecraft.server.MinecraftServer/]: /w -> msg
[28Aug2026 00:24:34.797] [Server thread/INFO] [net.minecraft.server.MinecraftServer/]: /particle <name> [<pos>]
[28Aug2026 00:24:34.797] [Server thread/INFO] [net.minecraft.server.MinecraftServer/]: /place (feature|jigsaw|structure|template)
[28Aug2026 00:24:34.798] [Server thread/INFO] [net.minecraft.server.MinecraftServer/]: /playsound <sound> (master|music|record|weather|block|hostile|neutral|player|ambient|voice)
[28Aug2026 00:24:34.798] [Server thread/INFO] [net.minecraft.server.MinecraftServer/]: /reload
[28Aug2026 00:24:34.798] [Server thread/INFO] [net.minecraft.server.MinecraftServer/]: /recipe (give|take)
[28Aug2026 00:24:34.798] [Server thread/INFO] [net.minecraft.server.MinecraftServer/]: /say <message>
[28Aug2026 00:24:34.798] [Server thread/INFO] [net.minecraft.server.MinecraftServer/]: /schedule (function|clear)
[28Aug2026 00:24:34.798] [Server thread/INFO] [net.minecraft.server.MinecraftServer/]: /scoreboard (objectives|players)
[28Aug2026 00:24:34.798] [Server thread/INFO] [net.minecraft.server.MinecraftServer/]: /seed
[28Aug2026 00:24:34.798] [Server thread/INFO] [net.minecraft.server.MinecraftServer/]: /setblock <pos> <block> [destroy|keep|replace]
[28Aug2026 00:24:34.798] [Server thread/INFO] [net.minecraft.server.MinecraftServer/]: /spawnpoint [<targets>]
[28Aug2026 00:24:34.799] [Server thread/INFO] [net.minecraft.server.MinecraftServer/]: /setworldspawn [<pos>]
[28Aug2026 00:24:34.799] [Server thread/INFO] [net.minecraft.server.MinecraftServer/]: /spectate [<target>]
[28Aug2026 00:24:34.799] [Server thread/INFO] [net.minecraft.server.MinecraftServer/]: /spreadplayers <center> <spreadDistance> <maxRange> (<respectTeams>|under)
[28Aug2026 00:24:34.799] [Server thread/INFO] [net.minecraft.server.MinecraftServer/]: /stopsound <targets> [*|master|music|record|weather|block|hostile|neutral|player|ambient|voice]
[28Aug2026 00:24:34.799] [Server thread/INFO] [net.minecraft.server.MinecraftServer/]: /summon <entity> [<pos>]
[28Aug2026 00:24:34.799] [Server thread/INFO] [net.minecraft.server.MinecraftServer/]: /tag <targets> (add|remove|list)
[28Aug2026 00:24:34.799] [Server thread/INFO] [net.minecraft.server.MinecraftServer/]: /team (list|add|remove|empty|join|leave|modify)
[28Aug2026 00:24:34.799] [Server thread/INFO] [net.minecraft.server.MinecraftServer/]: /teammsg <message>
[28Aug2026 00:24:34.799] [Server thread/INFO] [net.minecraft.server.MinecraftServer/]: /tm -> teammsg
[28Aug2026 00:24:34.799] [Server thread/INFO] [net.minecraft.server.MinecraftServer/]: /teleport (<location>|<destination>|<targets>)
[28Aug2026 00:24:34.800] [Server thread/INFO] [net.minecraft.server.MinecraftServer/]: /tp -> teleport
[28Aug2026 00:24:34.800] [Server thread/INFO] [net.minecraft.server.MinecraftServer/]: /tellraw <targets> <message>
[28Aug2026 00:24:34.800] [Server thread/INFO] [net.minecraft.server.MinecraftServer/]: /time (set|add|query)
[28Aug2026 00:24:34.800] [Server thread/INFO] [net.minecraft.server.MinecraftServer/]: /title <targets> (clear|reset|title|subtitle|actionbar|times)
[28Aug2026 00:24:34.800] [Server thread/INFO] [net.minecraft.server.MinecraftServer/]: /trigger <objective> [add|set]
[28Aug2026 00:24:34.800] [Server thread/INFO] [net.minecraft.server.MinecraftServer/]: /weather (clear|rain|thunder)
[28Aug2026 00:24:34.800] [Server thread/INFO] [net.minecraft.server.MinecraftServer/]: /worldborder (add|set|center|damage|get|warning)
[28Aug2026 00:24:34.800] [Server thread/INFO] [net.minecraft.server.MinecraftServer/]: /jfr (start|stop)
[28Aug2026 00:24:34.800] [Server thread/INFO] [net.minecraft.server.MinecraftServer/]: /ban-ip <target> [<reason>]
[28Aug2026 00:24:34.800] [Server thread/INFO] [net.minecraft.server.MinecraftServer/]: /banlist [ips|players]
[28Aug2026 00:24:34.800] [Server thread/INFO] [net.minecraft.server.MinecraftServer/]: /ban <targets> [<reason>]
[28Aug2026 00:24:34.800] [Server thread/INFO] [net.minecraft.server.MinecraftServer/]: /deop <targets>
[28Aug2026 00:24:34.800] [Server thread/INFO] [net.minecraft.server.MinecraftServer/]: /op <targets>
[28Aug2026 00:24:34.800] [Server thread/INFO] [net.minecraft.server.MinecraftServer/]: /pardon <targets>
[28Aug2026 00:24:34.800] [Server thread/INFO] [net.minecraft.server.MinecraftServer/]: /pardon-ip <target>
[28Aug2026 00:24:34.800] [Server thread/INFO] [net.minecraft.server.MinecraftServer/]: /perf (start|stop)
[28Aug2026 00:24:34.801] [Server thread/INFO] [net.minecraft.server.MinecraftServer/]: /save-all [flush]
[28Aug2026 00:24:34.801] [Server thread/INFO] [net.minecraft.server.MinecraftServer/]: /save-off
[28Aug2026 00:24:34.801] [Server thread/INFO] [net.minecraft.server.MinecraftServer/]: /save-on
[28Aug2026 00:24:34.801] [Server thread/INFO] [net.minecraft.server.MinecraftServer/]: /setidletimeout <minutes>
[28Aug2026 00:24:34.801] [Server thread/INFO] [net.minecraft.server.MinecraftServer/]: /stop
[28Aug2026 00:24:34.801] [Server thread/INFO] [net.minecraft.server.MinecraftServer/]: /whitelist (on|off|list|add|remove|reload)
[28Aug2026 00:24:34.801] [Server thread/INFO] [net.minecraft.server.MinecraftServer/]: /ftblibrary (gamemode|rain|day|night|nbtedit|generate_loot_tables)
[28Aug2026 00:24:34.801] [Server thread/INFO] [net.minecraft.server.MinecraftServer/]: /ftbteams (party|server|msg|info|list|force-disband)
[28Aug2026 00:24:34.801] [Server thread/INFO] [net.minecraft.server.MinecraftServer/]: /ftbranks (reload|refresh_readme|list_all_ranks|create|delete|add|remove|list_ranks_of|list_players_with|node|condition|show_rank)
[28Aug2026 00:24:34.801] [Server thread/INFO] [net.minecraft.server.MinecraftServer/]: /ftbquests (editing_mode|locked|delete_empty_reward_tables|change_progress|export_reward_table_to_chest|import_reward_table_from_chest|generate_chapter_with_all_items_in_game|reload|block_rewards|open_book)
[28Aug2026 00:24:34.801] [Server thread/INFO] [net.minecraft.server.MinecraftServer/]: /kubejs (help|custom_command|hand|offhand|inventory|hotbar|errors|warnings|reload|export|list_tag|dump_registry|stages|painter|packmode|dump_internals|persistent_data)
[28Aug2026 00:24:34.801] [Server thread/INFO] [net.minecraft.server.MinecraftServer/]: /kjs -> kubejs
[28Aug2026 00:24:34.801] [Server thread/INFO] [net.minecraft.server.MinecraftServer/]: /backup <command> [<name>]
[28Aug2026 00:24:34.801] [Server thread/INFO] [net.minecraft.server.MinecraftServer/]: /ftbchunks (claim|unclaim|load|unload|unclaim_all|unload_all|info|admin|waypoint)
[28Aug2026 00:24:34.801] [Server thread/INFO] [net.minecraft.server.MinecraftServer/]: /chunks -> ftbchunks
[28Aug2026 00:24:34.801] [Server thread/INFO] [net.minecraft.server.MinecraftServer/]: /modernfix upgradeStructures
[28Aug2026 00:24:34.801] [Server thread/INFO] [net.minecraft.server.MinecraftServer/]: /mfsrc
[28Aug2026 00:24:34.802] [Server thread/INFO] [net.minecraft.server.MinecraftServer/]: /end_island reset
[28Aug2026 00:24:34.802] [Server thread/INFO] [net.minecraft.server.MinecraftServer/]: /tt_reload
[28Aug2026 00:24:34.802] [Server thread/INFO] [net.minecraft.server.MinecraftServer/]: /dimensiontitle <dimension>
[28Aug2026 00:24:34.802] [Server thread/INFO] [net.minecraft.server.MinecraftServer/]: /biometitle <biome>
[28Aug2026 00:24:34.802] [Server thread/INFO] [net.minecraft.server.MinecraftServer/]: /open_gateway (<pos>|<entity>)
[28Aug2026 00:24:34.802] [Server thread/INFO] [net.minecraft.server.MinecraftServer/]: /apoth (loot_rarity|loot_category|lootify|modifier|gem|set_sockets|spawn_boss)
[28Aug2026 00:24:34.802] [Server thread/INFO] [net.minecraft.server.MinecraftServer/]: /power (grant|revoke|revokeall|list|has|sources|remove|clear|dump|condition)
[28Aug2026 00:24:34.802] [Server thread/INFO] [net.minecraft.server.MinecraftServer/]: /resource (has|get|set|change|operation)
[28Aug2026 00:24:34.802] [Server thread/INFO] [net.minecraft.server.MinecraftServer/]: /autoleveling level add <value>
[28Aug2026 00:24:34.802] [Server thread/INFO] [net.minecraft.server.MinecraftServer/]: /solapplepie (sync|clear|diversity|resetOrigin|resetAllOrigins)
[28Aug2026 00:24:34.802] [Server thread/INFO] [net.minecraft.server.MinecraftServer/]: /structure_gel (savestructures|getspawns|getstructures|getbiomes|viewbounds|building_tool|distance)
[28Aug2026 00:24:34.803] [Server thread/INFO] [net.minecraft.server.MinecraftServer/]: /servercore (config|settings|status)
[28Aug2026 00:24:34.803] [Server thread/INFO] [net.minecraft.server.MinecraftServer/]: /sc -> servercore
[28Aug2026 00:24:34.803] [Server thread/INFO] [net.minecraft.server.MinecraftServer/]: /statistics [entities|block-entities]
[28Aug2026 00:24:34.803] [Server thread/INFO] [net.minecraft.server.MinecraftServer/]: /mobcaps
[28Aug2026 00:24:34.803] [Server thread/INFO] [net.minecraft.server.MinecraftServer/]: /curios (list|replace|set|add|remove|clear|drop|reset)
[28Aug2026 00:24:34.803] [Server thread/INFO] [net.minecraft.server.MinecraftServer/]: /gamestage [add|remove|info|clear|all|reload|check|<name>|<entities>]
[28Aug2026 00:24:34.803] [Server thread/INFO] [net.minecraft.server.MinecraftServer/]: /origin (set|has|get|gui|random)
[28Aug2026 00:24:34.803] [Server thread/INFO] [net.minecraft.server.MinecraftServer/]: /manabartoggle
[28Aug2026 00:24:34.803] [Server thread/INFO] [net.minecraft.server.MinecraftServer/]: /scale (<operation>|randomize|get|compute|reset|modifier|delay|easing|persist|nbt|debug)
[28Aug2026 00:24:34.803] [Server thread/INFO] [net.minecraft.server.MinecraftServer/]: /icl [forceclean|reload|cancel|config]
[28Aug2026 00:24:34.804] [Server thread/INFO] [net.minecraft.server.MinecraftServer/]: /forge (tps|track|entity|generate|dimensions|mods|tags)
[28Aug2026 00:24:34.804] [Server thread/INFO] [net.minecraft.server.MinecraftServer/]: /config showfile <mod> <type>
[28Aug2026 00:24:34.804] [Server thread/INFO] [net.minecraft.server.MinecraftServer/]: /feclass <entClass>
[28Aug2026 00:24:34.804] [Server thread/INFO] [net.minecraft.server.MinecraftServer/]: /spawninfernal <x> <y> <z> <entClass> <modifiers>
[28Aug2026 00:24:34.804] [Server thread/INFO] [net.minecraft.server.MinecraftServer/]: /ie (mineral|clearshaders)
[28Aug2026 00:24:34.804] [Server thread/INFO] [net.minecraft.server.MinecraftServer/]: /lootr [barrel|trapped_chest|chest|shulker|clear|cart|custom|open_as|open_as_uuid|id|refresh|decay|openers]
[28Aug2026 00:24:34.804] [Server thread/INFO] [net.minecraft.server.MinecraftServer/]: /structurize (scan|paste|pasteFolder|DO)
[28Aug2026 00:24:34.804] [Server thread/INFO] [net.minecraft.server.MinecraftServer/]: /corgilib worldRegistryExport [<With comments?>]
[28Aug2026 00:24:34.804] [Server thread/INFO] [net.minecraft.server.MinecraftServer/]: /ct (block_info|conflicts|ctgui|discord|docs|dump|dump_brackets|entity_info|examples|give|hand|help|inventory|issues|log|mods|patreon|recipes|reload|scripts|syntax|wiki)
[28Aug2026 00:24:34.805] [Server thread/INFO] [net.minecraft.server.MinecraftServer/]: /crafttweaker -> ct
[28Aug2026 00:24:34.805] [Server thread/INFO] [net.minecraft.server.MinecraftServer/]: /blue_skies (refresh_supporters|set_progression|weather|set_lore_used|get_mob_caps)
[28Aug2026 00:24:34.805] [Server thread/INFO] [net.minecraft.server.MinecraftServer/]: /byg config (reload|update)
[28Aug2026 00:24:34.805] [Server thread/INFO] [net.minecraft.server.MinecraftServer/]: /aether (time|eternal_day|player|sun_altar_whitelist)
[28Aug2026 00:24:34.805] [Server thread/INFO] [net.minecraft.server.MinecraftServer/]: /connectivity (packetsSummary|packetsAllPlayers|packetsPlayer|packetsClient)
[28Aug2026 00:24:34.805] [Server thread/INFO] [net.minecraft.server.MinecraftServer/]: /structureessentials (getBiomeTags|getBiomesForTag|getStructuresNearby|getSimilarForBiome)
[28Aug2026 00:24:34.806] [Server thread/INFO] [net.minecraft.server.MinecraftServer/]: /placebo serialize_loot_table <loot_table>
[28Aug2026 00:24:34.806] [Server thread/INFO] [net.minecraft.server.MinecraftServer/]: /bookshelf (font|hand)
[28Aug2026 00:24:34.806] [Server thread/INFO] [net.minecraft.server.MinecraftServer/]: /sbp (list|give|removeNonPlayer)
[28Aug2026 00:24:34.806] [Server thread/INFO] [net.minecraft.server.MinecraftServer/]: /sophisticatedbackpacks -> sbp
[28Aug2026 00:24:34.806] [Server thread/INFO] [net.minecraft.server.MinecraftServer/]: /relics (config|maximize|minimize|level|experience|points|ability)
[28Aug2026 00:24:34.807] [Server thread/INFO] [net.minecraft.server.MinecraftServer/]: /progressivebosses (difficulty|summon)
[28Aug2026 00:24:34.807] [Server thread/INFO] [net.minecraft.server.MinecraftServer/]: /carryon (debug|clear|place)
[28Aug2026 00:24:34.807] [Server thread/INFO] [net.minecraft.server.MinecraftServer/]: /twilightforest (center|conquer|info|biomepng|shield)
[28Aug2026 00:24:34.807] [Server thread/INFO] [net.minecraft.server.MinecraftServer/]: /tf -> twilightforest
[28Aug2026 00:24:34.807] [Server thread/INFO] [net.minecraft.server.MinecraftServer/]: /tffeature -> twilightforest
[28Aug2026 00:24:34.807] [Server thread/INFO] [net.minecraft.server.MinecraftServer/]: /ars-reset [<targets>]
[28Aug2026 00:24:34.807] [Server thread/INFO] [net.minecraft.server.MinecraftServer/]: /ars-data dump augment-compatibility-csv
[28Aug2026 00:24:34.807] [Server thread/INFO] [net.minecraft.server.MinecraftServer/]: /ars-pathing
[28Aug2026 00:24:34.807] [Server thread/INFO] [net.minecraft.server.MinecraftServer/]: /ars-light (on|off)
[28Aug2026 00:24:34.807] [Server thread/INFO] [net.minecraft.server.MinecraftServer/]: /ars-tome <tome>
[28Aug2026 00:24:34.807] [Server thread/INFO] [net.minecraft.server.MinecraftServer/]: /ars-skull <player_name> <duration> <nbt> <dropBlock>
[28Aug2026 00:24:34.807] [Server thread/INFO] [net.minecraft.server.MinecraftServer/]: /haveadv <advancement>
[28Aug2026 00:24:34.808] [Server thread/INFO] [net.minecraft.server.MinecraftServer/]: /home [<name>]
[28Aug2026 00:24:34.808] [Server thread/INFO] [net.minecraft.server.MinecraftServer/]: /sethome [<name>]
[28Aug2026 00:24:34.808] [Server thread/INFO] [net.minecraft.server.MinecraftServer/]: /delhome [<name>]
[28Aug2026 00:24:34.808] [Server thread/INFO] [net.minecraft.server.MinecraftServer/]: /listhomes [<player>]
[28Aug2026 00:24:34.808] [Server thread/INFO] [net.minecraft.server.MinecraftServer/]: /warp <name>
[28Aug2026 00:24:34.808] [Server thread/INFO] [net.minecraft.server.MinecraftServer/]: /setwarp <name>
[28Aug2026 00:24:34.808] [Server thread/INFO] [net.minecraft.server.MinecraftServer/]: /delwarp <name>
[28Aug2026 00:24:34.808] [Server thread/INFO] [net.minecraft.server.MinecraftServer/]: /listwarps
[28Aug2026 00:24:34.808] [Server thread/INFO] [net.minecraft.server.MinecraftServer/]: /back
[28Aug2026 00:24:34.808] [Server thread/INFO] [net.minecraft.server.MinecraftServer/]: /spawn
[28Aug2026 00:24:34.808] [Server thread/INFO] [net.minecraft.server.MinecraftServer/]: /rtp
[28Aug2026 00:24:34.808] [Server thread/INFO] [net.minecraft.server.MinecraftServer/]: /teleport_last <player>
[28Aug2026 00:24:34.809] [Server thread/INFO] [net.minecraft.server.MinecraftServer/]: /tpx <dimension>
[28Aug2026 00:24:34.809] [Server thread/INFO] [net.minecraft.server.MinecraftServer/]: /tpa <target>
[28Aug2026 00:24:34.809] [Server thread/INFO] [net.minecraft.server.MinecraftServer/]: /tpahere <target>
[28Aug2026 00:24:34.809] [Server thread/INFO] [net.minecraft.server.MinecraftServer/]: /tpaccept <id>
[28Aug2026 00:24:34.809] [Server thread/INFO] [net.minecraft.server.MinecraftServer/]: /tpdeny <id>
[28Aug2026 00:24:34.809] [Server thread/INFO] [net.minecraft.server.MinecraftServer/]: /heal [<player>]
[28Aug2026 00:24:34.809] [Server thread/INFO] [net.minecraft.server.MinecraftServer/]: /fly [<player>]
[28Aug2026 00:24:34.809] [Server thread/INFO] [net.minecraft.server.MinecraftServer/]: /god [<player>]
[28Aug2026 00:24:34.810] [Server thread/INFO] [net.minecraft.server.MinecraftServer/]: /invsee <player>
[28Aug2026 00:24:34.810] [Server thread/INFO] [net.minecraft.server.MinecraftServer/]: /nicknamefor <player> [<nickname>]
[28Aug2026 00:24:34.810] [Server thread/INFO] [net.minecraft.server.MinecraftServer/]: /mute <player>
[28Aug2026 00:24:34.810] [Server thread/INFO] [net.minecraft.server.MinecraftServer/]: /unmute <player>
[28Aug2026 00:24:34.810] [Server thread/INFO] [net.minecraft.server.MinecraftServer/]: /kickme
[28Aug2026 00:24:34.810] [Server thread/INFO] [net.minecraft.server.MinecraftServer/]: /trashcan
[28Aug2026 00:24:34.810] [Server thread/INFO] [net.minecraft.server.MinecraftServer/]: /enderchest [<player>]
[28Aug2026 00:24:34.811] [Server thread/INFO] [net.minecraft.server.MinecraftServer/]: /leaderboard (deaths|time_played|deaths_per_hour|player_kills|mob_kills|damage_dealt|jumps|distance_walked|time_since_death)
[28Aug2026 00:24:34.811] [Server thread/INFO] [net.minecraft.server.MinecraftServer/]: /recording
[28Aug2026 00:24:34.811] [Server thread/INFO] [net.minecraft.server.MinecraftServer/]: /streaming
[28Aug2026 00:24:34.811] [Server thread/INFO] [net.minecraft.server.MinecraftServer/]: /hat
[28Aug2026 00:24:34.811] [Server thread/INFO] [net.minecraft.server.MinecraftServer/]: /nickname [<nickname>]
[28Aug2026 00:24:34.811] [Server thread/INFO] [net.minecraft.server.MinecraftServer/]: /powerlevel (query|set)
[28Aug2026 00:24:34.812] [Server thread/INFO] [net.minecraft.server.MinecraftServer/]: /obscure (reload|assign)
[28Aug2026 00:24:34.812] [Server thread/INFO] [net.minecraft.server.MinecraftServer/]: /railways (split_train|train_uuid)
[28Aug2026 00:24:34.812] [Server thread/INFO] [net.minecraft.server.MinecraftServer/]: /snr (split_train|train_uuid)
[28Aug2026 00:24:34.812] [Server thread/INFO] [net.minecraft.server.MinecraftServer/]: /radiation <amount> <target>
[28Aug2026 00:24:34.812] [Server thread/INFO] [net.minecraft.server.MinecraftServer/]: /endweather (<oozerain>|<clear>)
[28Aug2026 00:24:34.812] [Server thread/INFO] [net.minecraft.server.MinecraftServer/]: /eedebug
[28Aug2026 00:24:34.813] [Server thread/INFO] [net.minecraft.server.MinecraftServer/]: /create (rainbowDebug|overlay|trains|fixLighting|debuginfo|highlight|killTrain|passenger|coupling|config|ponder|clone|glue|util|u)
[28Aug2026 00:24:34.813] [Server thread/INFO] [net.minecraft.server.MinecraftServer/]: /c (rainbowDebug|overlay|trains|fixLighting|debuginfo|highlight|killTrain|passenger|coupling|config|ponder|clone|glue|util|u)
[28Aug2026 00:24:34.813] [Server thread/INFO] [net.minecraft.server.MinecraftServer/]: /skilltree (reset|points)
[28Aug2026 00:24:34.813] [Server thread/INFO] [net.minecraft.server.MinecraftServer/]: /brutalbosses spawnboss [<bossID>]
[28Aug2026 00:24:34.813] [Server thread/INFO] [net.minecraft.server.MinecraftServer/]: /supplementaries (globe|reload|configs|roll|cage|record)
[28Aug2026 00:24:34.813] [Server thread/INFO] [net.minecraft.server.MinecraftServer/]: /closeguiscreen [<target_players>]
[28Aug2026 00:24:34.814] [Server thread/INFO] [net.minecraft.server.MinecraftServer/]: /openguiscreen <screen_identifier> [<target_players>]
[28Aug2026 00:24:34.814] [Server thread/INFO] [net.minecraft.server.MinecraftServer/]: /fmvariable (get|set)
[28Aug2026 00:24:34.814] [Server thread/INFO] [net.minecraft.server.MinecraftServer/]: /fmlayout <layout_name> <is_layout_enabled> [<target_players>]
[28Aug2026 00:24:34.814] [Server thread/INFO] [net.minecraft.server.MinecraftServer/]: /createScroll <spell> <level>
[28Aug2026 00:24:34.814] [Server thread/INFO] [net.minecraft.server.MinecraftServer/]: /createSpellBook <slots> [randomize]
[28Aug2026 00:24:34.815] [Server thread/INFO] [net.minecraft.server.MinecraftServer/]: /createImbuedSword <item> <spell> <level>
[28Aug2026 00:24:34.815] [Server thread/INFO] [net.minecraft.server.MinecraftServer/]: /createDebugWizard <spell> <spellLevel> <targetsPlayer> <cancelAfterTicks>
[28Aug2026 00:24:34.815] [Server thread/INFO] [net.minecraft.server.MinecraftServer/]: /cast <casters> <spell> [<level>|<function value>]
[28Aug2026 00:24:34.815] [Server thread/INFO] [net.minecraft.server.MinecraftServer/]: /mana (set|add|get)
[28Aug2026 00:24:34.815] [Server thread/INFO] [net.minecraft.server.MinecraftServer/]: /modlist
[28Aug2026 00:24:34.815] [Server thread/INFO] [net.minecraft.server.MinecraftServer/]: /learnSpell (forget|learn)
[28Aug2026 00:24:34.816] [Server thread/INFO] [net.minecraft.server.MinecraftServer/]: /clearCooldowns [all|player]
[28Aug2026 00:24:34.816] [Server thread/INFO] [net.minecraft.server.MinecraftServer/]: /clearRecasts (all|player)
[28Aug2026 00:24:34.816] [Server thread/INFO] [net.minecraft.server.MinecraftServer/]: /cca_api
[28Aug2026 00:24:34.816] [Server thread/INFO] [net.minecraft.server.MinecraftServer/]: /deathhistory (<player>|<player_uuid>)
[28Aug2026 00:24:34.816] [Server thread/INFO] [net.minecraft.server.MinecraftServer/]: /voicechat [help|test|invite|join|leave]
[28Aug2026 00:24:34.817] [Server thread/INFO] [net.minecraft.server.MinecraftServer/]: /polymorph conflicts
[28Aug2026 00:24:34.817] [Server thread/INFO] [net.minecraft.server.MinecraftServer/]: /incontrol (debug|kill|reload|showmobs|showstats|clearstats|list|info|days|phases)
[28Aug2026 00:24:34.817] [Server thread/INFO] [net.minecraft.server.MinecraftServer/]: /ctrl -> incontrol
[28Aug2026 00:24:34.818] [Server thread/INFO] [net.minecraft.server.MinecraftServer/]: /open-patchouli-book <targets> <book> [<entry>]
[28Aug2026 00:24:34.818] [Server thread/INFO] [net.minecraft.server.MinecraftServer/]: /bloodmoon (start|stop)
[28Aug2026 00:24:34.818] [Server thread/INFO] [net.minecraft.server.MinecraftServer/]: /summongroup <name>
[28Aug2026 00:24:34.818] [Server thread/INFO] [net.minecraft.server.MinecraftServer/]: /gamestate [<name>|<entities>]
[28Aug2026 00:24:34.818] [Server thread/INFO] [net.minecraft.server.MinecraftServer/]: /treasurebag (reset|unlockall)
[28Aug2026 00:24:34.818] [Server thread/INFO] [net.minecraft.server.MinecraftServer/]: /undeadarmy (start|listall|progress|highlight|killall|stop)
[28Aug2026 00:24:34.819] [Server thread/INFO] [net.minecraft.server.MinecraftServer/]: /accessory create <entity> <id> [<count>]
[28Aug2026 00:24:34.819] [Server thread/INFO] [net.minecraft.server.MinecraftServer/]: /wp [help|dim|marker|region]
[28Aug2026 00:24:34.819] [Server thread/INFO] [net.minecraft.server.MinecraftServer/]: /lmd (reload|add|remove)
[28Aug2026 00:24:39.986] [Server thread/INFO] [net.minecraft.server.MinecraftServer/]: Stopping the server
[28Aug2026 00:24:40.044] [Server thread/INFO] [net.creeperhost.ftbbackups.FTBBackups/]: Shutdown Complete
[28Aug2026 00:24:40.045] [Server thread/INFO] [ICL/]: ICL stopped
[28Aug2026 00:24:40.048] [Server thread/INFO] [net.minecraft.server.MinecraftServer/]: Stopping server
[28Aug2026 00:24:40.049] [Server thread/INFO] [net.minecraft.server.MinecraftServer/]: Saving players
[28Aug2026 00:24:40.049] [Server thread/INFO] [net.minecraft.server.MinecraftServer/]: Saving worlds
[28Aug2026 00:24:40.101] [Server thread/INFO] [net.minecraft.server.MinecraftServer/]: Saving chunks for level 'ServerLevel[world]'/minecraft:overworld
[28Aug2026 00:24:40.137] [Server thread/INFO] [net.minecraft.server.MinecraftServer/]: Saving chunks for level 'ServerLevel[world]'/aether:the_aether
[28Aug2026 00:24:40.141] [Server thread/INFO] [net.minecraft.server.MinecraftServer/]: Saving chunks for level 'ServerLevel[world]'/minecraft:the_end
[28Aug2026 00:24:40.144] [Server thread/INFO] [net.minecraft.server.MinecraftServer/]: Saving chunks for level 'ServerLevel[world]'/blue_skies:everdawn
[28Aug2026 00:24:40.147] [Server thread/INFO] [net.minecraft.server.MinecraftServer/]: Saving chunks for level 'ServerLevel[world]'/minecraft:the_nether
[28Aug2026 00:24:40.149] [Server thread/INFO] [net.minecraft.server.MinecraftServer/]: Saving chunks for level 'ServerLevel[world]'/blue_skies:everbright
[28Aug2026 00:24:40.154] [Server thread/INFO] [net.minecraft.server.MinecraftServer/]: Saving chunks for level 'ServerLevel[world]'/twilightforest:twilight_forest
[28Aug2026 00:24:40.155] [Server thread/INFO] [net.minecraft.server.MinecraftServer/]: Saving chunks for level 'ServerLevel[world]'/deeperdarker:otherside
[28Aug2026 00:24:40.365] [Server thread/INFO] [net.minecraft.server.MinecraftServer/]: ThreadedAnvilChunkStorage (world): All chunks are saved
[28Aug2026 00:24:40.366] [Server thread/INFO] [net.minecraft.server.MinecraftServer/]: ThreadedAnvilChunkStorage (the_aether): All chunks are saved
[28Aug2026 00:24:40.366] [Server thread/INFO] [net.minecraft.server.MinecraftServer/]: ThreadedAnvilChunkStorage (DIM1): All chunks are saved
[28Aug2026 00:24:40.366] [Server thread/INFO] [net.minecraft.server.MinecraftServer/]: ThreadedAnvilChunkStorage (everdawn): All chunks are saved
[28Aug2026 00:24:40.366] [Server thread/INFO] [net.minecraft.server.MinecraftServer/]: ThreadedAnvilChunkStorage (DIM-1): All chunks are saved
[28Aug2026 00:24:40.366] [Server thread/INFO] [net.minecraft.server.MinecraftServer/]: ThreadedAnvilChunkStorage (everbright): All chunks are saved
[28Aug2026 00:24:40.366] [Server thread/INFO] [net.minecraft.server.MinecraftServer/]: ThreadedAnvilChunkStorage (twilight_forest): All chunks are saved
[28Aug2026 00:24:40.366] [Server thread/INFO] [net.minecraft.server.MinecraftServer/]: ThreadedAnvilChunkStorage (otherside): All chunks are saved
[28Aug2026 00:24:40.366] [Server thread/INFO] [net.minecraft.server.MinecraftServer/]: ThreadedAnvilChunkStorage: All dimensions are saved
[28Aug2026 00:24:40.393] [Server thread/INFO] [FTB Chunks/]: Shutting down map thread
[28Aug2026 00:24:40.396] [Server thread/INFO] [Calio/]: Removing Dynamic Registries for: net.minecraft.server.dedicated.DedicatedServer@283afa04
[28Aug2026 00:24:40.397] [Server thread/INFO] [configured/]: Unloading server configs...
[28Aug2026 00:24:40.398] [Server thread/INFO] [configured/]: Sending config unload event for configured.developer.toml
[28Aug2026 00:24:40.399] [Server thread/ERROR] [fuzs.nightconfigfixes.config.CheckedConfigFileTypeHandler/]: Failed to remove config /workspaces/otro/servidor_minecraft/config/oriacs-server.toml from tracker!
java.lang.NullPointerException: Cannot read field "watchedFileCount" because "watchedDir" is null
	at com.electronwill.nightconfig.core.file.FileWatcher.removeWatch(FileWatcher.java:134) ~[core-3.6.4.jar%2356!/:?]
	at fuzs.nightconfigfixes.config.CheckedConfigFileTypeHandler.unload(CheckedConfigFileTypeHandler.java:137) ~[NightConfigFixes-v4.0.7-1.19.2-Forge.jar%23616!/:4.0.7]
	at net.minecraftforge.fml.config.ConfigTracker.closeConfig(ConfigTracker.java:70) ~[fmlcore-1.19.2-43.4.2.jar%23718!/:?]
	at net.minecraftforge.fml.config.ConfigTracker.lambda$unloadConfigs$2(ConfigTracker.java:55) ~[fmlcore-1.19.2-43.4.2.jar%23718!/:?]
	at java.lang.Iterable.forEach(Iterable.java:75) ~[?:?]
	at java.util.Collections$SynchronizedCollection.forEach(Collections.java:2132) ~[?:?]
	at net.minecraftforge.fml.config.ConfigTracker.unloadConfigs(ConfigTracker.java:55) ~[fmlcore-1.19.2-43.4.2.jar%23718!/:?]
	at net.minecraftforge.server.ServerLifecycleHooks.handleServerStopped(ServerLifecycleHooks.java:137) ~[forge-1.19.2-43.4.2-universal.jar%23722!/:?]
	at net.minecraft.server.MinecraftServer.m_130011_(MinecraftServer.java:690) ~[server-1.19.2-20220805.130853-srg.jar%23717!/:?]
	at net.minecraft.server.MinecraftServer.m_206580_(MinecraftServer.java:244) ~[server-1.19.2-20220805.130853-srg.jar%23717!/:?]
	at java.lang.Thread.run(Thread.java:840) [?:?]
[28Aug2026 00:24:40.399] [Server thread/ERROR] [fuzs.nightconfigfixes.config.CheckedConfigFileTypeHandler/]: Failed to remove config /workspaces/otro/servidor_minecraft/config/apoli-server.toml from tracker!
java.lang.NullPointerException: Cannot read field "watchedFileCount" because "watchedDir" is null
	at com.electronwill.nightconfig.core.file.FileWatcher.removeWatch(FileWatcher.java:134) ~[core-3.6.4.jar%2356!/:?]
	at fuzs.nightconfigfixes.config.CheckedConfigFileTypeHandler.unload(CheckedConfigFileTypeHandler.java:137) ~[NightConfigFixes-v4.0.7-1.19.2-Forge.jar%23616!/:4.0.7]
	at net.minecraftforge.fml.config.ConfigTracker.closeConfig(ConfigTracker.java:70) ~[fmlcore-1.19.2-43.4.2.jar%23718!/:?]
	at net.minecraftforge.fml.config.ConfigTracker.lambda$unloadConfigs$2(ConfigTracker.java:55) ~[fmlcore-1.19.2-43.4.2.jar%23718!/:?]
	at java.lang.Iterable.forEach(Iterable.java:75) ~[?:?]
	at java.util.Collections$SynchronizedCollection.forEach(Collections.java:2132) ~[?:?]
	at net.minecraftforge.fml.config.ConfigTracker.unloadConfigs(ConfigTracker.java:55) ~[fmlcore-1.19.2-43.4.2.jar%23718!/:?]
	at net.minecraftforge.server.ServerLifecycleHooks.handleServerStopped(ServerLifecycleHooks.java:137) ~[forge-1.19.2-43.4.2-universal.jar%23722!/:?]
	at net.minecraft.server.MinecraftServer.m_130011_(MinecraftServer.java:690) ~[server-1.19.2-20220805.130853-srg.jar%23717!/:?]
	at net.minecraft.server.MinecraftServer.m_206580_(MinecraftServer.java:244) ~[server-1.19.2-20220805.130853-srg.jar%23717!/:?]
	at java.lang.Thread.run(Thread.java:840) [?:?]
[28Aug2026 00:24:40.400] [Server thread/ERROR] [fuzs.nightconfigfixes.config.CheckedConfigFileTypeHandler/]: Failed to remove config /workspaces/otro/servidor_minecraft/config/upgradednetherite_items-server.toml from tracker!
java.lang.NullPointerException: Cannot read field "watchedFileCount" because "watchedDir" is null
	at com.electronwill.nightconfig.core.file.FileWatcher.removeWatch(FileWatcher.java:134) ~[core-3.6.4.jar%2356!/:?]
	at fuzs.nightconfigfixes.config.CheckedConfigFileTypeHandler.unload(CheckedConfigFileTypeHandler.java:137) ~[NightConfigFixes-v4.0.7-1.19.2-Forge.jar%23616!/:4.0.7]
	at net.minecraftforge.fml.config.ConfigTracker.closeConfig(ConfigTracker.java:70) ~[fmlcore-1.19.2-43.4.2.jar%23718!/:?]
	at net.minecraftforge.fml.config.ConfigTracker.lambda$unloadConfigs$2(ConfigTracker.java:55) ~[fmlcore-1.19.2-43.4.2.jar%23718!/:?]
	at java.lang.Iterable.forEach(Iterable.java:75) ~[?:?]
	at java.util.Collections$SynchronizedCollection.forEach(Collections.java:2132) ~[?:?]
	at net.minecraftforge.fml.config.ConfigTracker.unloadConfigs(ConfigTracker.java:55) ~[fmlcore-1.19.2-43.4.2.jar%23718!/:?]
	at net.minecraftforge.server.ServerLifecycleHooks.handleServerStopped(ServerLifecycleHooks.java:137) ~[forge-1.19.2-43.4.2-universal.jar%23722!/:?]
	at net.minecraft.server.MinecraftServer.m_130011_(MinecraftServer.java:690) ~[server-1.19.2-20220805.130853-srg.jar%23717!/:?]
	at net.minecraft.server.MinecraftServer.m_206580_(MinecraftServer.java:244) ~[server-1.19.2-20220805.130853-srg.jar%23717!/:?]
	at java.lang.Thread.run(Thread.java:840) [?:?]
[28Aug2026 00:24:40.401] [Server thread/ERROR] [fuzs.nightconfigfixes.config.CheckedConfigFileTypeHandler/]: Failed to remove config /workspaces/otro/servidor_minecraft/config/upgradednetherite-server.toml from tracker!
java.lang.NullPointerException: Cannot read field "watchedFileCount" because "watchedDir" is null
	at com.electronwill.nightconfig.core.file.FileWatcher.removeWatch(FileWatcher.java:134) ~[core-3.6.4.jar%2356!/:?]
	at fuzs.nightconfigfixes.config.CheckedConfigFileTypeHandler.unload(CheckedConfigFileTypeHandler.java:137) ~[NightConfigFixes-v4.0.7-1.19.2-Forge.jar%23616!/:4.0.7]
	at net.minecraftforge.fml.config.ConfigTracker.closeConfig(ConfigTracker.java:70) ~[fmlcore-1.19.2-43.4.2.jar%23718!/:?]
	at net.minecraftforge.fml.config.ConfigTracker.lambda$unloadConfigs$2(ConfigTracker.java:55) ~[fmlcore-1.19.2-43.4.2.jar%23718!/:?]
	at java.lang.Iterable.forEach(Iterable.java:75) ~[?:?]
	at java.util.Collections$SynchronizedCollection.forEach(Collections.java:2132) ~[?:?]
	at net.minecraftforge.fml.config.ConfigTracker.unloadConfigs(ConfigTracker.java:55) ~[fmlcore-1.19.2-43.4.2.jar%23718!/:?]
	at net.minecraftforge.server.ServerLifecycleHooks.handleServerStopped(ServerLifecycleHooks.java:137) ~[forge-1.19.2-43.4.2-universal.jar%23722!/:?]
	at net.minecraft.server.MinecraftServer.m_130011_(MinecraftServer.java:690) ~[server-1.19.2-20220805.130853-srg.jar%23717!/:?]
	at net.minecraft.server.MinecraftServer.m_206580_(MinecraftServer.java:244) ~[server-1.19.2-20220805.130853-srg.jar%23717!/:?]
	at java.lang.Thread.run(Thread.java:840) [?:?]
[28Aug2026 00:24:40.402] [Server thread/ERROR] [fuzs.nightconfigfixes.config.CheckedConfigFileTypeHandler/]: Failed to remove config /workspaces/otro/servidor_minecraft/config/solapplepie-server.toml from tracker!
java.lang.NullPointerException: Cannot read field "watchedFileCount" because "watchedDir" is null
	at com.electronwill.nightconfig.core.file.FileWatcher.removeWatch(FileWatcher.java:134) ~[core-3.6.4.jar%2356!/:?]
	at fuzs.nightconfigfixes.config.CheckedConfigFileTypeHandler.unload(CheckedConfigFileTypeHandler.java:137) ~[NightConfigFixes-v4.0.7-1.19.2-Forge.jar%23616!/:4.0.7]
	at net.minecraftforge.fml.config.ConfigTracker.closeConfig(ConfigTracker.java:70) ~[fmlcore-1.19.2-43.4.2.jar%23718!/:?]
	at net.minecraftforge.fml.config.ConfigTracker.lambda$unloadConfigs$2(ConfigTracker.java:55) ~[fmlcore-1.19.2-43.4.2.jar%23718!/:?]
	at java.lang.Iterable.forEach(Iterable.java:75) ~[?:?]
	at java.util.Collections$SynchronizedCollection.forEach(Collections.java:2132) ~[?:?]
	at net.minecraftforge.fml.config.ConfigTracker.unloadConfigs(ConfigTracker.java:55) ~[fmlcore-1.19.2-43.4.2.jar%23718!/:?]
	at net.minecraftforge.server.ServerLifecycleHooks.handleServerStopped(ServerLifecycleHooks.java:137) ~[forge-1.19.2-43.4.2-universal.jar%23722!/:?]
	at net.minecraft.server.MinecraftServer.m_130011_(MinecraftServer.java:690) ~[server-1.19.2-20220805.130853-srg.jar%23717!/:?]
	at net.minecraft.server.MinecraftServer.m_206580_(MinecraftServer.java:244) ~[server-1.19.2-20220805.130853-srg.jar%23717!/:?]
	at java.lang.Thread.run(Thread.java:840) [?:?]
[28Aug2026 00:24:40.403] [Server thread/ERROR] [fuzs.nightconfigfixes.config.CheckedConfigFileTypeHandler/]: Failed to remove config /workspaces/otro/servidor_minecraft/config/corpse-server.toml from tracker!
java.lang.NullPointerException: Cannot read field "watchedFileCount" because "watchedDir" is null
	at com.electronwill.nightconfig.core.file.FileWatcher.removeWatch(FileWatcher.java:134) ~[core-3.6.4.jar%2356!/:?]
	at fuzs.nightconfigfixes.config.CheckedConfigFileTypeHandler.unload(CheckedConfigFileTypeHandler.java:137) ~[NightConfigFixes-v4.0.7-1.19.2-Forge.jar%23616!/:4.0.7]
	at net.minecraftforge.fml.config.ConfigTracker.closeConfig(ConfigTracker.java:70) ~[fmlcore-1.19.2-43.4.2.jar%23718!/:?]
	at net.minecraftforge.fml.config.ConfigTracker.lambda$unloadConfigs$2(ConfigTracker.java:55) ~[fmlcore-1.19.2-43.4.2.jar%23718!/:?]
	at java.lang.Iterable.forEach(Iterable.java:75) ~[?:?]
	at java.util.Collections$SynchronizedCollection.forEach(Collections.java:2132) ~[?:?]
	at net.minecraftforge.fml.config.ConfigTracker.unloadConfigs(ConfigTracker.java:55) ~[fmlcore-1.19.2-43.4.2.jar%23718!/:?]
	at net.minecraftforge.server.ServerLifecycleHooks.handleServerStopped(ServerLifecycleHooks.java:137) ~[forge-1.19.2-43.4.2-universal.jar%23722!/:?]
	at net.minecraft.server.MinecraftServer.m_130011_(MinecraftServer.java:690) ~[server-1.19.2-20220805.130853-srg.jar%23717!/:?]
	at net.minecraft.server.MinecraftServer.m_206580_(MinecraftServer.java:244) ~[server-1.19.2-20220805.130853-srg.jar%23717!/:?]
	at java.lang.Thread.run(Thread.java:840) [?:?]
[28Aug2026 00:24:40.403] [Server thread/ERROR] [fuzs.nightconfigfixes.config.CheckedConfigFileTypeHandler/]: Failed to remove config /workspaces/otro/servidor_minecraft/config/curios-server.toml from tracker!
java.lang.NullPointerException: Cannot read field "watchedFileCount" because "watchedDir" is null
	at com.electronwill.nightconfig.core.file.FileWatcher.removeWatch(FileWatcher.java:134) ~[core-3.6.4.jar%2356!/:?]
	at fuzs.nightconfigfixes.config.CheckedConfigFileTypeHandler.unload(CheckedConfigFileTypeHandler.java:137) ~[NightConfigFixes-v4.0.7-1.19.2-Forge.jar%23616!/:4.0.7]
	at net.minecraftforge.fml.config.ConfigTracker.closeConfig(ConfigTracker.java:70) ~[fmlcore-1.19.2-43.4.2.jar%23718!/:?]
	at net.minecraftforge.fml.config.ConfigTracker.lambda$unloadConfigs$2(ConfigTracker.java:55) ~[fmlcore-1.19.2-43.4.2.jar%23718!/:?]
	at java.lang.Iterable.forEach(Iterable.java:75) ~[?:?]
	at java.util.Collections$SynchronizedCollection.forEach(Collections.java:2132) ~[?:?]
	at net.minecraftforge.fml.config.ConfigTracker.unloadConfigs(ConfigTracker.java:55) ~[fmlcore-1.19.2-43.4.2.jar%23718!/:?]
	at net.minecraftforge.server.ServerLifecycleHooks.handleServerStopped(ServerLifecycleHooks.java:137) ~[forge-1.19.2-43.4.2-universal.jar%23722!/:?]
	at net.minecraft.server.MinecraftServer.m_130011_(MinecraftServer.java:690) ~[server-1.19.2-20220805.130853-srg.jar%23717!/:?]
	at net.minecraft.server.MinecraftServer.m_206580_(MinecraftServer.java:244) ~[server-1.19.2-20220805.130853-srg.jar%23717!/:?]
	at java.lang.Thread.run(Thread.java:840) [?:?]
[28Aug2026 00:24:40.404] [Server thread/ERROR] [fuzs.nightconfigfixes.config.CheckedConfigFileTypeHandler/]: Failed to remove config /workspaces/otro/servidor_minecraft/config/constructionwand-server.toml from tracker!
java.lang.NullPointerException: Cannot read field "watchedFileCount" because "watchedDir" is null
	at com.electronwill.nightconfig.core.file.FileWatcher.removeWatch(FileWatcher.java:134) ~[core-3.6.4.jar%2356!/:?]
	at fuzs.nightconfigfixes.config.CheckedConfigFileTypeHandler.unload(CheckedConfigFileTypeHandler.java:137) ~[NightConfigFixes-v4.0.7-1.19.2-Forge.jar%23616!/:4.0.7]
	at net.minecraftforge.fml.config.ConfigTracker.closeConfig(ConfigTracker.java:70) ~[fmlcore-1.19.2-43.4.2.jar%23718!/:?]
	at net.minecraftforge.fml.config.ConfigTracker.lambda$unloadConfigs$2(ConfigTracker.java:55) ~[fmlcore-1.19.2-43.4.2.jar%23718!/:?]
	at java.lang.Iterable.forEach(Iterable.java:75) ~[?:?]
	at java.util.Collections$SynchronizedCollection.forEach(Collections.java:2132) ~[?:?]
	at net.minecraftforge.fml.config.ConfigTracker.unloadConfigs(ConfigTracker.java:55) ~[fmlcore-1.19.2-43.4.2.jar%23718!/:?]
	at net.minecraftforge.server.ServerLifecycleHooks.handleServerStopped(ServerLifecycleHooks.java:137) ~[forge-1.19.2-43.4.2-universal.jar%23722!/:?]
	at net.minecraft.server.MinecraftServer.m_130011_(MinecraftServer.java:690) ~[server-1.19.2-20220805.130853-srg.jar%23717!/:?]
	at net.minecraft.server.MinecraftServer.m_206580_(MinecraftServer.java:244) ~[server-1.19.2-20220805.130853-srg.jar%23717!/:?]
	at java.lang.Thread.run(Thread.java:840) [?:?]
[28Aug2026 00:24:40.404] [Server thread/ERROR] [fuzs.nightconfigfixes.config.CheckedConfigFileTypeHandler/]: Failed to remove config /workspaces/otro/servidor_minecraft/config/toms_storage-server.toml from tracker!
java.lang.NullPointerException: Cannot read field "watchedFileCount" because "watchedDir" is null
	at com.electronwill.nightconfig.core.file.FileWatcher.removeWatch(FileWatcher.java:134) ~[core-3.6.4.jar%2356!/:?]
	at fuzs.nightconfigfixes.config.CheckedConfigFileTypeHandler.unload(CheckedConfigFileTypeHandler.java:137) ~[NightConfigFixes-v4.0.7-1.19.2-Forge.jar%23616!/:4.0.7]
	at net.minecraftforge.fml.config.ConfigTracker.closeConfig(ConfigTracker.java:70) ~[fmlcore-1.19.2-43.4.2.jar%23718!/:?]
	at net.minecraftforge.fml.config.ConfigTracker.lambda$unloadConfigs$2(ConfigTracker.java:55) ~[fmlcore-1.19.2-43.4.2.jar%23718!/:?]
	at java.lang.Iterable.forEach(Iterable.java:75) ~[?:?]
	at java.util.Collections$SynchronizedCollection.forEach(Collections.java:2132) ~[?:?]
	at net.minecraftforge.fml.config.ConfigTracker.unloadConfigs(ConfigTracker.java:55) ~[fmlcore-1.19.2-43.4.2.jar%23718!/:?]
	at net.minecraftforge.server.ServerLifecycleHooks.handleServerStopped(ServerLifecycleHooks.java:137) ~[forge-1.19.2-43.4.2-universal.jar%23722!/:?]
	at net.minecraft.server.MinecraftServer.m_130011_(MinecraftServer.java:690) ~[server-1.19.2-20220805.130853-srg.jar%23717!/:?]
	at net.minecraft.server.MinecraftServer.m_206580_(MinecraftServer.java:244) ~[server-1.19.2-20220805.130853-srg.jar%23717!/:?]
	at java.lang.Thread.run(Thread.java:840) [?:?]
[28Aug2026 00:24:40.405] [Server thread/ERROR] [fuzs.nightconfigfixes.config.CheckedConfigFileTypeHandler/]: Failed to remove config /workspaces/otro/servidor_minecraft/config/jei-server.toml from tracker!
java.lang.NullPointerException: Cannot read field "watchedFileCount" because "watchedDir" is null
	at com.electronwill.nightconfig.core.file.FileWatcher.removeWatch(FileWatcher.java:134) ~[core-3.6.4.jar%2356!/:?]
	at fuzs.nightconfigfixes.config.CheckedConfigFileTypeHandler.unload(CheckedConfigFileTypeHandler.java:137) ~[NightConfigFixes-v4.0.7-1.19.2-Forge.jar%23616!/:4.0.7]
	at net.minecraftforge.fml.config.ConfigTracker.closeConfig(ConfigTracker.java:70) ~[fmlcore-1.19.2-43.4.2.jar%23718!/:?]
	at net.minecraftforge.fml.config.ConfigTracker.lambda$unloadConfigs$2(ConfigTracker.java:55) ~[fmlcore-1.19.2-43.4.2.jar%23718!/:?]
	at java.lang.Iterable.forEach(Iterable.java:75) ~[?:?]
	at java.util.Collections$SynchronizedCollection.forEach(Collections.java:2132) ~[?:?]
	at net.minecraftforge.fml.config.ConfigTracker.unloadConfigs(ConfigTracker.java:55) ~[fmlcore-1.19.2-43.4.2.jar%23718!/:?]
	at net.minecraftforge.server.ServerLifecycleHooks.handleServerStopped(ServerLifecycleHooks.java:137) ~[forge-1.19.2-43.4.2-universal.jar%23722!/:?]
	at net.minecraft.server.MinecraftServer.m_130011_(MinecraftServer.java:690) ~[server-1.19.2-20220805.130853-srg.jar%23717!/:?]
	at net.minecraft.server.MinecraftServer.m_206580_(MinecraftServer.java:244) ~[server-1.19.2-20220805.130853-srg.jar%23717!/:?]
	at java.lang.Thread.run(Thread.java:840) [?:?]
[28Aug2026 00:24:40.406] [Server thread/ERROR] [fuzs.nightconfigfixes.config.CheckedConfigFileTypeHandler/]: Failed to remove config /workspaces/otro/servidor_minecraft/config/pehkui-server.toml from tracker!
java.lang.NullPointerException: Cannot read field "watchedFileCount" because "watchedDir" is null
	at com.electronwill.nightconfig.core.file.FileWatcher.removeWatch(FileWatcher.java:134) ~[core-3.6.4.jar%2356!/:?]
	at fuzs.nightconfigfixes.config.CheckedConfigFileTypeHandler.unload(CheckedConfigFileTypeHandler.java:137) ~[NightConfigFixes-v4.0.7-1.19.2-Forge.jar%23616!/:4.0.7]
	at net.minecraftforge.fml.config.ConfigTracker.closeConfig(ConfigTracker.java:70) ~[fmlcore-1.19.2-43.4.2.jar%23718!/:?]
	at net.minecraftforge.fml.config.ConfigTracker.lambda$unloadConfigs$2(ConfigTracker.java:55) ~[fmlcore-1.19.2-43.4.2.jar%23718!/:?]
	at java.lang.Iterable.forEach(Iterable.java:75) ~[?:?]
	at java.util.Collections$SynchronizedCollection.forEach(Collections.java:2132) ~[?:?]
	at net.minecraftforge.fml.config.ConfigTracker.unloadConfigs(ConfigTracker.java:55) ~[fmlcore-1.19.2-43.4.2.jar%23718!/:?]
	at net.minecraftforge.server.ServerLifecycleHooks.handleServerStopped(ServerLifecycleHooks.java:137) ~[forge-1.19.2-43.4.2-universal.jar%23722!/:?]
	at net.minecraft.server.MinecraftServer.m_130011_(MinecraftServer.java:690) ~[server-1.19.2-20220805.130853-srg.jar%23717!/:?]
	at net.minecraft.server.MinecraftServer.m_206580_(MinecraftServer.java:244) ~[server-1.19.2-20220805.130853-srg.jar%23717!/:?]
	at java.lang.Thread.run(Thread.java:840) [?:?]
[28Aug2026 00:24:40.407] [Server thread/ERROR] [fuzs.nightconfigfixes.config.CheckedConfigFileTypeHandler/]: Failed to remove config /workspaces/otro/servidor_minecraft/config/forge-server.toml from tracker!
java.lang.NullPointerException: Cannot read field "watchedFileCount" because "watchedDir" is null
	at com.electronwill.nightconfig.core.file.FileWatcher.removeWatch(FileWatcher.java:134) ~[core-3.6.4.jar%2356!/:?]
	at fuzs.nightconfigfixes.config.CheckedConfigFileTypeHandler.unload(CheckedConfigFileTypeHandler.java:137) ~[NightConfigFixes-v4.0.7-1.19.2-Forge.jar%23616!/:4.0.7]
	at net.minecraftforge.fml.config.ConfigTracker.closeConfig(ConfigTracker.java:70) ~[fmlcore-1.19.2-43.4.2.jar%23718!/:?]
	at net.minecraftforge.fml.config.ConfigTracker.lambda$unloadConfigs$2(ConfigTracker.java:55) ~[fmlcore-1.19.2-43.4.2.jar%23718!/:?]
	at java.lang.Iterable.forEach(Iterable.java:75) ~[?:?]
	at java.util.Collections$SynchronizedCollection.forEach(Collections.java:2132) ~[?:?]
	at net.minecraftforge.fml.config.ConfigTracker.unloadConfigs(ConfigTracker.java:55) ~[fmlcore-1.19.2-43.4.2.jar%23718!/:?]
	at net.minecraftforge.server.ServerLifecycleHooks.handleServerStopped(ServerLifecycleHooks.java:137) ~[forge-1.19.2-43.4.2-universal.jar%23722!/:?]
	at net.minecraft.server.MinecraftServer.m_130011_(MinecraftServer.java:690) ~[server-1.19.2-20220805.130853-srg.jar%23717!/:?]
	at net.minecraft.server.MinecraftServer.m_206580_(MinecraftServer.java:244) ~[server-1.19.2-20220805.130853-srg.jar%23717!/:?]
	at java.lang.Thread.run(Thread.java:840) [?:?]
[28Aug2026 00:24:40.408] [Server thread/ERROR] [fuzs.nightconfigfixes.config.CheckedConfigFileTypeHandler/]: Failed to remove config /workspaces/otro/servidor_minecraft/config/immersiveengineering-server.toml from tracker!
java.lang.NullPointerException: Cannot read field "watchedFileCount" because "watchedDir" is null
	at com.electronwill.nightconfig.core.file.FileWatcher.removeWatch(FileWatcher.java:134) ~[core-3.6.4.jar%2356!/:?]
	at fuzs.nightconfigfixes.config.CheckedConfigFileTypeHandler.unload(CheckedConfigFileTypeHandler.java:137) ~[NightConfigFixes-v4.0.7-1.19.2-Forge.jar%23616!/:4.0.7]
	at net.minecraftforge.fml.config.ConfigTracker.closeConfig(ConfigTracker.java:70) ~[fmlcore-1.19.2-43.4.2.jar%23718!/:?]
	at net.minecraftforge.fml.config.ConfigTracker.lambda$unloadConfigs$2(ConfigTracker.java:55) ~[fmlcore-1.19.2-43.4.2.jar%23718!/:?]
	at java.lang.Iterable.forEach(Iterable.java:75) ~[?:?]
	at java.util.Collections$SynchronizedCollection.forEach(Collections.java:2132) ~[?:?]
	at net.minecraftforge.fml.config.ConfigTracker.unloadConfigs(ConfigTracker.java:55) ~[fmlcore-1.19.2-43.4.2.jar%23718!/:?]
	at net.minecraftforge.server.ServerLifecycleHooks.handleServerStopped(ServerLifecycleHooks.java:137) ~[forge-1.19.2-43.4.2-universal.jar%23722!/:?]
	at net.minecraft.server.MinecraftServer.m_130011_(MinecraftServer.java:690) ~[server-1.19.2-20220805.130853-srg.jar%23717!/:?]
	at net.minecraft.server.MinecraftServer.m_206580_(MinecraftServer.java:244) ~[server-1.19.2-20220805.130853-srg.jar%23717!/:?]
	at java.lang.Thread.run(Thread.java:840) [?:?]
[28Aug2026 00:24:40.409] [Server thread/ERROR] [fuzs.nightconfigfixes.config.CheckedConfigFileTypeHandler/]: Failed to remove config /workspaces/otro/servidor_minecraft/config/whisperwoods-server.toml from tracker!
java.lang.NullPointerException: Cannot read field "watchedFileCount" because "watchedDir" is null
	at com.electronwill.nightconfig.core.file.FileWatcher.removeWatch(FileWatcher.java:134) ~[core-3.6.4.jar%2356!/:?]
	at fuzs.nightconfigfixes.config.CheckedConfigFileTypeHandler.unload(CheckedConfigFileTypeHandler.java:137) ~[NightConfigFixes-v4.0.7-1.19.2-Forge.jar%23616!/:4.0.7]
	at net.minecraftforge.fml.config.ConfigTracker.closeConfig(ConfigTracker.java:70) ~[fmlcore-1.19.2-43.4.2.jar%23718!/:?]
	at net.minecraftforge.fml.config.ConfigTracker.lambda$unloadConfigs$2(ConfigTracker.java:55) ~[fmlcore-1.19.2-43.4.2.jar%23718!/:?]
	at java.lang.Iterable.forEach(Iterable.java:75) ~[?:?]
	at java.util.Collections$SynchronizedCollection.forEach(Collections.java:2132) ~[?:?]
	at net.minecraftforge.fml.config.ConfigTracker.unloadConfigs(ConfigTracker.java:55) ~[fmlcore-1.19.2-43.4.2.jar%23718!/:?]
	at net.minecraftforge.server.ServerLifecycleHooks.handleServerStopped(ServerLifecycleHooks.java:137) ~[forge-1.19.2-43.4.2-universal.jar%23722!/:?]
	at net.minecraft.server.MinecraftServer.m_130011_(MinecraftServer.java:690) ~[server-1.19.2-20220805.130853-srg.jar%23717!/:?]
	at net.minecraft.server.MinecraftServer.m_206580_(MinecraftServer.java:244) ~[server-1.19.2-20220805.130853-srg.jar%23717!/:?]
	at java.lang.Thread.run(Thread.java:840) [?:?]
[28Aug2026 00:24:40.409] [Server thread/ERROR] [fuzs.nightconfigfixes.config.CheckedConfigFileTypeHandler/]: Failed to remove config /workspaces/otro/servidor_minecraft/config/structurize-server.toml from tracker!
java.lang.NullPointerException: Cannot read field "watchedFileCount" because "watchedDir" is null
	at com.electronwill.nightconfig.core.file.FileWatcher.removeWatch(FileWatcher.java:134) ~[core-3.6.4.jar%2356!/:?]
	at fuzs.nightconfigfixes.config.CheckedConfigFileTypeHandler.unload(CheckedConfigFileTypeHandler.java:137) ~[NightConfigFixes-v4.0.7-1.19.2-Forge.jar%23616!/:4.0.7]
	at net.minecraftforge.fml.config.ConfigTracker.closeConfig(ConfigTracker.java:70) ~[fmlcore-1.19.2-43.4.2.jar%23718!/:?]
	at net.minecraftforge.fml.config.ConfigTracker.lambda$unloadConfigs$2(ConfigTracker.java:55) ~[fmlcore-1.19.2-43.4.2.jar%23718!/:?]
	at java.lang.Iterable.forEach(Iterable.java:75) ~[?:?]
	at java.util.Collections$SynchronizedCollection.forEach(Collections.java:2132) ~[?:?]
	at net.minecraftforge.fml.config.ConfigTracker.unloadConfigs(ConfigTracker.java:55) ~[fmlcore-1.19.2-43.4.2.jar%23718!/:?]
	at net.minecraftforge.server.ServerLifecycleHooks.handleServerStopped(ServerLifecycleHooks.java:137) ~[forge-1.19.2-43.4.2-universal.jar%23722!/:?]
	at net.minecraft.server.MinecraftServer.m_130011_(MinecraftServer.java:690) ~[server-1.19.2-20220805.130853-srg.jar%23717!/:?]
	at net.minecraft.server.MinecraftServer.m_206580_(MinecraftServer.java:244) ~[server-1.19.2-20220805.130853-srg.jar%23717!/:?]
	at java.lang.Thread.run(Thread.java:840) [?:?]
[28Aug2026 00:24:40.410] [Server thread/ERROR] [fuzs.nightconfigfixes.config.CheckedConfigFileTypeHandler/]: Failed to remove config /workspaces/otro/servidor_minecraft/config/upgradednetherite_ultimate-server.toml from tracker!
java.lang.NullPointerException: Cannot read field "watchedFileCount" because "watchedDir" is null
	at com.electronwill.nightconfig.core.file.FileWatcher.removeWatch(FileWatcher.java:134) ~[core-3.6.4.jar%2356!/:?]
	at fuzs.nightconfigfixes.config.CheckedConfigFileTypeHandler.unload(CheckedConfigFileTypeHandler.java:137) ~[NightConfigFixes-v4.0.7-1.19.2-Forge.jar%23616!/:4.0.7]
	at net.minecraftforge.fml.config.ConfigTracker.closeConfig(ConfigTracker.java:70) ~[fmlcore-1.19.2-43.4.2.jar%23718!/:?]
	at net.minecraftforge.fml.config.ConfigTracker.lambda$unloadConfigs$2(ConfigTracker.java:55) ~[fmlcore-1.19.2-43.4.2.jar%23718!/:?]
	at java.lang.Iterable.forEach(Iterable.java:75) ~[?:?]
	at java.util.Collections$SynchronizedCollection.forEach(Collections.java:2132) ~[?:?]
	at net.minecraftforge.fml.config.ConfigTracker.unloadConfigs(ConfigTracker.java:55) ~[fmlcore-1.19.2-43.4.2.jar%23718!/:?]
	at net.minecraftforge.server.ServerLifecycleHooks.handleServerStopped(ServerLifecycleHooks.java:137) ~[forge-1.19.2-43.4.2-universal.jar%23722!/:?]
	at net.minecraft.server.MinecraftServer.m_130011_(MinecraftServer.java:690) ~[server-1.19.2-20220805.130853-srg.jar%23717!/:?]
	at net.minecraft.server.MinecraftServer.m_206580_(MinecraftServer.java:244) ~[server-1.19.2-20220805.130853-srg.jar%23717!/:?]
	at java.lang.Thread.run(Thread.java:840) [?:?]
[28Aug2026 00:24:40.410] [Server thread/ERROR] [fuzs.nightconfigfixes.config.CheckedConfigFileTypeHandler/]: Failed to remove config /workspaces/otro/servidor_minecraft/config/xptome-server.toml from tracker!
java.lang.NullPointerException: Cannot read field "watchedFileCount" because "watchedDir" is null
	at com.electronwill.nightconfig.core.file.FileWatcher.removeWatch(FileWatcher.java:134) ~[core-3.6.4.jar%2356!/:?]
	at fuzs.nightconfigfixes.config.CheckedConfigFileTypeHandler.unload(CheckedConfigFileTypeHandler.java:137) ~[NightConfigFixes-v4.0.7-1.19.2-Forge.jar%23616!/:4.0.7]
	at net.minecraftforge.fml.config.ConfigTracker.closeConfig(ConfigTracker.java:70) ~[fmlcore-1.19.2-43.4.2.jar%23718!/:?]
	at net.minecraftforge.fml.config.ConfigTracker.lambda$unloadConfigs$2(ConfigTracker.java:55) ~[fmlcore-1.19.2-43.4.2.jar%23718!/:?]
	at java.lang.Iterable.forEach(Iterable.java:75) ~[?:?]
	at java.util.Collections$SynchronizedCollection.forEach(Collections.java:2132) ~[?:?]
	at net.minecraftforge.fml.config.ConfigTracker.unloadConfigs(ConfigTracker.java:55) ~[fmlcore-1.19.2-43.4.2.jar%23718!/:?]
	at net.minecraftforge.server.ServerLifecycleHooks.handleServerStopped(ServerLifecycleHooks.java:137) ~[forge-1.19.2-43.4.2-universal.jar%23722!/:?]
	at net.minecraft.server.MinecraftServer.m_130011_(MinecraftServer.java:690) ~[server-1.19.2-20220805.130853-srg.jar%23717!/:?]
	at net.minecraft.server.MinecraftServer.m_206580_(MinecraftServer.java:244) ~[server-1.19.2-20220805.130853-srg.jar%23717!/:?]
	at java.lang.Thread.run(Thread.java:840) [?:?]
[28Aug2026 00:24:40.411] [Server thread/ERROR] [fuzs.nightconfigfixes.config.CheckedConfigFileTypeHandler/]: Failed to remove config /workspaces/otro/servidor_minecraft/config/aether-server.toml from tracker!
java.lang.NullPointerException: Cannot read field "watchedFileCount" because "watchedDir" is null
	at com.electronwill.nightconfig.core.file.FileWatcher.removeWatch(FileWatcher.java:134) ~[core-3.6.4.jar%2356!/:?]
	at fuzs.nightconfigfixes.config.CheckedConfigFileTypeHandler.unload(CheckedConfigFileTypeHandler.java:137) ~[NightConfigFixes-v4.0.7-1.19.2-Forge.jar%23616!/:4.0.7]
	at net.minecraftforge.fml.config.ConfigTracker.closeConfig(ConfigTracker.java:70) ~[fmlcore-1.19.2-43.4.2.jar%23718!/:?]
	at net.minecraftforge.fml.config.ConfigTracker.lambda$unloadConfigs$2(ConfigTracker.java:55) ~[fmlcore-1.19.2-43.4.2.jar%23718!/:?]
	at java.lang.Iterable.forEach(Iterable.java:75) ~[?:?]
	at java.util.Collections$SynchronizedCollection.forEach(Collections.java:2132) ~[?:?]
	at net.minecraftforge.fml.config.ConfigTracker.unloadConfigs(ConfigTracker.java:55) ~[fmlcore-1.19.2-43.4.2.jar%23718!/:?]
	at net.minecraftforge.server.ServerLifecycleHooks.handleServerStopped(ServerLifecycleHooks.java:137) ~[forge-1.19.2-43.4.2-universal.jar%23722!/:?]
	at net.minecraft.server.MinecraftServer.m_130011_(MinecraftServer.java:690) ~[server-1.19.2-20220805.130853-srg.jar%23717!/:?]
	at net.minecraft.server.MinecraftServer.m_206580_(MinecraftServer.java:244) ~[server-1.19.2-20220805.130853-srg.jar%23717!/:?]
	at java.lang.Thread.run(Thread.java:840) [?:?]
[28Aug2026 00:24:40.412] [Server thread/ERROR] [fuzs.nightconfigfixes.config.CheckedConfigFileTypeHandler/]: Failed to remove config /workspaces/otro/servidor_minecraft/config/sophisticatedbackpacks-server.toml from tracker!
java.lang.NullPointerException: Cannot read field "watchedFileCount" because "watchedDir" is null
	at com.electronwill.nightconfig.core.file.FileWatcher.removeWatch(FileWatcher.java:134) ~[core-3.6.4.jar%2356!/:?]
	at fuzs.nightconfigfixes.config.CheckedConfigFileTypeHandler.unload(CheckedConfigFileTypeHandler.java:137) ~[NightConfigFixes-v4.0.7-1.19.2-Forge.jar%23616!/:4.0.7]
	at net.minecraftforge.fml.config.ConfigTracker.closeConfig(ConfigTracker.java:70) ~[fmlcore-1.19.2-43.4.2.jar%23718!/:?]
	at net.minecraftforge.fml.config.ConfigTracker.lambda$unloadConfigs$2(ConfigTracker.java:55) ~[fmlcore-1.19.2-43.4.2.jar%23718!/:?]
	at java.lang.Iterable.forEach(Iterable.java:75) ~[?:?]
	at java.util.Collections$SynchronizedCollection.forEach(Collections.java:2132) ~[?:?]
	at net.minecraftforge.fml.config.ConfigTracker.unloadConfigs(ConfigTracker.java:55) ~[fmlcore-1.19.2-43.4.2.jar%23718!/:?]
	at net.minecraftforge.server.ServerLifecycleHooks.handleServerStopped(ServerLifecycleHooks.java:137) ~[forge-1.19.2-43.4.2-universal.jar%23722!/:?]
	at net.minecraft.server.MinecraftServer.m_130011_(MinecraftServer.java:690) ~[server-1.19.2-20220805.130853-srg.jar%23717!/:?]
	at net.minecraft.server.MinecraftServer.m_206580_(MinecraftServer.java:244) ~[server-1.19.2-20220805.130853-srg.jar%23717!/:?]
	at java.lang.Thread.run(Thread.java:840) [?:?]
[28Aug2026 00:24:40.413] [Server thread/ERROR] [fuzs.nightconfigfixes.config.CheckedConfigFileTypeHandler/]: Failed to remove config /workspaces/otro/servidor_minecraft/config/getittogetherdrops-server.toml from tracker!
java.lang.NullPointerException: Cannot read field "watchedFileCount" because "watchedDir" is null
	at com.electronwill.nightconfig.core.file.FileWatcher.removeWatch(FileWatcher.java:134) ~[core-3.6.4.jar%2356!/:?]
	at fuzs.nightconfigfixes.config.CheckedConfigFileTypeHandler.unload(CheckedConfigFileTypeHandler.java:137) ~[NightConfigFixes-v4.0.7-1.19.2-Forge.jar%23616!/:4.0.7]
	at net.minecraftforge.fml.config.ConfigTracker.closeConfig(ConfigTracker.java:70) ~[fmlcore-1.19.2-43.4.2.jar%23718!/:?]
	at net.minecraftforge.fml.config.ConfigTracker.lambda$unloadConfigs$2(ConfigTracker.java:55) ~[fmlcore-1.19.2-43.4.2.jar%23718!/:?]
	at java.lang.Iterable.forEach(Iterable.java:75) ~[?:?]
	at java.util.Collections$SynchronizedCollection.forEach(Collections.java:2132) ~[?:?]
	at net.minecraftforge.fml.config.ConfigTracker.unloadConfigs(ConfigTracker.java:55) ~[fmlcore-1.19.2-43.4.2.jar%23718!/:?]
	at net.minecraftforge.server.ServerLifecycleHooks.handleServerStopped(ServerLifecycleHooks.java:137) ~[forge-1.19.2-43.4.2-universal.jar%23722!/:?]
	at net.minecraft.server.MinecraftServer.m_130011_(MinecraftServer.java:690) ~[server-1.19.2-20220805.130853-srg.jar%23717!/:?]
	at net.minecraft.server.MinecraftServer.m_206580_(MinecraftServer.java:244) ~[server-1.19.2-20220805.130853-srg.jar%23717!/:?]
	at java.lang.Thread.run(Thread.java:840) [?:?]
[28Aug2026 00:24:40.434] [Server thread/ERROR] [fuzs.nightconfigfixes.config.CheckedConfigFileTypeHandler/]: Failed to remove config /workspaces/otro/servidor_minecraft/config/effortlessbuilding-server.toml from tracker!
java.lang.NullPointerException: Cannot read field "watchedFileCount" because "watchedDir" is null
	at com.electronwill.nightconfig.core.file.FileWatcher.removeWatch(FileWatcher.java:134) ~[core-3.6.4.jar%2356!/:?]
	at fuzs.nightconfigfixes.config.CheckedConfigFileTypeHandler.unload(CheckedConfigFileTypeHandler.java:137) ~[NightConfigFixes-v4.0.7-1.19.2-Forge.jar%23616!/:4.0.7]
	at net.minecraftforge.fml.config.ConfigTracker.closeConfig(ConfigTracker.java:70) ~[fmlcore-1.19.2-43.4.2.jar%23718!/:?]
	at net.minecraftforge.fml.config.ConfigTracker.lambda$unloadConfigs$2(ConfigTracker.java:55) ~[fmlcore-1.19.2-43.4.2.jar%23718!/:?]
	at java.lang.Iterable.forEach(Iterable.java:75) ~[?:?]
	at java.util.Collections$SynchronizedCollection.forEach(Collections.java:2132) ~[?:?]
	at net.minecraftforge.fml.config.ConfigTracker.unloadConfigs(ConfigTracker.java:55) ~[fmlcore-1.19.2-43.4.2.jar%23718!/:?]
	at net.minecraftforge.server.ServerLifecycleHooks.handleServerStopped(ServerLifecycleHooks.java:137) ~[forge-1.19.2-43.4.2-universal.jar%23722!/:?]
	at net.minecraft.server.MinecraftServer.m_130011_(MinecraftServer.java:690) ~[server-1.19.2-20220805.130853-srg.jar%23717!/:?]
	at net.minecraft.server.MinecraftServer.m_206580_(MinecraftServer.java:244) ~[server-1.19.2-20220805.130853-srg.jar%23717!/:?]
	at java.lang.Thread.run(Thread.java:840) [?:?]
[28Aug2026 00:24:40.434] [Server thread/ERROR] [fuzs.nightconfigfixes.config.CheckedConfigFileTypeHandler/]: Failed to remove config /workspaces/otro/servidor_minecraft/config/estrogen-server.toml from tracker!
java.lang.NullPointerException: Cannot read field "watchedFileCount" because "watchedDir" is null
	at com.electronwill.nightconfig.core.file.FileWatcher.removeWatch(FileWatcher.java:134) ~[core-3.6.4.jar%2356!/:?]
	at fuzs.nightconfigfixes.config.CheckedConfigFileTypeHandler.unload(CheckedConfigFileTypeHandler.java:137) ~[NightConfigFixes-v4.0.7-1.19.2-Forge.jar%23616!/:4.0.7]
	at net.minecraftforge.fml.config.ConfigTracker.closeConfig(ConfigTracker.java:70) ~[fmlcore-1.19.2-43.4.2.jar%23718!/:?]
	at net.minecraftforge.fml.config.ConfigTracker.lambda$unloadConfigs$2(ConfigTracker.java:55) ~[fmlcore-1.19.2-43.4.2.jar%23718!/:?]
	at java.lang.Iterable.forEach(Iterable.java:75) ~[?:?]
	at java.util.Collections$SynchronizedCollection.forEach(Collections.java:2132) ~[?:?]
	at net.minecraftforge.fml.config.ConfigTracker.unloadConfigs(ConfigTracker.java:55) ~[fmlcore-1.19.2-43.4.2.jar%23718!/:?]
	at net.minecraftforge.server.ServerLifecycleHooks.handleServerStopped(ServerLifecycleHooks.java:137) ~[forge-1.19.2-43.4.2-universal.jar%23722!/:?]
	at net.minecraft.server.MinecraftServer.m_130011_(MinecraftServer.java:690) ~[server-1.19.2-20220805.130853-srg.jar%23717!/:?]
	at net.minecraft.server.MinecraftServer.m_206580_(MinecraftServer.java:244) ~[server-1.19.2-20220805.130853-srg.jar%23717!/:?]
	at java.lang.Thread.run(Thread.java:840) [?:?]
[28Aug2026 00:24:40.435] [Server thread/ERROR] [fuzs.nightconfigfixes.config.CheckedConfigFileTypeHandler/]: Failed to remove config /workspaces/otro/servidor_minecraft/config/railways-server.toml from tracker!
java.lang.NullPointerException: Cannot read field "watchedFileCount" because "watchedDir" is null
	at com.electronwill.nightconfig.core.file.FileWatcher.removeWatch(FileWatcher.java:134) ~[core-3.6.4.jar%2356!/:?]
	at fuzs.nightconfigfixes.config.CheckedConfigFileTypeHandler.unload(CheckedConfigFileTypeHandler.java:137) ~[NightConfigFixes-v4.0.7-1.19.2-Forge.jar%23616!/:4.0.7]
	at net.minecraftforge.fml.config.ConfigTracker.closeConfig(ConfigTracker.java:70) ~[fmlcore-1.19.2-43.4.2.jar%23718!/:?]
	at net.minecraftforge.fml.config.ConfigTracker.lambda$unloadConfigs$2(ConfigTracker.java:55) ~[fmlcore-1.19.2-43.4.2.jar%23718!/:?]
	at java.lang.Iterable.forEach(Iterable.java:75) ~[?:?]
	at java.util.Collections$SynchronizedCollection.forEach(Collections.java:2132) ~[?:?]
	at net.minecraftforge.fml.config.ConfigTracker.unloadConfigs(ConfigTracker.java:55) ~[fmlcore-1.19.2-43.4.2.jar%23718!/:?]
	at net.minecraftforge.server.ServerLifecycleHooks.handleServerStopped(ServerLifecycleHooks.java:137) ~[forge-1.19.2-43.4.2-universal.jar%23722!/:?]
	at net.minecraft.server.MinecraftServer.m_130011_(MinecraftServer.java:690) ~[server-1.19.2-20220805.130853-srg.jar%23717!/:?]
	at net.minecraft.server.MinecraftServer.m_206580_(MinecraftServer.java:244) ~[server-1.19.2-20220805.130853-srg.jar%23717!/:?]
	at java.lang.Thread.run(Thread.java:840) [?:?]
[28Aug2026 00:24:40.436] [Server thread/ERROR] [fuzs.nightconfigfixes.config.CheckedConfigFileTypeHandler/]: Failed to remove config /workspaces/otro/servidor_minecraft/config/create-server.toml from tracker!
java.lang.NullPointerException: Cannot read field "watchedFileCount" because "watchedDir" is null
	at com.electronwill.nightconfig.core.file.FileWatcher.removeWatch(FileWatcher.java:134) ~[core-3.6.4.jar%2356!/:?]
	at fuzs.nightconfigfixes.config.CheckedConfigFileTypeHandler.unload(CheckedConfigFileTypeHandler.java:137) ~[NightConfigFixes-v4.0.7-1.19.2-Forge.jar%23616!/:4.0.7]
	at net.minecraftforge.fml.config.ConfigTracker.closeConfig(ConfigTracker.java:70) ~[fmlcore-1.19.2-43.4.2.jar%23718!/:?]
	at net.minecraftforge.fml.config.ConfigTracker.lambda$unloadConfigs$2(ConfigTracker.java:55) ~[fmlcore-1.19.2-43.4.2.jar%23718!/:?]
	at java.lang.Iterable.forEach(Iterable.java:75) ~[?:?]
	at java.util.Collections$SynchronizedCollection.forEach(Collections.java:2132) ~[?:?]
	at net.minecraftforge.fml.config.ConfigTracker.unloadConfigs(ConfigTracker.java:55) ~[fmlcore-1.19.2-43.4.2.jar%23718!/:?]
	at net.minecraftforge.server.ServerLifecycleHooks.handleServerStopped(ServerLifecycleHooks.java:137) ~[forge-1.19.2-43.4.2-universal.jar%23722!/:?]
	at net.minecraft.server.MinecraftServer.m_130011_(MinecraftServer.java:690) ~[server-1.19.2-20220805.130853-srg.jar%23717!/:?]
	at net.minecraft.server.MinecraftServer.m_206580_(MinecraftServer.java:244) ~[server-1.19.2-20220805.130853-srg.jar%23717!/:?]
	at java.lang.Thread.run(Thread.java:840) [?:?]
[28Aug2026 00:24:40.437] [Server thread/ERROR] [fuzs.nightconfigfixes.config.CheckedConfigFileTypeHandler/]: Failed to remove config /workspaces/otro/servidor_minecraft/config/easy_villagers-server.toml from tracker!
java.lang.NullPointerException: Cannot read field "watchedFileCount" because "watchedDir" is null
	at com.electronwill.nightconfig.core.file.FileWatcher.removeWatch(FileWatcher.java:134) ~[core-3.6.4.jar%2356!/:?]
	at fuzs.nightconfigfixes.config.CheckedConfigFileTypeHandler.unload(CheckedConfigFileTypeHandler.java:137) ~[NightConfigFixes-v4.0.7-1.19.2-Forge.jar%23616!/:4.0.7]
	at net.minecraftforge.fml.config.ConfigTracker.closeConfig(ConfigTracker.java:70) ~[fmlcore-1.19.2-43.4.2.jar%23718!/:?]
	at net.minecraftforge.fml.config.ConfigTracker.lambda$unloadConfigs$2(ConfigTracker.java:55) ~[fmlcore-1.19.2-43.4.2.jar%23718!/:?]
	at java.lang.Iterable.forEach(Iterable.java:75) ~[?:?]
	at java.util.Collections$SynchronizedCollection.forEach(Collections.java:2132) ~[?:?]
	at net.minecraftforge.fml.config.ConfigTracker.unloadConfigs(ConfigTracker.java:55) ~[fmlcore-1.19.2-43.4.2.jar%23718!/:?]
	at net.minecraftforge.server.ServerLifecycleHooks.handleServerStopped(ServerLifecycleHooks.java:137) ~[forge-1.19.2-43.4.2-universal.jar%23722!/:?]
	at net.minecraft.server.MinecraftServer.m_130011_(MinecraftServer.java:690) ~[server-1.19.2-20220805.130853-srg.jar%23717!/:?]
	at net.minecraft.server.MinecraftServer.m_206580_(MinecraftServer.java:244) ~[server-1.19.2-20220805.130853-srg.jar%23717!/:?]
	at java.lang.Thread.run(Thread.java:840) [?:?]
[28Aug2026 00:24:40.438] [Server thread/ERROR] [fuzs.nightconfigfixes.config.CheckedConfigFileTypeHandler/]: Failed to remove config /workspaces/otro/servidor_minecraft/config/yawp-common.toml from tracker!
java.lang.NullPointerException: Cannot read field "watchedFileCount" because "watchedDir" is null
	at com.electronwill.nightconfig.core.file.FileWatcher.removeWatch(FileWatcher.java:134) ~[core-3.6.4.jar%2356!/:?]
	at fuzs.nightconfigfixes.config.CheckedConfigFileTypeHandler.unload(CheckedConfigFileTypeHandler.java:137) ~[NightConfigFixes-v4.0.7-1.19.2-Forge.jar%23616!/:4.0.7]
	at net.minecraftforge.fml.config.ConfigTracker.closeConfig(ConfigTracker.java:70) ~[fmlcore-1.19.2-43.4.2.jar%23718!/:?]
	at net.minecraftforge.fml.config.ConfigTracker.lambda$unloadConfigs$2(ConfigTracker.java:55) ~[fmlcore-1.19.2-43.4.2.jar%23718!/:?]
	at java.lang.Iterable.forEach(Iterable.java:75) ~[?:?]
	at java.util.Collections$SynchronizedCollection.forEach(Collections.java:2132) ~[?:?]
	at net.minecraftforge.fml.config.ConfigTracker.unloadConfigs(ConfigTracker.java:55) ~[fmlcore-1.19.2-43.4.2.jar%23718!/:?]
	at net.minecraftforge.server.ServerLifecycleHooks.handleServerStopped(ServerLifecycleHooks.java:137) ~[forge-1.19.2-43.4.2-universal.jar%23722!/:?]
	at net.minecraft.server.MinecraftServer.m_130011_(MinecraftServer.java:690) ~[server-1.19.2-20220805.130853-srg.jar%23717!/:?]
	at net.minecraft.server.MinecraftServer.m_206580_(MinecraftServer.java:244) ~[server-1.19.2-20220805.130853-srg.jar%23717!/:?]
	at java.lang.Thread.run(Thread.java:840) [?:?]
[28Aug2026 00:24:40.439] [Server thread/ERROR] [fuzs.nightconfigfixes.config.CheckedConfigFileTypeHandler/]: Failed to remove config /workspaces/otro/servidor_minecraft/config/yawp-flags.toml from tracker!
java.lang.NullPointerException: Cannot read field "watchedFileCount" because "watchedDir" is null
	at com.electronwill.nightconfig.core.file.FileWatcher.removeWatch(FileWatcher.java:134) ~[core-3.6.4.jar%2356!/:?]
	at fuzs.nightconfigfixes.config.CheckedConfigFileTypeHandler.unload(CheckedConfigFileTypeHandler.java:137) ~[NightConfigFixes-v4.0.7-1.19.2-Forge.jar%23616!/:4.0.7]
	at net.minecraftforge.fml.config.ConfigTracker.closeConfig(ConfigTracker.java:70) ~[fmlcore-1.19.2-43.4.2.jar%23718!/:?]
	at net.minecraftforge.fml.config.ConfigTracker.lambda$unloadConfigs$2(ConfigTracker.java:55) ~[fmlcore-1.19.2-43.4.2.jar%23718!/:?]
	at java.lang.Iterable.forEach(Iterable.java:75) ~[?:?]
	at java.util.Collections$SynchronizedCollection.forEach(Collections.java:2132) ~[?:?]
	at net.minecraftforge.fml.config.ConfigTracker.unloadConfigs(ConfigTracker.java:55) ~[fmlcore-1.19.2-43.4.2.jar%23718!/:?]
	at net.minecraftforge.server.ServerLifecycleHooks.handleServerStopped(ServerLifecycleHooks.java:137) ~[forge-1.19.2-43.4.2-universal.jar%23722!/:?]
	at net.minecraft.server.MinecraftServer.m_130011_(MinecraftServer.java:690) ~[server-1.19.2-20220805.130853-srg.jar%23717!/:?]
	at net.minecraft.server.MinecraftServer.m_206580_(MinecraftServer.java:244) ~[server-1.19.2-20220805.130853-srg.jar%23717!/:?]
	at java.lang.Thread.run(Thread.java:840) [?:?]
[28Aug2026 00:24:40.439] [Server thread/ERROR] [fuzs.nightconfigfixes.config.CheckedConfigFileTypeHandler/]: Failed to remove config /workspaces/otro/servidor_minecraft/config/yawp-region-defaults.toml from tracker!
java.lang.NullPointerException: Cannot read field "watchedFileCount" because "watchedDir" is null
	at com.electronwill.nightconfig.core.file.FileWatcher.removeWatch(FileWatcher.java:134) ~[core-3.6.4.jar%2356!/:?]
	at fuzs.nightconfigfixes.config.CheckedConfigFileTypeHandler.unload(CheckedConfigFileTypeHandler.java:137) ~[NightConfigFixes-v4.0.7-1.19.2-Forge.jar%23616!/:4.0.7]
	at net.minecraftforge.fml.config.ConfigTracker.closeConfig(ConfigTracker.java:70) ~[fmlcore-1.19.2-43.4.2.jar%23718!/:?]
	at net.minecraftforge.fml.config.ConfigTracker.lambda$unloadConfigs$2(ConfigTracker.java:55) ~[fmlcore-1.19.2-43.4.2.jar%23718!/:?]
	at java.lang.Iterable.forEach(Iterable.java:75) ~[?:?]
	at java.util.Collections$SynchronizedCollection.forEach(Collections.java:2132) ~[?:?]
	at net.minecraftforge.fml.config.ConfigTracker.unloadConfigs(ConfigTracker.java:55) ~[fmlcore-1.19.2-43.4.2.jar%23718!/:?]
	at net.minecraftforge.server.ServerLifecycleHooks.handleServerStopped(ServerLifecycleHooks.java:137) ~[forge-1.19.2-43.4.2-universal.jar%23722!/:?]
	at net.minecraft.server.MinecraftServer.m_130011_(MinecraftServer.java:690) ~[server-1.19.2-20220805.130853-srg.jar%23717!/:?]
	at net.minecraft.server.MinecraftServer.m_206580_(MinecraftServer.java:244) ~[server-1.19.2-20220805.130853-srg.jar%23717!/:?]
	at java.lang.Thread.run(Thread.java:840) [?:?]
[28Aug2026 00:24:40.453] [Server thread/ERROR] [fuzs.nightconfigfixes.config.CheckedConfigFileTypeHandler/]: Failed to remove config /workspaces/otro/servidor_minecraft/config/irons_spellbooks-server.toml from tracker!
java.lang.NullPointerException: Cannot read field "watchedFileCount" because "watchedDir" is null
	at com.electronwill.nightconfig.core.file.FileWatcher.removeWatch(FileWatcher.java:134) ~[core-3.6.4.jar%2356!/:?]
	at fuzs.nightconfigfixes.config.CheckedConfigFileTypeHandler.unload(CheckedConfigFileTypeHandler.java:137) ~[NightConfigFixes-v4.0.7-1.19.2-Forge.jar%23616!/:4.0.7]
	at net.minecraftforge.fml.config.ConfigTracker.closeConfig(ConfigTracker.java:70) ~[fmlcore-1.19.2-43.4.2.jar%23718!/:?]
	at net.minecraftforge.fml.config.ConfigTracker.lambda$unloadConfigs$2(ConfigTracker.java:55) ~[fmlcore-1.19.2-43.4.2.jar%23718!/:?]
	at java.lang.Iterable.forEach(Iterable.java:75) ~[?:?]
	at java.util.Collections$SynchronizedCollection.forEach(Collections.java:2132) ~[?:?]
	at net.minecraftforge.fml.config.ConfigTracker.unloadConfigs(ConfigTracker.java:55) ~[fmlcore-1.19.2-43.4.2.jar%23718!/:?]
	at net.minecraftforge.server.ServerLifecycleHooks.handleServerStopped(ServerLifecycleHooks.java:137) ~[forge-1.19.2-43.4.2-universal.jar%23722!/:?]
	at net.minecraft.server.MinecraftServer.m_130011_(MinecraftServer.java:690) ~[server-1.19.2-20220805.130853-srg.jar%23717!/:?]
	at net.minecraft.server.MinecraftServer.m_206580_(MinecraftServer.java:244) ~[server-1.19.2-20220805.130853-srg.jar%23717!/:?]
	at java.lang.Thread.run(Thread.java:840) [?:?]
